college_code,college_name,major_group_code,subject_requirement,min_score,source_image,status,batch_file,min_score_num,estimated_cumulative_rank_from_score_distribution,rank_source,rank_status
1002,福建技术师范学院,999,不限选考科目,498,p01.jpg,ocr_vision_v1,p01.jpg,498,15098,qianwen_2025_history,exact_match
1004,福建江夏学院,999,不限选考科目,512,p01.jpg,ocr_vision_v1,p01.jpg,512,12576,qianwen_2025_history,exact_match
1005,福建江夏学院（国际课程项目）,999,不限选考科目,476,p01.jpg,ocr_vision_v1,p01.jpg,476,19668,qianwen_2025_history,exact_match
1006,福建江夏学院（闽台合作）,999,不限选考科目,508,p01.jpg,ocr_vision_v1,p01.jpg,508,13247,qianwen_2025_history,exact_match
1008,福建警察学院,999,不限选考科目,532,p01.jpg,ocr_vision_v1,p01.jpg,532,9285,qianwen_2025_history,exact_match
1030,福建理工大学,999,不限选考科目,515,p01.jpg,ocr_vision_v1,p01.jpg,515,12078,qianwen_2025_history,exact_match
1033,福建农林大学,600,选考生物学,538,p01.jpg,ocr_vision_v1,p01.jpg,538,8378,qianwen_2025_history,exact_match
1033,福建农林大学,999,不限选考科目,543,p01.jpg,ocr_vision_v1,p01.jpg,543,7662,qianwen_2025_history,exact_match
1051,福建农林大学（闽台合作）,999,不限选考科目,532,p01.jpg,ocr_vision_v1,p01.jpg,532,9285,qianwen_2025_history,exact_match
1052,福建农林大学（中外合作）,999,不限选考科目,497,p01.jpg,ocr_vision_v1,p01.jpg,497,15286,qianwen_2025_history,exact_match
1053,福建农林大学金山学院,999,不限选考科目,470,p01.jpg,ocr_vision_v1,p01.jpg,470,20965,qianwen_2025_history,exact_match
1054,福建农林大学金山学院（闽台合作）,999,不限选考科目,467,p01.jpg,ocr_vision_v1,p01.jpg,467,21665,qianwen_2025_history,exact_match
1055,福建农林大学金山学院（中外合作）,999,不限选考科目,459,p01.jpg,ocr_vision_v1,p01.jpg,459,23453,qianwen_2025_history,exact_match
1056,福建商学院,999,不限选考科目,491,p01.jpg,ocr_vision_v1,p01.jpg,491,16465,qianwen_2025_history,exact_match
1058,福建商学院（闽台合作）,999,不限选考科目,475,p01.jpg,ocr_vision_v1,p01.jpg,475,19889,qianwen_2025_history,exact_match
1059,福建师范大学,900,选考地理,578,p01.jpg,ocr_vision_v1,p01.jpg,578,3597,qianwen_2025_history,exact_match
1059,福建师范大学,999,不限选考科目,568,p01.jpg,ocr_vision_v1,p01.jpg,568,4577,qianwen_2025_history,exact_match
1070,福建师范大学（闽台合作）,999,不限选考科目,534,p01.jpg,ocr_vision_v1,p01.jpg,534,8965,qianwen_2025_history,exact_match
1075,福建师范大学协和学院,999,不限选考科目,473,p01.jpg,ocr_vision_v1,p01.jpg,473,20340,qianwen_2025_history,exact_match
1076,福建师范大学协和学院（国际课程项目）,999,不限选考科目,463,p01.jpg,ocr_vision_v1,p01.jpg,463,22579,qianwen_2025_history,exact_match
1078,福建医科大学,999,不限选考科目,540,p01.jpg,ocr_vision_v1,p01.jpg,540,8090,qianwen_2025_history,exact_match
1085,福建中医药大学,600,选考生物学,564,p01.jpg,ocr_vision_v1,p01.jpg,564,5010,qianwen_2025_history,exact_match
1085,福建中医药大学,999,不限选考科目,522,p01.jpg,ocr_vision_v1,p01.jpg,522,10821,qianwen_2025_history,exact_match
1091,福建中医药大学（闽台合作）,999,不限选考科目,504,p01.jpg,ocr_vision_v1,p01.jpg,504,14035,qianwen_2025_history,exact_match
1093,福州大学,900,选考地理,593,p01.jpg,ocr_vision_v1,p01.jpg,593,2250,qianwen_2025_history,exact_match
1093,福州大学,999,不限选考科目,592,p01.jpg,ocr_vision_v1,p01.jpg,592,2338,qianwen_2025_history,exact_match
1098,福州大学（闽台合作）,999,不限选考科目,567,p01.jpg,ocr_vision_v1,p01.jpg,567,4695,qianwen_2025_history,exact_match
1100,福州大学至诚学院,999,不限选考科目,477,p01.jpg,ocr_vision_v1,p01.jpg,477,19441,qianwen_2025_history,exact_match
1101,福州工商学院,999,不限选考科目,450,p02.jpg,ocr_vision_v1,p02.jpg,450,25562,qianwen_2025_history,exact_match
1102,福州理工学院,999,不限选考科目,450,p02.jpg,ocr_vision_v1,p02.jpg,450,25562,qianwen_2025_history,exact_match
1103,福州外语外贸学院,999,不限选考科目,455,p02.jpg,ocr_vision_v1,p02.jpg,455,24376,qianwen_2025_history,exact_match
1105,华侨大学,700,选考思想政治,561,p02.jpg,ocr_vision_v1,p02.jpg,561,5349,qianwen_2025_history,exact_match
1105,华侨大学,999,不限选考科目,546,p02.jpg,ocr_vision_v1,p02.jpg,546,7235,qianwen_2025_history,exact_match
1107,华侨大学（面向泉州）,700,选考思想政治,562,p02.jpg,ocr_vision_v1,p02.jpg,562,5243,qianwen_2025_history,exact_match
1107,华侨大学（面向泉州）,999,不限选考科目,545,p02.jpg,ocr_vision_v1,p02.jpg,545,7374,qianwen_2025_history,exact_match
1108,华侨大学（面向泉州，中外联培项目）,999,不限选考科目,481,p02.jpg,ocr_vision_v1,p02.jpg,481,18606,qianwen_2025_history,exact_match
1109,华侨大学（面向厦门）,700,选考思想政治,561,p02.jpg,ocr_vision_v1,p02.jpg,561,5349,qianwen_2025_history,exact_match
1109,华侨大学（面向厦门）,999,不限选考科目,542,p02.jpg,ocr_vision_v1,p02.jpg,542,7829,qianwen_2025_history,exact_match
1110,华侨大学（面向厦门，中外联培项目）,999,不限选考科目,495,p02.jpg,ocr_vision_v1,p02.jpg,495,15677,qianwen_2025_history,exact_match
1111,集美大学,999,不限选考科目,544,p02.jpg,ocr_vision_v1,p02.jpg,544,7522,qianwen_2025_history,exact_match
1113,集美大学（面向厦门）,999,不限选考科目,544,p02.jpg,ocr_vision_v1,p02.jpg,544,7522,qianwen_2025_history,exact_match
1114,集美大学诚毅学院,999,不限选考科目,482,p02.jpg,ocr_vision_v1,p02.jpg,482,18365,qianwen_2025_history,exact_match
1116,集美大学(面向厦门),002,,435,,ocr_extracted,,,286,ocr_2025_vocational,extracted
1116,集美大学(面向厦门),004,,400,,ocr_extracted,,,238,ocr_2025_vocational,extracted
1116,集美大学(面向厦门),006,,426,,ocr_extracted,,,273,ocr_2025_vocational,extracted
1116,集美大学(面向厦门),008,,421,,ocr_extracted,,,275,ocr_2025_vocational,extracted
1116,集美大学(面向厦门),010,,424,,ocr_extracted,,,310,ocr_2025_vocational,extracted
1116,集美大学(面向厦门),011,,431,,ocr_extracted,,,249,ocr_2025_vocational,extracted
1116,集美大学(面向厦门),012,,435,,ocr_extracted,,,286,ocr_2025_vocational,extracted
1116,集美大学(面向厦门),013,,401,,ocr_extracted,,,242,ocr_2025_vocational,extracted
1116,集美大学(面向厦门),014,,433,,ocr_extracted,,,303,ocr_2025_vocational,extracted
1116,集美大学(面向厦门),016,,440,,ocr_extracted,,,283,ocr_2025_vocational,extracted
1116,集美大学(面向厦门),019,,445,,ocr_extracted,,,315,ocr_2025_vocational,extracted
1116,集美大学(面向厦门),020,,419,,ocr_extracted,,,286,ocr_2025_vocational,extracted
1116,集美大学(面向厦门),021,,428,,ocr_extracted,,,286,ocr_2025_vocational,extracted
1116,集美大学(面向厦门),022,,415,,ocr_extracted,,,279,ocr_2025_vocational,extracted
1116,集美大学(面向厦门),023,,420,,ocr_extracted,,,283,ocr_2025_vocational,extracted
1116,集美大学(面向厦门),024,,408,,ocr_extracted,,,268,ocr_2025_vocational,extracted
1116,集美大学(面向厦门),025,,403,,ocr_extracted,,,267,ocr_2025_vocational,extracted
1116,集美大学(面向厦门),026,,424,,ocr_extracted,,,310,ocr_2025_vocational,extracted
1116,集美大学(面向厦门),027,,429,,ocr_extracted,,,267,ocr_2025_vocational,extracted
1116,集美大学(面向厦门),028,,422,,ocr_extracted,,,272,ocr_2025_vocational,extracted
1119,龙岩学院,999,不限选考科目,497,p02.jpg,ocr_vision_v1,p02.jpg,497,15286,qianwen_2025_history,exact_match
1120,龙岩学院（面向龙岩）,999,不限选考科目,486,p02.jpg,ocr_vision_v1,p02.jpg,486,17496,qianwen_2025_history,exact_match
1121,闽江学院,900,选考地理,521,p02.jpg,ocr_vision_v1,p02.jpg,521,11007,qianwen_2025_history,exact_match
1121,闽江学院,999,不限选考科目,527,p02.jpg,ocr_vision_v1,p02.jpg,527,10018,qianwen_2025_history,exact_match
1122,闽江学院（面向福州）,999,不限选考科目,512,p02.jpg,ocr_vision_v1,p02.jpg,512,12576,qianwen_2025_history,exact_match
1123,闽江学院（闽台合作）,999,不限选考科目,504,p02.jpg,ocr_vision_v1,p02.jpg,504,14035,qianwen_2025_history,exact_match
1124,闽江学院（新华都商学院）,999,不限选考科目,533,p02.jpg,ocr_vision_v1,p02.jpg,533,9118,qianwen_2025_history,exact_match
1126,闽南科技学院,999,不限选考科目,453,p02.jpg,ocr_vision_v1,p02.jpg,453,24878,qianwen_2025_history,exact_match
1127,闽南理工学院,999,不限选考科目,452,p02.jpg,ocr_vision_v1,p02.jpg,452,25117,qianwen_2025_history,exact_match
1128,闽南师范大学,600,选考生物学,494,p02.jpg,ocr_vision_v1,p02.jpg,494,15873,qianwen_2025_history,exact_match
1128,闽南师范大学,700,选考思想政治,541,p02.jpg,ocr_vision_v1,p02.jpg,541,7972,qianwen_2025_history,exact_match
1128,闽南师范大学,999,不限选考科目,521,p02.jpg,ocr_vision_v1,p02.jpg,521,11007,qianwen_2025_history,exact_match
1129,闽南师范大学（闽台合作）,999,不限选考科目,500,p02.jpg,ocr_vision_v1,p02.jpg,500,14732,qianwen_2025_history,exact_match
1130,闽南师范大学（中高计划1）,999,不限选考科目,461,p02.jpg,ocr_vision_v1,p02.jpg,461,23022,qianwen_2025_history,exact_match
1131,闽师范大学（中高计划2）,999,不限选考科目,466,p03.jpg,ocr_vision_v1,p03.jpg,466,21897,qianwen_2025_history,exact_match
1134,宁德师范学院,600,选考生物学,493,p03.jpg,ocr_vision_v1,p03.jpg,493,16064,qianwen_2025_history,exact_match
1134,宁德师范学院,999,不限选考科目,492,p03.jpg,ocr_vision_v1,p03.jpg,492,16258,qianwen_2025_history,exact_match
1135,宁德师范学院（面向宁德）,600,选考生物学,478,p03.jpg,ocr_vision_v1,p03.jpg,478,19228,qianwen_2025_history,exact_match
1135,宁德师范学院（面向宁德）,999,不限选考科目,475,p03.jpg,ocr_vision_v1,p03.jpg,475,19889,qianwen_2025_history,exact_match
1136,宁德师范学院（闽台合作）,999,不限选考科目,471,p03.jpg,ocr_vision_v1,p03.jpg,471,20756,qianwen_2025_history,exact_match
1137,莆田学院,999,不限选考科目,508,p03.jpg,ocr_vision_v1,p03.jpg,508,13247,qianwen_2025_history,exact_match
1143,莆田学院（面向莆田）,999,不限选考科目,504,p03.jpg,ocr_vision_v1,p03.jpg,504,14035,qianwen_2025_history,exact_match
1146,莆田学院（中外合作）,999,不限选考科目,479,p03.jpg,ocr_vision_v1,p03.jpg,479,19014,qianwen_2025_history,exact_match
1147,泉州师范学院,900,选考地理,512,p03.jpg,ocr_vision_v1,p03.jpg,512,12576,qianwen_2025_history,exact_match
1147,泉州师范学院,999,不限选考科目,510,p03.jpg,ocr_vision_v1,p03.jpg,510,12894,qianwen_2025_history,exact_match
1149,泉州师范学院（面向泉州）,900,选考地理,519,p03.jpg,ocr_vision_v1,p03.jpg,519,11356,qianwen_2025_history,exact_match
1149,泉州师范学院（面向泉州）,999,不限选考科目,516,p03.jpg,ocr_vision_v1,p03.jpg,516,11895,qianwen_2025_history,exact_match
1150,泉州师范学院（闽台合作）,999,不限选考科目,483,p03.jpg,ocr_vision_v1,p03.jpg,483,18114,qianwen_2025_history,exact_match
1152,泉州信息工程学院,999,不限选考科目,464,p03.jpg,ocr_vision_v1,p03.jpg,464,22376,qianwen_2025_history,exact_match
1154,泉州职业技术大学,999,不限选考科目,450,p03.jpg,ocr_vision_v1,p03.jpg,450,25562,qianwen_2025_history,exact_match
1155,三明学院,999,不限选考科目,505,p03.jpg,ocr_vision_v1,p03.jpg,505,13835,qianwen_2025_history,exact_match
1159,三明学院（国际课程项目）,999,不限选考科目,477,p03.jpg,ocr_vision_v1,p03.jpg,477,19441,qianwen_2025_history,exact_match
1160,三明学院（面向三明）,999,不限选考科目,494,p03.jpg,ocr_vision_v1,p03.jpg,494,15873,qianwen_2025_history,exact_match
1161,三明学院（闽台合作）,999,不限选考科目,499,p03.jpg,ocr_vision_v1,p03.jpg,499,14911,qianwen_2025_history,exact_match
1162,武夷学院,999,不限选考科目,491,p03.jpg,ocr_vision_v1,p03.jpg,491,16465,qianwen_2025_history,exact_match
1166,武夷学院（面向南平）,999,不限选考科目,487,p03.jpg,ocr_vision_v1,p03.jpg,487,17282,qianwen_2025_history,exact_match
1167,武夷学院（闽台合作）,999,不限选考科目,470,p03.jpg,ocr_vision_v1,p03.jpg,470,20965,qianwen_2025_history,exact_match
1168,厦门大学,700,选考思想政治,615,p03.jpg,ocr_vision_v1,p03.jpg,615,935,qianwen_2025_history,exact_match
1168,厦门大学,999,不限选考科目,617,p03.jpg,ocr_vision_v1,p03.jpg,617,851,qianwen_2025_history,exact_match
1169,厦门大学（马来西亚分校）,999,不限选考科目,588,p03.jpg,ocr_vision_v1,p03.jpg,588,2672,qianwen_2025_history,exact_match
1170,厦门大学（面向厦门）,999,不限选考科目,611,p03.jpg,ocr_vision_v1,p03.jpg,611,1134,qianwen_2025_history,exact_match
1171,厦门大学（面向漳州）,999,不限选考科目,608,p03.jpg,ocr_vision_v1,p03.jpg,608,1276,qianwen_2025_history,exact_match
1174,厦门大学嘉庚学院,999,不限选考科目,483,p04.jpg,ocr_vision_v1,p04.jpg,483,18114,qianwen_2025_history,exact_match
1175,厦门工学院,999,不限选考科目,450,p04.jpg,ocr_vision_v1,p04.jpg,450,25562,qianwen_2025_history,exact_match
1176,厦门华厦学院,999,不限选考科目,450,p04.jpg,ocr_vision_v1,p04.jpg,450,25562,qianwen_2025_history,exact_match
1177,厦门理工学院,999,不限选考科目,518,p04.jpg,ocr_vision_v1,p04.jpg,518,11536,qianwen_2025_history,exact_match
1178,厦门理工学院（国际课程项目）,999,不限选考科目,497,p04.jpg,ocr_vision_v1,p04.jpg,497,15286,qianwen_2025_history,exact_match
1179,厦门理工学院（面向厦门）,999,不限选考科目,516,p04.jpg,ocr_vision_v1,p04.jpg,516,11895,qianwen_2025_history,exact_match
1180,厦门理工学院（面向厦门，影视摄影与制作）,999,不限选考科目,506,p04.jpg,ocr_vision_v1,p04.jpg,506,13640,qianwen_2025_history,exact_match
1181,厦门理工学院（闽台合作）,999,不限选考科目,504,p04.jpg,ocr_vision_v1,p04.jpg,504,14035,qianwen_2025_history,exact_match
1182,厦门理工学院（闽台合作，面向厦门）,999,不限选考科目,504,p04.jpg,ocr_vision_v1,p04.jpg,504,14035,qianwen_2025_history,exact_match
1183,厦门理工学院（影视摄影与制作）,999,不限选考科目,499,p04.jpg,ocr_vision_v1,p04.jpg,499,14911,qianwen_2025_history,exact_match
1184,厦门医学院,600,选考生物学,513,p04.jpg,ocr_vision_v1,p04.jpg,513,12412,qianwen_2025_history,exact_match
1189,仰恩大学,999,不限选考科目,462,p04.jpg,ocr_vision_v1,p04.jpg,462,22810,qianwen_2025_history,exact_match
1190,阳光学院,999,不限选考科目,450,p04.jpg,ocr_vision_v1,p04.jpg,450,25562,qianwen_2025_history,exact_match
2192,安徽财经大学,999,不限选考科目,530,p04.jpg,ocr_vision_v1,p04.jpg,530,9584,qianwen_2025_history,exact_match
2193,安徽大学,700,选考思想政治,589,p04.jpg,ocr_vision_v1,p04.jpg,589,2592,qianwen_2025_history,exact_match
2193,安徽大学,999,不限选考科目,585,p04.jpg,ocr_vision_v1,p04.jpg,585,2932,qianwen_2025_history,exact_match
2197,安徽工业大学,999,不限选考科目,535,p04.jpg,ocr_vision_v1,p04.jpg,535,8809,qianwen_2025_history,exact_match
2198,安徽建筑大学,999,不限选考科目,522,p04.jpg,ocr_vision_v1,p04.jpg,522,10821,qianwen_2025_history,exact_match
2202,安徽农业大学,999,不限选考科目,538,p04.jpg,ocr_vision_v1,p04.jpg,538,8378,qianwen_2025_history,exact_match
2203,安徽师范大学,900,选考地理,561,p04.jpg,ocr_vision_v1,p04.jpg,561,5349,qianwen_2025_history,exact_match
2203,安徽师范大学,999,不限选考科目,522,p04.jpg,ocr_vision_v1,p04.jpg,522,10821,qianwen_2025_history,exact_match
2204,安徽外国语学院,999,不限选考科目,455,p04.jpg,ocr_vision_v1,p04.jpg,455,24376,qianwen_2025_history,exact_match
2206,安徽信息工程学院,999,不限选考科目,451,p04.jpg,ocr_vision_v1,p04.jpg,451,25344,qianwen_2025_history,exact_match
2210,安徽中医药大学,999,不限选考科目,577,p04.jpg,ocr_vision_v1,p04.jpg,577,3694,qianwen_2025_history,exact_match
2211,安康学院,999,不限选考科目,483,p04.jpg,ocr_vision_v1,p04.jpg,483,18114,qianwen_2025_history,exact_match
2212,安庆师范大学,999,不限选考科目,506,p04.jpg,ocr_vision_v1,p04.jpg,506,13640,qianwen_2025_history,exact_match
2214,鞍山师范学院,700,选考思想政治,495,p04.jpg,ocr_vision_v1,p04.jpg,495,15677,qianwen_2025_history,exact_match
2214,鞍山师范学院,999,不限选考科目,503,p04.jpg,ocr_vision_v1,p04.jpg,503,14221,qianwen_2025_history,exact_match
2215,安顺学院,700,选考思想政治,483,p05.jpg,ocr_vision_v1,p05.jpg,483,18114,qianwen_2025_history,exact_match
2215,安顺学院,999,不限选考科目,466,p05.jpg,ocr_vision_v1,p05.jpg,466,21897,qianwen_2025_history,exact_match
2216,安阳工学院,999,不限选考科目,484,p05.jpg,ocr_vision_v1,p05.jpg,484,17924,qianwen_2025_history,exact_match
2218,安阳师范学院,700,选考思想政治,513,p05.jpg,ocr_vision_v1,p05.jpg,513,12412,qianwen_2025_history,exact_match
2218,安阳师范学院,900,选考地理,507,p05.jpg,ocr_vision_v1,p05.jpg,507,13459,qianwen_2025_history,exact_match
2218,安阳师范学院,999,不限选考科目,495,p05.jpg,ocr_vision_v1,p05.jpg,495,15677,qianwen_2025_history,exact_match
2219,白城师范学院,999,不限选考科目,480,p05.jpg,ocr_vision_v1,p05.jpg,480,18810,qianwen_2025_history,exact_match
2220,白城师范学院（中外合作）,999,不限选考科目,451,p05.jpg,ocr_vision_v1,p05.jpg,451,25344,qianwen_2025_history,exact_match
2221,百色学院,900,选考地理,482,p05.jpg,ocr_vision_v1,p05.jpg,482,18365,qianwen_2025_history,exact_match
2221,百色学院,999,不限选考科目,483,p05.jpg,ocr_vision_v1,p05.jpg,483,18114,qianwen_2025_history,exact_match
2222,蚌埠工商学院,999,不限选考科目,467,p05.jpg,ocr_vision_v1,p05.jpg,467,21665,qianwen_2025_history,exact_match
2226,保定学院,700,选考思想政治,504,p05.jpg,ocr_vision_v1,p05.jpg,504,14035,qianwen_2025_history,exact_match
2226,保定学院,900,选考地理,504,p05.jpg,ocr_vision_v1,p05.jpg,504,14035,qianwen_2025_history,exact_match
2226,保定学院,999,不限选考科目,489,p05.jpg,ocr_vision_v1,p05.jpg,489,16866,qianwen_2025_history,exact_match
2227,宝鸡文理学院,999,不限选考科目,482,p05.jpg,ocr_vision_v1,p05.jpg,482,18365,qianwen_2025_history,exact_match
2228,北部湾大学,999,不限选考科目,487,p05.jpg,ocr_vision_v1,p05.jpg,487,17282,qianwen_2025_history,exact_match
2230,北方工业大学,999,不限选考科目,552,p05.jpg,ocr_vision_v1,p05.jpg,552,6461,qianwen_2025_history,exact_match
2232,北方民族大学,700,选考思想政治,525,p05.jpg,ocr_vision_v1,p05.jpg,525,10316,qianwen_2025_history,exact_match
2232,北方民族大学,999,不限选考科目,498,p05.jpg,ocr_vision_v1,p05.jpg,498,15098,qianwen_2025_history,exact_match
2234,北海艺术设计学院,999,不限选考科目,450,p05.jpg,ocr_vision_v1,p05.jpg,450,25562,qianwen_2025_history,exact_match
2235,北华大学,999,不限选考科目,476,p05.jpg,ocr_vision_v1,p05.jpg,476,19668,qianwen_2025_history,exact_match
2238,北华航天工业学院,999,不限选考科目,488,p05.jpg,ocr_vision_v1,p05.jpg,488,17086,qianwen_2025_history,exact_match
2239,北京城市学院,999,不限选考科目,477,p05.jpg,ocr_vision_v1,p05.jpg,477,19441,qianwen_2025_history,exact_match
2240,北京大学,999,不限选考科目,665,p05.jpg,ocr_vision_v1,p05.jpg,665,27,qianwen_2025_history,exact_match
2241,北京大学医学部,999,不限选考科目,660,p05.jpg,ocr_vision_v1,p05.jpg,660,38,qianwen_2025_history,exact_match
2242,北京第二外国语学院,999,不限选考科目,560,p05.jpg,ocr_vision_v1,p05.jpg,560,5475,qianwen_2025_history,exact_match
2243,北京电影学院,999,不限选考科目,578,p05.jpg,ocr_vision_v1,p05.jpg,578,3597,qianwen_2025_history,exact_match
2244,北京电影学院（广播电视编导）,999,不限选考科目,595,p05.jpg,ocr_vision_v1,p05.jpg,595,2087,qianwen_2025_history,exact_match
2249,北京工商大学,999,不限选考科目,585,p06.jpg,ocr_vision_v1,p06.jpg,585,2932,qianwen_2025_history,exact_match
2252,北京工业大学耿丹学院,999,不限选考科目,461,p06.jpg,ocr_vision_v1,p06.jpg,461,23022,qianwen_2025_history,exact_match
2253,北京航空航天大学,999,不限选考科目,624,p06.jpg,ocr_vision_v1,p06.jpg,624,598,qianwen_2025_history,exact_match
2255,北京化工大学,999,不限选考科目,590,p06.jpg,ocr_vision_v1,p06.jpg,590,2495,qianwen_2025_history,exact_match
2261,北京交通大学,999,不限选考科目,602,p06.jpg,ocr_vision_v1,p06.jpg,602,1631,qianwen_2025_history,exact_match
2267,北京交通大学（威海校区）,999,不限选考科目,572,p06.jpg,ocr_vision_v1,p06.jpg,572,4198,qianwen_2025_history,exact_match
2268,北京科技大学,999,不限选考科目,598,p06.jpg,ocr_vision_v1,p06.jpg,598,1883,qianwen_2025_history,exact_match
2271,北京科技大学天津学院,999,不限选考科目,472,p06.jpg,ocr_vision_v1,p06.jpg,472,20545,qianwen_2025_history,exact_match
2272,北京理工大学,999,不限选考科目,613,p06.jpg,ocr_vision_v1,p06.jpg,613,1041,qianwen_2025_history,exact_match
2275,北京联合大学,999,不限选考科目,537,p06.jpg,ocr_vision_v1,p06.jpg,537,8521,qianwen_2025_history,exact_match
2276,北京林业大学,600,选考生物学,582,p06.jpg,ocr_vision_v1,p06.jpg,582,3204,qianwen_2025_history,exact_match
2276,北京林业大学,900,选考地理,588,p06.jpg,ocr_vision_v1,p06.jpg,588,2672,qianwen_2025_history,exact_match
2277,北京林业大学（历史组1）,999,不限选考科目,583,p06.jpg,ocr_vision_v1,p06.jpg,583,3105,qianwen_2025_history,exact_match
2278,北京林业大学（历史组2）,999,不限选考科目,591,p06.jpg,ocr_vision_v1,p06.jpg,591,2421,qianwen_2025_history,exact_match
2283,北京师范大学,700,选考思想政治,635,p06.jpg,ocr_vision_v1,p06.jpg,635,304,qianwen_2025_history,exact_match
2283,北京师范大学,999,不限选考科目,630,p06.jpg,ocr_vision_v1,p06.jpg,630,416,qianwen_2025_history,exact_match
2285,北京师范大学（珠海校区）,999,不限选考科目,623,p06.jpg,ocr_vision_v1,p06.jpg,623,629,qianwen_2025_history,exact_match
2286,北京石油化工学院,999,不限选考科目,524,p06.jpg,ocr_vision_v1,p06.jpg,524,10480,qianwen_2025_history,exact_match
2287,北京体育大学,700,选考思想政治,588,p06.jpg,ocr_vision_v1,p06.jpg,588,2672,qianwen_2025_history,exact_match
2287,北京体育大学,999,不限选考科目,580,p06.jpg,ocr_vision_v1,p06.jpg,580,3408,qianwen_2025_history,exact_match
2288,北京体育大学（中外合作）,999,不限选考科目,516,p06.jpg,ocr_vision_v1,p06.jpg,516,11895,qianwen_2025_history,exact_match
2289,北京外国语大学,700,选考思想政治,605,p06.jpg,ocr_vision_v1,p06.jpg,605,1435,qianwen_2025_history,exact_match
2289,北京外国语大学,999,不限选考科目,607,p06.jpg,ocr_vision_v1,p06.jpg,607,1317,qianwen_2025_history,exact_match
2290,北京外国语大学（中外合作）,700,选考思想政治,583,p06.jpg,ocr_vision_v1,p06.jpg,583,3105,qianwen_2025_history,exact_match
2293,北京物资学院,999,不限选考科目,533,p06.jpg,ocr_vision_v1,p06.jpg,533,9118,qianwen_2025_history,exact_match
2297,北京印刷学院,999,不限选考科目,551,p06.jpg,ocr_vision_v1,p06.jpg,551,6596,qianwen_2025_history,exact_match
2302,北京语言大学,700,选考思想政治,579,p06.jpg,ocr_vision_v1,p06.jpg,579,3501,qianwen_2025_history,exact_match
2302,北京语言大学,999,不限选考科目,582,p06.jpg,ocr_vision_v1,p06.jpg,582,3204,qianwen_2025_history,exact_match
2303,北京语言大学（中外合作）,999,不限选考科目,510,p07.jpg,ocr_vision_v1,p07.jpg,510,12894,qianwen_2025_history,exact_match
2304,北京中医药大学,999,不限选考科目,591,p07.jpg,ocr_vision_v1,p07.jpg,591,2421,qianwen_2025_history,exact_match
2305,北京中医药大学东方学院,500,选考化学,,p07.jpg,ocr_vision_v1,p07.jpg,,,qianwen_2025_history,no_min_score
2305,北京中医药大学东方学院,600,选考生物学,451,p07.jpg,ocr_vision_v1,p07.jpg,451,25344,qianwen_2025_history,exact_match
2305,北京中医药大学东方学院,999,不限选考科目,491,p07.jpg,ocr_vision_v1,p07.jpg,491,16465,qianwen_2025_history,exact_match
2306,北师香港浸会大学,999,不限选考科目,539,p07.jpg,ocr_vision_v1,p07.jpg,539,8243,qianwen_2025_history,exact_match
2307,滨州医学院,999,不限选考科目,484,p07.jpg,ocr_vision_v1,p07.jpg,484,17924,qianwen_2025_history,exact_match
2308,渤海大学,999,不限选考科目,507,p07.jpg,ocr_vision_v1,p07.jpg,507,13459,qianwen_2025_history,exact_match
2309,渤海大学（日语）,999,不限选考科目,466,p07.jpg,ocr_vision_v1,p07.jpg,466,21897,qianwen_2025_history,exact_match
2311,沧州交通学院,999,不限选考科目,451,p07.jpg,ocr_vision_v1,p07.jpg,451,25344,qianwen_2025_history,exact_match
2312,沧州师范学院,999,不限选考科目,481,p07.jpg,ocr_vision_v1,p07.jpg,481,18606,qianwen_2025_history,exact_match
2313,长安大学,999,不限选考科目,580,p07.jpg,ocr_vision_v1,p07.jpg,580,3408,qianwen_2025_history,exact_match
2316,长春财经学院,999,不限选考科目,450,p07.jpg,ocr_vision_v1,p07.jpg,450,25562,qianwen_2025_history,exact_match
2317,长春大学,999,不限选考科目,484,p07.jpg,ocr_vision_v1,p07.jpg,484,17924,qianwen_2025_history,exact_match
2318,长春大学（中俄）,999,不限选考科目,,p07.jpg,ocr_vision_v1,p07.jpg,,,qianwen_2025_history,no_min_score
2319,长春大学（中外合作1）,999,不限选考科目,461,p07.jpg,ocr_vision_v1,p07.jpg,461,23022,qianwen_2025_history,exact_match
2321,长春大学旅游学院,999,不限选考科目,,p07.jpg,ocr_vision_v1,p07.jpg,,,qianwen_2025_history,no_min_score
2325,长春工业大学,999,不限选考科目,476,p07.jpg,ocr_vision_v1,p07.jpg,476,19668,qianwen_2025_history,exact_match
2327,长春工业大学人文信息学院,999,不限选考科目,,p07.jpg,ocr_vision_v1,p07.jpg,,,qianwen_2025_history,no_min_score
2328,长春光华学院,999,不限选考科目,453,p07.jpg,ocr_vision_v1,p07.jpg,453,24878,qianwen_2025_history,exact_match
2331,长春理工大学,999,不限选考科目,470,p07.jpg,ocr_vision_v1,p07.jpg,470,20965,qianwen_2025_history,exact_match
2335,长春人文学院,999,不限选考科目,458,p07.jpg,ocr_vision_v1,p07.jpg,458,23671,qianwen_2025_history,exact_match
2336,长春师范大学,999,不限选考科目,525,p07.jpg,ocr_vision_v1,p07.jpg,525,10316,qianwen_2025_history,exact_match
2338,常德学院,700,选考思想政治,481,p07.jpg,ocr_vision_v1,p07.jpg,481,18606,qianwen_2025_history,exact_match
2338,常德学院,999,不限选考科目,455,p07.jpg,ocr_vision_v1,p07.jpg,455,24376,qianwen_2025_history,exact_match
2339,昌吉学院,999,不限选考科目,477,p07.jpg,ocr_vision_v1,p07.jpg,477,19441,qianwen_2025_history,exact_match
2340,长江大学,999,不限选考科目,557,p07.jpg,ocr_vision_v1,p07.jpg,557,5853,qianwen_2025_history,exact_match
2342,长江大学文理学院,700,选考思想政治,471,p07.jpg,ocr_vision_v1,p07.jpg,471,20756,qianwen_2025_history,exact_match
2342,长江大学文理学院,999,不限选考科目,465,p08.jpg,ocr_vision_v1,p08.jpg,465,22150,qianwen_2025_history,exact_match
2343,长江师范学院,999,不限选考科目,492,p08.jpg,ocr_vision_v1,p08.jpg,492,16258,qianwen_2025_history,exact_match
2344,长沙工业学院,999,不限选考科目,489,p08.jpg,ocr_vision_v1,p08.jpg,489,16866,qianwen_2025_history,exact_match
2345,长沙理工大学,999,不限选考科目,552,p08.jpg,ocr_vision_v1,p08.jpg,552,6461,qianwen_2025_history,exact_match
2346,长沙师范学院,999,不限选考科目,496,p08.jpg,ocr_vision_v1,p08.jpg,496,15488,qianwen_2025_history,exact_match
2347,长沙学院,700,选考思想政治,517,p08.jpg,ocr_vision_v1,p08.jpg,517,11713,qianwen_2025_history,exact_match
2347,长沙学院,999,不限选考科目,515,p08.jpg,ocr_vision_v1,p08.jpg,515,12078,qianwen_2025_history,exact_match
2349,长治学院,700,选考思想政治,492,p08.jpg,ocr_vision_v1,p08.jpg,492,16258,qianwen_2025_history,exact_match
2349,长治学院,999,不限选考科目,484,p08.jpg,ocr_vision_v1,p08.jpg,484,17924,qianwen_2025_history,exact_match
2351,常州大学,700,选考思想政治,549,p08.jpg,ocr_vision_v1,p08.jpg,549,6843,qianwen_2025_history,exact_match
2351,常州大学,999,不限选考科目,537,p08.jpg,ocr_vision_v1,p08.jpg,537,8521,qianwen_2025_history,exact_match
2352,常州大学怀德学院,999,不限选考科目,459,p08.jpg,ocr_vision_v1,p08.jpg,459,23453,qianwen_2025_history,exact_match
2355,成都大学,700,选考思想政治,578,p08.jpg,ocr_vision_v1,p08.jpg,578,3597,qianwen_2025_history,exact_match
2355,成都大学,999,不限选考科目,558,p08.jpg,ocr_vision_v1,p08.jpg,558,5720,qianwen_2025_history,exact_match
2356,成都大学（中外合作1）,999,不限选考科目,515,p08.jpg,ocr_vision_v1,p08.jpg,515,12078,qianwen_2025_history,exact_match
2358,成都东软学院,999,不限选考科目,455,p08.jpg,ocr_vision_v1,p08.jpg,455,24376,qianwen_2025_history,exact_match
2360,成都锦城学院,999,不限选考科目,468,p08.jpg,ocr_vision_v1,p08.jpg,468,21425,qianwen_2025_history,exact_match
2362,成都理工大学工程技术学院,999,不限选考科目,460,p08.jpg,ocr_vision_v1,p08.jpg,460,23232,qianwen_2025_history,exact_match
2363,成都师范学院,999,不限选考科目,518,p08.jpg,ocr_vision_v1,p08.jpg,518,11536,qianwen_2025_history,exact_match
2364,成都体育学院,999,不限选考科目,516,p08.jpg,ocr_vision_v1,p08.jpg,516,11895,qianwen_2025_history,exact_match
2365,成都外国语学院,999,不限选考科目,450,p08.jpg,ocr_vision_v1,p08.jpg,450,25562,qianwen_2025_history,exact_match
2367,成都信息工程大学,900,选考地理,553,p08.jpg,ocr_vision_v1,p08.jpg,553,6321,qianwen_2025_history,exact_match
2367,成都信息工程大学,999,不限选考科目,538,p08.jpg,ocr_vision_v1,p08.jpg,538,8378,qianwen_2025_history,exact_match
2368,成都信息工程大学（会计学）,999,不限选考科目,545,p08.jpg,ocr_vision_v1,p08.jpg,545,7374,qianwen_2025_history,exact_match
2371,成都银杏酒店管理学院,999,不限选考科目,452,p08.jpg,ocr_vision_v1,p08.jpg,452,25117,qianwen_2025_history,exact_match
2372,成都中医药大学,999,不限选考科目,535,p08.jpg,ocr_vision_v1,p08.jpg,535,8809,qianwen_2025_history,exact_match
2374,成都中医药大学（中外合作）,999,不限选考科目,520,p08.jpg,ocr_vision_v1,p08.jpg,520,11188,qianwen_2025_history,exact_match
2375,池州学院,999,不限选考科目,486,p08.jpg,ocr_vision_v1,p08.jpg,486,17496,qianwen_2025_history,exact_match
2376,重庆财经学院,999,不限选考科目,483,p09.jpg,ocr_vision_v1,p09.jpg,483,18114,qianwen_2025_history,exact_match
2378,重庆大学,999,不限选考科目,612,p09.jpg,ocr_vision_v1,p09.jpg,612,1086,qianwen_2025_history,exact_match
2380,重庆大学（艺术学门类）,999,不限选考科目,585,p09.jpg,ocr_vision_v1,p09.jpg,585,2932,qianwen_2025_history,exact_match
2382,重庆第二师范学院,999,不限选考科目,500,p09.jpg,ocr_vision_v1,p09.jpg,500,14732,qianwen_2025_history,exact_match
2383,重庆对外经贸学院,900,选考地理,470,p09.jpg,ocr_vision_v1,p09.jpg,470,20965,qianwen_2025_history,exact_match
2383,重庆对外经贸学院,999,不限选考科目,461,p09.jpg,ocr_vision_v1,p09.jpg,461,23022,qianwen_2025_history,exact_match
2384,重庆工程学院,999,不限选考科目,465,p09.jpg,ocr_vision_v1,p09.jpg,465,22150,qianwen_2025_history,exact_match
2385,重庆工商大学,600,选考生物学,520,p09.jpg,ocr_vision_v1,p09.jpg,520,11188,qianwen_2025_history,exact_match
2385,重庆工商大学,999,不限选考科目,535,p09.jpg,ocr_vision_v1,p09.jpg,535,8809,qianwen_2025_history,exact_match
2386,重庆工商大学（中外）,999,不限选考科目,482,p09.jpg,ocr_vision_v1,p09.jpg,482,18365,qianwen_2025_history,exact_match
2389,重庆科技大学,999,不限选考科目,525,p09.jpg,ocr_vision_v1,p09.jpg,525,10316,qianwen_2025_history,exact_match
2390,重庆理工大学,999,不限选考科目,526,p09.jpg,ocr_vision_v1,p09.jpg,526,10171,qianwen_2025_history,exact_match
2391,重庆人文科技学院,600,选考生物学,,p09.jpg,ocr_vision_v1,p09.jpg,,,qianwen_2025_history,no_min_score
2391,重庆人文科技学院,999,不限选考科目,463,p09.jpg,ocr_vision_v1,p09.jpg,463,22579,qianwen_2025_history,exact_match
2392,重庆三峡学院,999,不限选考科目,500,p09.jpg,ocr_vision_v1,p09.jpg,500,14732,qianwen_2025_history,exact_match
2393,重庆师范大学,700,选考思想政治,571,p09.jpg,ocr_vision_v1,p09.jpg,571,4296,qianwen_2025_history,exact_match
2393,重庆师范大学,900,选考地理,566,p09.jpg,ocr_vision_v1,p09.jpg,566,4785,qianwen_2025_history,exact_match
2393,重庆师范大学,999,不限选考科目,552,p09.jpg,ocr_vision_v1,p09.jpg,552,6461,qianwen_2025_history,exact_match
2394,重庆外语外事学院,999,不限选考科目,456,p09.jpg,ocr_vision_v1,p09.jpg,456,24118,qianwen_2025_history,exact_match
2395,重庆文理学院,600,选考生物学,488,p09.jpg,ocr_vision_v1,p09.jpg,488,17086,qianwen_2025_history,exact_match
2395,重庆文理学院,999,不限选考科目,494,p09.jpg,ocr_vision_v1,p09.jpg,494,15873,qianwen_2025_history,exact_match
2400,重庆移通学院,999,不限选考科目,461,p09.jpg,ocr_vision_v1,p09.jpg,461,23022,qianwen_2025_history,exact_match
2403,重庆中医药学院,999,不限选考科目,553,p09.jpg,ocr_vision_v1,p09.jpg,553,6321,qianwen_2025_history,exact_match
2404,楚雄师范学院,700,选考思想政治,491,p09.jpg,ocr_vision_v1,p09.jpg,491,16465,qianwen_2025_history,exact_match
2404,楚雄师范学院,999,不限选考科目,481,p09.jpg,ocr_vision_v1,p09.jpg,481,18606,qianwen_2025_history,exact_match
2405,川北医学院,999,不限选考科目,492,p09.jpg,ocr_vision_v1,p09.jpg,492,16258,qianwen_2025_history,exact_match
2406,大理大学,600,选考生物学,498,p09.jpg,ocr_vision_v1,p09.jpg,498,15098,qianwen_2025_history,exact_match
2406,大理大学,999,不限选考科目,507,p09.jpg,ocr_vision_v1,p09.jpg,507,13459,qianwen_2025_history,exact_match
2407,大连财经学院,999,不限选考科目,460,p10.jpg,ocr_vision_v1,p10.jpg,460,23232,qianwen_2025_history,exact_match
2408,大连大学,999,不限选考科目,513,p10.jpg,ocr_vision_v1,p10.jpg,513,12412,qianwen_2025_history,exact_match
2412,大连海事大学,999,不限选考科目,580,p10.jpg,ocr_vision_v1,p10.jpg,580,3408,qianwen_2025_history,exact_match
2413,大连海事大学（中外合作）,999,不限选考科目,587,p10.jpg,ocr_vision_v1,p10.jpg,587,2749,qianwen_2025_history,exact_match
2418,大连交通大学（中外合作）,999,不限选考科目,490,p10.jpg,ocr_vision_v1,p10.jpg,490,16669,qianwen_2025_history,exact_match
2426,大连民族大学,999,不限选考科目,529,p10.jpg,ocr_vision_v1,p10.jpg,529,9730,qianwen_2025_history,exact_match
2427,大连外国语大学,999,不限选考科目,525,p10.jpg,ocr_vision_v1,p10.jpg,525,10316,qianwen_2025_history,exact_match
2428,大连外国语大学（英语）,999,不限选考科目,547,p10.jpg,ocr_vision_v1,p10.jpg,547,7113,qianwen_2025_history,exact_match
2431,大连医科大学中山学院,999,不限选考科目,453,p10.jpg,ocr_vision_v1,p10.jpg,453,24878,qianwen_2025_history,exact_match
2433,德州学院,999,不限选考科目,478,p10.jpg,ocr_vision_v1,p10.jpg,478,19228,qianwen_2025_history,exact_match
2434,滇池学院,999,不限选考科目,450,p10.jpg,ocr_vision_v1,p10.jpg,450,25562,qianwen_2025_history,exact_match
2435,滇西应用技术大学,999,不限选考科目,478,p10.jpg,ocr_vision_v1,p10.jpg,478,19228,qianwen_2025_history,exact_match
2436,电子科技大学,999,不限选考科目,602,p10.jpg,ocr_vision_v1,p10.jpg,602,1631,qianwen_2025_history,exact_match
2439,电子科技大学成都学院,999,不限选考科目,461,p10.jpg,ocr_vision_v1,p10.jpg,461,23022,qianwen_2025_history,exact_match
2441,东北财经大学,999,不限选考科目,572,p10.jpg,ocr_vision_v1,p10.jpg,572,4198,qianwen_2025_history,exact_match
2442,东北财经大学（中外合作1）,999,不限选考科目,565,p10.jpg,ocr_vision_v1,p10.jpg,565,4888,qianwen_2025_history,exact_match
2443,东北财经大学（中外合作2）,999,不限选考科目,561,p10.jpg,ocr_vision_v1,p10.jpg,561,5349,qianwen_2025_history,exact_match
2444,东北大学,999,不限选考科目,599,p10.jpg,ocr_vision_v1,p10.jpg,599,1821,qianwen_2025_history,exact_match
2445,东北大学秦皇岛分校,999,不限选考科目,592,p10.jpg,ocr_vision_v1,p10.jpg,592,2338,qianwen_2025_history,exact_match
2447,东北电力大学,700,选考思想政治,525,p10.jpg,ocr_vision_v1,p10.jpg,525,10316,qianwen_2025_history,exact_match
2447,东北电力大学,999,不限选考科目,488,p10.jpg,ocr_vision_v1,p10.jpg,488,17086,qianwen_2025_history,exact_match
2451,东北林业大学,700,选考思想政治,577,p10.jpg,ocr_vision_v1,p10.jpg,577,3694,qianwen_2025_history,exact_match
2451,东北林业大学,999,不限选考科目,569,p10.jpg,ocr_vision_v1,p10.jpg,569,4497,qianwen_2025_history,exact_match
2453,东北农业大学,999,不限选考科目,574,p10.jpg,ocr_vision_v1,p10.jpg,574,3995,qianwen_2025_history,exact_match
2454,东北农业大学（中美合作）,999,不限选考科目,495,p10.jpg,ocr_vision_v1,p10.jpg,495,15677,qianwen_2025_history,exact_match
2455,东北师范大学,700,选考思想政治,595,p10.jpg,ocr_vision_v1,p10.jpg,595,2087,qianwen_2025_history,exact_match
2455,东北师范大学,999,不限选考科目,581,p10.jpg,ocr_vision_v1,p10.jpg,581,3319,qianwen_2025_history,exact_match
2458,东华大学,999,不限选考科目,596,p10.jpg,ocr_vision_v1,p10.jpg,596,2018,qianwen_2025_history,exact_match
2460,东南大学,999,不限选考科目,620,p11.jpg,ocr_vision_v1,p11.jpg,620,735,qianwen_2025_history,exact_match
2461,东南大学成贤学院,999,不限选考科目,480,p11.jpg,ocr_vision_v1,p11.jpg,480,18810,qianwen_2025_history,exact_match
2462,东莞城市学院,999,不限选考科目,,p11.jpg,ocr_vision_v1,p11.jpg,,,qianwen_2025_history,no_min_score
2464,对外经济贸易大学,999,不限选考科目,615,p11.jpg,ocr_vision_v1,p11.jpg,615,935,qianwen_2025_history,exact_match
2466,防灾科技学院,999,不限选考科目,482,p11.jpg,ocr_vision_v1,p11.jpg,482,18365,qianwen_2025_history,exact_match
2467,佛山大学,999,不限选考科目,523,p11.jpg,ocr_vision_v1,p11.jpg,523,10666,qianwen_2025_history,exact_match
2468,复旦大学,999,不限选考科目,649,p11.jpg,ocr_vision_v1,p11.jpg,649,100,qianwen_2025_history,exact_match
2471,阜阳理工学院,999,不限选考科目,477,p11.jpg,ocr_vision_v1,p11.jpg,477,19441,qianwen_2025_history,exact_match
2472,阜阳师范大学,999,不限选考科目,517,p11.jpg,ocr_vision_v1,p11.jpg,517,11713,qianwen_2025_history,exact_match
2473,赣东学院,999,不限选考科目,508,p11.jpg,ocr_vision_v1,p11.jpg,508,13247,qianwen_2025_history,exact_match
2474,赣南科技学院,999,不限选考科目,490,p11.jpg,ocr_vision_v1,p11.jpg,490,16669,qianwen_2025_history,exact_match
2475,赣南师范大学,700,选考思想政治,541,p11.jpg,ocr_vision_v1,p11.jpg,541,7972,qianwen_2025_history,exact_match
2475,赣南师范大学,999,不限选考科目,521,p11.jpg,ocr_vision_v1,p11.jpg,521,11007,qianwen_2025_history,exact_match
2476,赣南师范大学科技学院,999,不限选考科目,476,p11.jpg,ocr_vision_v1,p11.jpg,476,19668,qianwen_2025_history,exact_match
2480,甘肃农业大学,999,不限选考科目,486,p11.jpg,ocr_vision_v1,p11.jpg,486,17496,qianwen_2025_history,exact_match
2481,甘肃政法大学,999,不限选考科目,555,p11.jpg,ocr_vision_v1,p11.jpg,555,6070,qianwen_2025_history,exact_match
2482,甘肃中医药大学,999,不限选考科目,536,p11.jpg,ocr_vision_v1,p11.jpg,536,8662,qianwen_2025_history,exact_match
2484,广东财经大学,999,不限选考科目,563,p11.jpg,ocr_vision_v1,p11.jpg,563,5127,qianwen_2025_history,exact_match
2486,广东工商职业技术大学,700,选考思想政治,454,p11.jpg,ocr_vision_v1,p11.jpg,454,24631,qianwen_2025_history,exact_match
2486,广东工商职业技术大学,999,不限选考科目,,p11.jpg,ocr_vision_v1,p11.jpg,,,qianwen_2025_history,no_min_score
2487,广东工业大学,999,不限选考科目,559,p11.jpg,ocr_vision_v1,p11.jpg,559,5592,qianwen_2025_history,exact_match
2491,广东技术师范大学,999,不限选考科目,550,p11.jpg,ocr_vision_v1,p11.jpg,550,6718,qianwen_2025_history,exact_match
2492,广东金融学院,999,不限选考科目,538,p11.jpg,ocr_vision_v1,p11.jpg,538,8378,qianwen_2025_history,exact_match
2493,广东警官学院,999,不限选考科目,542,p11.jpg,ocr_vision_v1,p11.jpg,542,7829,qianwen_2025_history,exact_match
2494,广东科技学院,999,不限选考科目,,p11.jpg,ocr_vision_v1,p11.jpg,,,qianwen_2025_history,no_min_score
2495,广东理工学院,999,不限选考科目,451,p11.jpg,ocr_vision_v1,p11.jpg,451,25344,qianwen_2025_history,exact_match
2496,广东培正学院,999,不限选考科目,452,p11.jpg,ocr_vision_v1,p11.jpg,452,25117,qianwen_2025_history,exact_match
2497,东轻工职业技术大学,002,,450,,ocr_extracted,,,244,ocr_2025_vocational,extracted
2499,广东外语外贸大学,700,选考思想政治,573,p11.jpg,ocr_vision_v1,p11.jpg,573,4101,qianwen_2025_history,exact_match
2499,广东外语外贸大学,999,不限选考科目,573,p12.jpg,ocr_vision_v1,p12.jpg,573,4101,qianwen_2025_history,exact_match
2500,广东外语外贸大学南国商学院,999,不限选考科目,458,p12.jpg,ocr_vision_v1,p12.jpg,458,23671,qianwen_2025_history,exact_match
2504,广西财经学院,999,不限选考科目,505,p12.jpg,ocr_vision_v1,p12.jpg,505,13835,qianwen_2025_history,exact_match
2509,广西科技师范学院,999,不限选考科目,490,p12.jpg,ocr_vision_v1,p12.jpg,490,16669,qianwen_2025_history,exact_match
2510,广西民族大学,999,不限选考科目,464,p12.jpg,ocr_vision_v1,p12.jpg,464,22376,qianwen_2025_history,exact_match
2511,广西民族大学（艺术学门类）,999,不限选考科目,476,p12.jpg,ocr_vision_v1,p12.jpg,476,19668,qianwen_2025_history,exact_match
2512,广西民族大学（中澳1）,999,不限选考科目,,p12.jpg,ocr_vision_v1,p12.jpg,,,qianwen_2025_history,no_min_score
2515,广西民族大学相思湖学院,999,不限选考科目,460,p12.jpg,ocr_vision_v1,p12.jpg,460,23232,qianwen_2025_history,exact_match
2516,广西民族师范学院,999,不限选考科目,481,p12.jpg,ocr_vision_v1,p12.jpg,481,18606,qianwen_2025_history,exact_match
2517,广西农业职业技术大学,004,,357,,ocr_extracted,,,178,ocr_2025_vocational,extracted
2517,广西农业职业技术大学,999,不限选考科目,480,p12.jpg,ocr_vision_v1,p12.jpg,480,18810,qianwen_2025_history,exact_match
2518,广西师范大学,999,不限选考科目,492,p12.jpg,ocr_vision_v1,p12.jpg,492,16258,qianwen_2025_history,exact_match
2520,广西外国语学院,017,,397,,ocr_extracted,,,273,ocr_2025_vocational,extracted
2520,广西外国语学院,018,,329,,ocr_extracted,,,146,ocr_2025_vocational,extracted
2520,广西外国语学院,021,,248,,ocr_extracted,,,29,ocr_2025_vocational,extracted
2520,广西外国语学院,022,,392,,ocr_extracted,,,259,ocr_2025_vocational,extracted
2520,广西外国语学院,023,,319,,ocr_extracted,,,127,ocr_2025_vocational,extracted
2520,广西外国语学院,999,不限选考科目,457,p12.jpg,ocr_vision_v1,p12.jpg,457,23893,qianwen_2025_history,exact_match
2523,广西中医药大学,999,不限选考科目,564,p12.jpg,ocr_vision_v1,p12.jpg,564,5010,qianwen_2025_history,exact_match
2524,广西中医药大学赛恩斯新医药学院,999,不限选考科目,514,p12.jpg,ocr_vision_v1,p12.jpg,514,12233,qianwen_2025_history,exact_match
2525,广州城市理工学院,999,不限选考科目,451,p12.jpg,ocr_vision_v1,p12.jpg,451,25344,qianwen_2025_history,exact_match
2526,广州大学,900,选考地理,572,p12.jpg,ocr_vision_v1,p12.jpg,572,4198,qianwen_2025_history,exact_match
2526,广州大学,999,不限选考科目,568,p12.jpg,ocr_vision_v1,p12.jpg,568,4577,qianwen_2025_history,exact_match
2527,广州工商学院,999,不限选考科目,,p12.jpg,ocr_vision_v1,p12.jpg,,,qianwen_2025_history,no_min_score
2529,广州华立学院,999,不限选考科目,454,p12.jpg,ocr_vision_v1,p12.jpg,454,24631,qianwen_2025_history,exact_match
2530,广州理工学院,999,不限选考科目,450,p12.jpg,ocr_vision_v1,p12.jpg,450,25562,qianwen_2025_history,exact_match
2532,广州南方学院,999,不限选考科目,450,p12.jpg,ocr_vision_v1,p12.jpg,450,25562,qianwen_2025_history,exact_match
2534,广州商学院,999,不限选考科目,454,p12.jpg,ocr_vision_v1,p12.jpg,454,24631,qianwen_2025_history,exact_match
2535,广州体育学院,999,不限选考科目,532,p12.jpg,ocr_vision_v1,p12.jpg,532,9285,qianwen_2025_history,exact_match
2536,广州新华学院,999,不限选考科目,450,p12.jpg,ocr_vision_v1,p12.jpg,450,25562,qianwen_2025_history,exact_match
2539,广州应用科技学院,999,不限选考科目,455,p12.jpg,ocr_vision_v1,p12.jpg,455,24376,qianwen_2025_history,exact_match
2540,广州中医药大学,600,选考生物学,556,p12.jpg,ocr_vision_v1,p12.jpg,556,5970,qianwen_2025_history,exact_match
2540,广州中医药大学,999,不限选考科目,570,p12.jpg,ocr_vision_v1,p12.jpg,570,4392,qianwen_2025_history,exact_match
2544,桂林航天工业学院,999,不限选考科目,486,p12.jpg,ocr_vision_v1,p12.jpg,486,17496,qianwen_2025_history,exact_match
2545,桂林理工大学,004,,426,,ocr_extracted,,,273,ocr_2025_vocational,extracted
2545,桂林理工大学,005,,406,,ocr_extracted,,,266,ocr_2025_vocational,extracted
2545,桂林理工大学,006,,421,,ocr_extracted,,,275,ocr_2025_vocational,extracted
2545,桂林理工大学,007,,392,,ocr_extracted,,,259,ocr_2025_vocational,extracted
2545,桂林理工大学,999,不限选考科目,490,p13.jpg,ocr_vision_v1,p13.jpg,490,16669,qianwen_2025_history,exact_match
2547,桂林旅游学院,999,不限选考科目,489,p13.jpg,ocr_vision_v1,p13.jpg,489,16866,qianwen_2025_history,exact_match
2548,桂林旅游学院（中外合作）,999,不限选考科目,459,p13.jpg,ocr_vision_v1,p13.jpg,459,23453,qianwen_2025_history,exact_match
2549,桂林师范学院,003,,287,,ocr_extracted,,,85,ocr_2025_vocational,extracted
2549,桂林师范学院,004,,330,,ocr_extracted,,,160,ocr_2025_vocational,extracted
2549,桂林师范学院,005,,407,,ocr_extracted,,,260,ocr_2025_vocational,extracted
2549,桂林师范学院,999,不限选考科目,480,p13.jpg,ocr_vision_v1,p13.jpg,480,18810,qianwen_2025_history,exact_match
2550,桂林信息科技学院,999,不限选考科目,453,p13.jpg,ocr_vision_v1,p13.jpg,453,24878,qianwen_2025_history,exact_match
2551,桂林学院,999,不限选考科目,450,p13.jpg,ocr_vision_v1,p13.jpg,450,25562,qianwen_2025_history,exact_match
2557,贵阳人文科技学院,999,不限选考科目,465,p13.jpg,ocr_vision_v1,p13.jpg,465,22150,qianwen_2025_history,exact_match
2559,贵阳学院,700,选考思想政治,503,p13.jpg,ocr_vision_v1,p13.jpg,503,14221,qianwen_2025_history,exact_match
2560,贵州财经大学,999,不限选考科目,528,p13.jpg,ocr_vision_v1,p13.jpg,528,9875,qianwen_2025_history,exact_match
2562,贵州大学,700,选考思想政治,578,p13.jpg,ocr_vision_v1,p13.jpg,578,3597,qianwen_2025_history,exact_match
2562,贵州大学,999,不限选考科目,577,p13.jpg,ocr_vision_v1,p13.jpg,577,3694,qianwen_2025_history,exact_match
2567,贵州工程应用技术学院,999,不限选考科目,480,p13.jpg,ocr_vision_v1,p13.jpg,480,18810,qianwen_2025_history,exact_match
2568,贵州警察学院,999,不限选考科目,530,p13.jpg,ocr_vision_v1,p13.jpg,530,9584,qianwen_2025_history,exact_match
2570,贵州民族大学,617,选考生物学且思想政治,475,p13.jpg,ocr_vision_v1,p13.jpg,475,19889,qianwen_2025_history,exact_match
2570,贵州民族大学,719,选考思想政治且地理,504,p13.jpg,ocr_vision_v1,p13.jpg,504,14035,qianwen_2025_history,exact_match
2570,贵州民族大学,999,不限选考科目,507,p13.jpg,ocr_vision_v1,p13.jpg,507,13459,qianwen_2025_history,exact_match
2571,贵州黔南经济学院,999,不限选考科目,461,p13.jpg,ocr_vision_v1,p13.jpg,461,23022,qianwen_2025_history,exact_match
2572,贵州黔南科技学院,999,不限选考科目,456,p13.jpg,ocr_vision_v1,p13.jpg,456,24118,qianwen_2025_history,exact_match
2574,贵州商学院（中外合作）,999,不限选考科目,451,p13.jpg,ocr_vision_v1,p13.jpg,451,25344,qianwen_2025_history,exact_match
2575,贵州师范学院,700,选考思想政治,505,p13.jpg,ocr_vision_v1,p13.jpg,505,13835,qianwen_2025_history,exact_match
2575,贵州师范学院,719,选考思想政治且地理,509,p13.jpg,ocr_vision_v1,p13.jpg,509,13073,qianwen_2025_history,exact_match
2575,贵州师范学院,999,不限选考科目,473,p13.jpg,ocr_vision_v1,p13.jpg,473,20340,qianwen_2025_history,exact_match
2583,贵州医科大学神奇民族医药学院,600,选考生物学,467,p13.jpg,ocr_vision_v1,p13.jpg,467,21665,qianwen_2025_history,exact_match
2584,贵州中医药大学,999,不限选考科目,557,p13.jpg,ocr_vision_v1,p13.jpg,557,5853,qianwen_2025_history,exact_match
2592,哈尔滨工程大学（历史组1）,999,不限选考科目,582,p13.jpg,ocr_vision_v1,p13.jpg,582,3204,qianwen_2025_history,exact_match
2593,哈尔滨工程大学（历史组2）,999,不限选考科目,591,p13.jpg,ocr_vision_v1,p13.jpg,591,2421,qianwen_2025_history,exact_match
2600,哈尔滨工业大学,999,不限选考科目,610,p13.jpg,ocr_vision_v1,p13.jpg,610,1178,qianwen_2025_history,exact_match
2607,哈尔滨工业大学（深圳）,999,不限选考科目,605,p13.jpg,ocr_vision_v1,p13.jpg,605,1435,qianwen_2025_history,exact_match
2612,哈尔滨金融学院,999,不限选考科目,487,p14.jpg,ocr_vision_v1,p14.jpg,487,17282,qianwen_2025_history,exact_match
2614,哈尔滨商业大学,999,不限选考科目,484,p14.jpg,ocr_vision_v1,p14.jpg,484,17924,qianwen_2025_history,exact_match
2615,哈尔滨师范大学,999,不限选考科目,505,p14.jpg,ocr_vision_v1,p14.jpg,505,13835,qianwen_2025_history,exact_match
2617,哈尔滨学院,999,不限选考科目,485,p14.jpg,ocr_vision_v1,p14.jpg,485,17700,qianwen_2025_history,exact_match
2621,哈尔滨音乐学院,999,不限选考科目,474,p14.jpg,ocr_vision_v1,p14.jpg,474,20115,qianwen_2025_history,exact_match
2629,海口经济学院,014,,284,,ocr_extracted,,,60,ocr_2025_vocational,extracted
2629,海口经济学院,015,,412,,ocr_extracted,,,249,ocr_2025_vocational,extracted
2629,海口经济学院,022,,298,,ocr_extracted,,,87,ocr_2025_vocational,extracted
2629,海口经济学院,999,不限选考科目,,p14.jpg,ocr_vision_v1,p14.jpg,,,qianwen_2025_history,no_min_score
2631,海南大学,700,选考思想政治,581,p14.jpg,ocr_vision_v1,p14.jpg,581,3319,qianwen_2025_history,exact_match
2631,海南大学,999,不限选考科目,581,p14.jpg,ocr_vision_v1,p14.jpg,581,3319,qianwen_2025_history,exact_match
2633,海南大学（中外合作）,900,选考地理,546,p14.jpg,ocr_vision_v1,p14.jpg,546,7235,qianwen_2025_history,exact_match
2633,海南大学（中外合作）,999,不限选考科目,530,p14.jpg,ocr_vision_v1,p14.jpg,530,9584,qianwen_2025_history,exact_match
2634,海南科技职业大学,999,不限选考科目,469,p14.jpg,ocr_vision_v1,p14.jpg,469,21192,qianwen_2025_history,exact_match
2635,海南热带海洋学院,700,选考思想政治,490,p14.jpg,ocr_vision_v1,p14.jpg,490,16669,qianwen_2025_history,exact_match
2635,海南热带海洋学院,999,不限选考科目,486,p14.jpg,ocr_vision_v1,p14.jpg,486,17496,qianwen_2025_history,exact_match
2636,海南热带海洋学院（中外合作）,999,不限选考科目,450,p14.jpg,ocr_vision_v1,p14.jpg,450,25562,qianwen_2025_history,exact_match
2637,海南师范大学,700,选考思想政治,544,p14.jpg,ocr_vision_v1,p14.jpg,544,7522,qianwen_2025_history,exact_match
2637,海南师范大学,900,选考地理,556,p14.jpg,ocr_vision_v1,p14.jpg,556,5970,qianwen_2025_history,exact_match
2637,海南师范大学,999,不限选考科目,495,p14.jpg,ocr_vision_v1,p14.jpg,495,15677,qianwen_2025_history,exact_match
2639,海南师范大学（中外合作）,999,不限选考科目,469,p14.jpg,ocr_vision_v1,p14.jpg,469,21192,qianwen_2025_history,exact_match
2642,邯郸学院,700,选考思想政治,494,p14.jpg,ocr_vision_v1,p14.jpg,494,15873,qianwen_2025_history,exact_match
2642,邯郸学院,999,不限选考科目,483,p14.jpg,ocr_vision_v1,p14.jpg,483,18114,qianwen_2025_history,exact_match
2644,韩山师范学院,999,不限选考科目,463,p14.jpg,ocr_vision_v1,p14.jpg,463,22579,qianwen_2025_history,exact_match
2645,杭州电子科技大学,999,不限选考科目,565,p14.jpg,ocr_vision_v1,p14.jpg,565,4888,qianwen_2025_history,exact_match
2648,杭州师范大学,999,不限选考科目,553,p14.jpg,ocr_vision_v1,p14.jpg,553,6321,qianwen_2025_history,exact_match
2651,河北传媒学院,999,不限选考科目,458,p14.jpg,ocr_vision_v1,p14.jpg,458,23671,qianwen_2025_history,exact_match
2652,河北大学,999,不限选考科目,559,p14.jpg,ocr_vision_v1,p14.jpg,559,5592,qianwen_2025_history,exact_match
2653,河北地质大学,999,不限选考科目,498,p14.jpg,ocr_vision_v1,p14.jpg,498,15098,qianwen_2025_history,exact_match
2654,河北东方学院,999,不限选考科目,455,p14.jpg,ocr_vision_v1,p14.jpg,455,24376,qianwen_2025_history,exact_match
2655,河北工程大学,999,不限选考科目,500,p14.jpg,ocr_vision_v1,p14.jpg,500,14732,qianwen_2025_history,exact_match
2656,河北工程大学科信学院,999,不限选考科目,472,p15.jpg,ocr_vision_v1,p15.jpg,472,20545,qianwen_2025_history,exact_match
2661,河北环境工程学院,999,不限选考科目,481,p15.jpg,ocr_vision_v1,p15.jpg,481,18606,qianwen_2025_history,exact_match
2663,河北金融学院,999,不限选考科目,504,p15.jpg,ocr_vision_v1,p15.jpg,504,14035,qianwen_2025_history,exact_match
2664,河北金融学院（中外合作）,999,不限选考科目,459,p15.jpg,ocr_vision_v1,p15.jpg,459,23453,qianwen_2025_history,exact_match
2665,河北经贸大学,999,不限选考科目,529,p15.jpg,ocr_vision_v1,p15.jpg,529,9730,qianwen_2025_history,exact_match
2666,河北经贸大学（中外合作）,999,不限选考科目,513,p15.jpg,ocr_vision_v1,p15.jpg,513,12412,qianwen_2025_history,exact_match
2669,河北科技工程职业技术大学,999,不限选考科目,475,p15.jpg,ocr_vision_v1,p15.jpg,475,19889,qianwen_2025_history,exact_match
2670,河北科技师范学院,999,不限选考科目,476,p15.jpg,ocr_vision_v1,p15.jpg,476,19668,qianwen_2025_history,exact_match
2674,河北师范大学（中外合作）,999,不限选考科目,,p15.jpg,ocr_vision_v1,p15.jpg,,,qianwen_2025_history,no_min_score
2676,河北外国语学院,999,不限选考科目,,p15.jpg,ocr_vision_v1,p15.jpg,,,qianwen_2025_history,no_min_score
2677,河北医科大学,600,选考生物学,498,p15.jpg,ocr_vision_v1,p15.jpg,498,15098,qianwen_2025_history,exact_match
2678,河北医科大学临床学院,600,选考生物学,479,p15.jpg,ocr_vision_v1,p15.jpg,479,19014,qianwen_2025_history,exact_match
2680,河池学院,999,不限选考科目,488,p15.jpg,ocr_vision_v1,p15.jpg,488,17086,qianwen_2025_history,exact_match
2681,合肥城市学院,999,不限选考科目,452,p15.jpg,ocr_vision_v1,p15.jpg,452,25117,qianwen_2025_history,exact_match
2682,合肥大学,999,不限选考科目,512,p15.jpg,ocr_vision_v1,p15.jpg,512,12576,qianwen_2025_history,exact_match
2683,合肥工业大学,999,不限选考科目,566,p15.jpg,ocr_vision_v1,p15.jpg,566,4785,qianwen_2025_history,exact_match
2685,合肥工业大学(宣城校区),700,选考思想政治,578,p15.jpg,ocr_vision_v1,p15.jpg,578,3597,qianwen_2025_history,exact_match
2685,合肥工业大学(宣城校区),999,不限选考科目,583,p15.jpg,ocr_vision_v1,p15.jpg,583,3105,qianwen_2025_history,exact_match
2686,合肥师范学院,999,不限选考科目,491,p15.jpg,ocr_vision_v1,p15.jpg,491,16465,qianwen_2025_history,exact_match
2687,河海大学,700,选考思想政治,595,p15.jpg,ocr_vision_v1,p15.jpg,595,2087,qianwen_2025_history,exact_match
2687,河海大学,999,不限选考科目,592,p15.jpg,ocr_vision_v1,p15.jpg,592,2338,qianwen_2025_history,exact_match
2689,河南财经政法大学,999,不限选考科目,564,p15.jpg,ocr_vision_v1,p15.jpg,564,5010,qianwen_2025_history,exact_match
2691,河南财政金融学院,999,不限选考科目,495,p15.jpg,ocr_vision_v1,p15.jpg,495,15677,qianwen_2025_history,exact_match
2692,河南城建学院,999,不限选考科目,479,p15.jpg,ocr_vision_v1,p15.jpg,479,19014,qianwen_2025_history,exact_match
2693,河南大学,999,不限选考科目,560,p15.jpg,ocr_vision_v1,p15.jpg,560,5475,qianwen_2025_history,exact_match
2694,河南大学（中外合作）,999,不限选考科目,537,p15.jpg,ocr_vision_v1,p15.jpg,537,8521,qianwen_2025_history,exact_match
2695,河南工程学院,999,不限选考科目,488,p15.jpg,ocr_vision_v1,p15.jpg,488,17086,qianwen_2025_history,exact_match
2697,河南工业大学,999,不限选考科目,520,p15.jpg,ocr_vision_v1,p15.jpg,520,11188,qianwen_2025_history,exact_match
2699,河南开封科技传媒学院,999,不限选考科目,457,p16.jpg,ocr_vision_v1,p16.jpg,457,23893,qianwen_2025_history,exact_match
2700,河南科技大学,999,不限选考科目,505,p16.jpg,ocr_vision_v1,p16.jpg,505,13835,qianwen_2025_history,exact_match
2702,河南科技学院,999,不限选考科目,484,p16.jpg,ocr_vision_v1,p16.jpg,484,17924,qianwen_2025_history,exact_match
2703,河南理工大学,999,不限选考科目,511,p16.jpg,ocr_vision_v1,p16.jpg,511,12736,qianwen_2025_history,exact_match
2705,河南农业大学,999,不限选考科目,508,p16.jpg,ocr_vision_v1,p16.jpg,508,13247,qianwen_2025_history,exact_match
2707,河南师范大学,999,不限选考科目,523,p16.jpg,ocr_vision_v1,p16.jpg,523,10666,qianwen_2025_history,exact_match
2709,河南中医药大学,600,选考生物学,499,p16.jpg,ocr_vision_v1,p16.jpg,499,14911,qianwen_2025_history,exact_match
2709,河南中医药大学,999,不限选考科目,532,p16.jpg,ocr_vision_v1,p16.jpg,532,9285,qianwen_2025_history,exact_match
2710,菏泽学院,999,不限选考科目,506,p16.jpg,ocr_vision_v1,p16.jpg,506,13640,qianwen_2025_history,exact_match
2712,黑河学院,999,不限选考科目,474,p16.jpg,ocr_vision_v1,p16.jpg,474,20115,qianwen_2025_history,exact_match
2714,黑龙江财经学院,999,不限选考科目,,p16.jpg,ocr_vision_v1,p16.jpg,,,qianwen_2025_history,no_min_score
2715,黑龙江大学,700,选考思想政治,521,p16.jpg,ocr_vision_v1,p16.jpg,521,11007,qianwen_2025_history,exact_match
2715,黑龙江大学,999,不限选考科目,509,p16.jpg,ocr_vision_v1,p16.jpg,509,13073,qianwen_2025_history,exact_match
2717,黑龙江工程学院,999,不限选考科目,481,p16.jpg,ocr_vision_v1,p16.jpg,481,18606,qianwen_2025_history,exact_match
2718,黑龙江工程学院昆仑旅游学院,999,不限选考科目,,p16.jpg,ocr_vision_v1,p16.jpg,,,qianwen_2025_history,no_min_score
2720,黑龙江科技大学,999,不限选考科目,476,p16.jpg,ocr_vision_v1,p16.jpg,476,19668,qianwen_2025_history,exact_match
2723,衡水学院,700,选考思想政治,484,p16.jpg,ocr_vision_v1,p16.jpg,484,17924,qianwen_2025_history,exact_match
2723,衡水学院,999,不限选考科目,480,p16.jpg,ocr_vision_v1,p16.jpg,480,18810,qianwen_2025_history,exact_match
2725,衡阳师范学院,700,选考思想政治,534,p16.jpg,ocr_vision_v1,p16.jpg,534,8965,qianwen_2025_history,exact_match
2725,衡阳师范学院,900,选考地理,544,p16.jpg,ocr_vision_v1,p16.jpg,544,7522,qianwen_2025_history,exact_match
2725,衡阳师范学院,999,不限选考科目,490,p16.jpg,ocr_vision_v1,p16.jpg,490,16669,qianwen_2025_history,exact_match
2726,衡阳师范学院南岳学院,999,不限选考科目,469,p16.jpg,ocr_vision_v1,p16.jpg,469,21192,qianwen_2025_history,exact_match
2727,红河学院,999,不限选考科目,478,p16.jpg,ocr_vision_v1,p16.jpg,478,19228,qianwen_2025_history,exact_match
2728,湖北大学,999,不限选考科目,577,p16.jpg,ocr_vision_v1,p16.jpg,577,3694,qianwen_2025_history,exact_match
2729,湖北大学（中外合作）,700,选考思想政治,524,p16.jpg,ocr_vision_v1,p16.jpg,524,10480,qianwen_2025_history,exact_match
2730,湖北大学知行学院,999,不限选考科目,467,p16.jpg,ocr_vision_v1,p16.jpg,467,21665,qianwen_2025_history,exact_match
2731,湖北第二师范学院,999,不限选考科目,527,p16.jpg,ocr_vision_v1,p16.jpg,527,10018,qianwen_2025_history,exact_match
2732,湖北恩施学院,999,不限选考科目,471,p16.jpg,ocr_vision_v1,p16.jpg,471,20756,qianwen_2025_history,exact_match
2734,湖北工程学院新技术学院,005,,355,,ocr_extracted,,,197,ocr_2025_vocational,extracted
2734,湖北工程学院新技术学院,999,不限选考科目,471,p17.jpg,ocr_vision_v1,p17.jpg,471,20756,qianwen_2025_history,exact_match
2736,湖北工业大学工程技术学院,999,不限选考科目,458,p17.jpg,ocr_vision_v1,p17.jpg,458,23671,qianwen_2025_history,exact_match
2737,湖北警官学院,999,不限选考科目,531,p17.jpg,ocr_vision_v1,p17.jpg,531,9424,qianwen_2025_history,exact_match
2738,湖北经济学院,999,不限选考科目,517,p17.jpg,ocr_vision_v1,p17.jpg,517,11713,qianwen_2025_history,exact_match
2740,湖北经济学院法商学院,999,不限选考科目,461,p17.jpg,ocr_vision_v1,p17.jpg,461,23022,qianwen_2025_history,exact_match
2743,湖北理工学院,999,不限选考科目,502,p17.jpg,ocr_vision_v1,p17.jpg,502,14390,qianwen_2025_history,exact_match
2745,湖北美术学院,999,不限选考科目,501,p17.jpg,ocr_vision_v1,p17.jpg,501,14561,qianwen_2025_history,exact_match
2746,湖北民族大学,999,不限选考科目,499,p17.jpg,ocr_vision_v1,p17.jpg,499,14911,qianwen_2025_history,exact_match
2748,湖北商贸学院,999,不限选考科目,458,p17.jpg,ocr_vision_v1,p17.jpg,458,23671,qianwen_2025_history,exact_match
2749,湖北师范大学,900,选考地理,551,p17.jpg,ocr_vision_v1,p17.jpg,551,6596,qianwen_2025_history,exact_match
2749,湖北师范大学,999,不限选考科目,535,p17.jpg,ocr_vision_v1,p17.jpg,535,8809,qianwen_2025_history,exact_match
2751,湖北师范大学文理学院,005,,272,,ocr_extracted,,,58,ocr_2025_vocational,extracted
2751,湖北师范大学文理学院,999,不限选考科目,467,p17.jpg,ocr_vision_v1,p17.jpg,467,21665,qianwen_2025_history,exact_match
2752,湖北文理学院,999,不限选考科目,498,p17.jpg,ocr_vision_v1,p17.jpg,498,15098,qianwen_2025_history,exact_match
2753,湖北文理学院理工学院,999,不限选考科目,462,p17.jpg,ocr_vision_v1,p17.jpg,462,22810,qianwen_2025_history,exact_match
2756,湖北中医药大学,999,不限选考科目,558,p17.jpg,ocr_vision_v1,p17.jpg,558,5720,qianwen_2025_history,exact_match
2757,湖南财政经济学院,999,不限选考科目,515,p17.jpg,ocr_vision_v1,p17.jpg,515,12078,qianwen_2025_history,exact_match
2758,湖南城市学院,999,不限选考科目,489,p17.jpg,ocr_vision_v1,p17.jpg,489,16866,qianwen_2025_history,exact_match
2759,湖南大学,999,不限选考科目,611,p17.jpg,ocr_vision_v1,p17.jpg,611,1134,qianwen_2025_history,exact_match
2760,湖南大学（广播电视编导）,999,不限选考科目,599,p17.jpg,ocr_vision_v1,p17.jpg,599,1821,qianwen_2025_history,exact_match
2762,湖南工程学院,999,不限选考科目,496,p17.jpg,ocr_vision_v1,p17.jpg,496,15488,qianwen_2025_history,exact_match
2764,湖南工程学院应用技术学院,999,不限选考科目,465,p17.jpg,ocr_vision_v1,p17.jpg,465,22150,qianwen_2025_history,exact_match
2765,湖南工商大学,999,不限选考科目,549,p17.jpg,ocr_vision_v1,p17.jpg,549,6843,qianwen_2025_history,exact_match
2767,湖南工学院,999,不限选考科目,497,p17.jpg,ocr_vision_v1,p17.jpg,497,15286,qianwen_2025_history,exact_match
2768,湖南工业大学,999,不限选考科目,506,p17.jpg,ocr_vision_v1,p17.jpg,506,13640,qianwen_2025_history,exact_match
2769,湖南交通工程学院,500,选考化学,,p17.jpg,ocr_vision_v1,p17.jpg,,,qianwen_2025_history,no_min_score
2769,湖南交通工程学院,999,不限选考科目,451,p17.jpg,ocr_vision_v1,p17.jpg,451,25344,qianwen_2025_history,exact_match
2770,湖南科技大学,999,不限选考科目,508,p17.jpg,ocr_vision_v1,p17.jpg,508,13247,qianwen_2025_history,exact_match
2771,湖南科技大学潇湘学院,999,不限选考科目,485,p17.jpg,ocr_vision_v1,p17.jpg,485,17700,qianwen_2025_history,exact_match
2772,湖南科技学院,700,选考思想政治,507,p18.jpg,ocr_vision_v1,p18.jpg,507,13459,qianwen_2025_history,exact_match
2772,湖南科技学院,999,不限选考科目,497,p18.jpg,ocr_vision_v1,p18.jpg,497,15286,qianwen_2025_history,exact_match
2773,湖南理工学院,999,不限选考科目,506,p18.jpg,ocr_vision_v1,p18.jpg,506,13640,qianwen_2025_history,exact_match
2774,湖南农业大学,700,选考思想政治,544,p18.jpg,ocr_vision_v1,p18.jpg,544,7522,qianwen_2025_history,exact_match
2774,湖南农业大学,999,不限选考科目,520,p18.jpg,ocr_vision_v1,p18.jpg,520,11188,qianwen_2025_history,exact_match
2775,湖南农业大学东方科技学院,999,不限选考科目,473,p18.jpg,ocr_vision_v1,p18.jpg,473,20340,qianwen_2025_history,exact_match
2777,湖南人文科技学院,999,不限选考科目,498,p18.jpg,ocr_vision_v1,p18.jpg,498,15098,qianwen_2025_history,exact_match
2778,湖南人文科技学院（中外合作）,999,不限选考科目,452,p18.jpg,ocr_vision_v1,p18.jpg,452,25117,qianwen_2025_history,exact_match
2779,湖南涉外经济学院,999,不限选考科目,451,p18.jpg,ocr_vision_v1,p18.jpg,451,25344,qianwen_2025_history,exact_match
2780,湖南师范大学,999,不限选考科目,582,p18.jpg,ocr_vision_v1,p18.jpg,582,3204,qianwen_2025_history,exact_match
2783,湖南文理学院,999,不限选考科目,489,p18.jpg,ocr_vision_v1,p18.jpg,489,16866,qianwen_2025_history,exact_match
2786,湖南中医药大学（历史组1）,999,不限选考科目,573,p18.jpg,ocr_vision_v1,p18.jpg,573,4101,qianwen_2025_history,exact_match
2787,湖南中医药大学（历史组2）,999,不限选考科目,517,p18.jpg,ocr_vision_v1,p18.jpg,517,11713,qianwen_2025_history,exact_match
2796,华北电力大学(保定),999,不限选考科目,581,p18.jpg,ocr_vision_v1,p18.jpg,581,3319,qianwen_2025_history,exact_match
2797,华北电力大学(北京),999,不限选考科目,586,p18.jpg,ocr_vision_v1,p18.jpg,586,2833,qianwen_2025_history,exact_match
2798,华北科技学院,999,不限选考科目,484,p18.jpg,ocr_vision_v1,p18.jpg,484,17924,qianwen_2025_history,exact_match
2799,华北理工大学,999,不限选考科目,500,p18.jpg,ocr_vision_v1,p18.jpg,500,14732,qianwen_2025_history,exact_match
2800,华北理工大学轻工学院,999,不限选考科目,450,p18.jpg,ocr_vision_v1,p18.jpg,450,25562,qianwen_2025_history,exact_match
2803,华东交通大学,999,不限选考科目,546,p18.jpg,ocr_vision_v1,p18.jpg,546,7235,qianwen_2025_history,exact_match
2805,华东交通大学（中外联合）,999,不限选考科目,531,p18.jpg,ocr_vision_v1,p18.jpg,531,9424,qianwen_2025_history,exact_match
2806,华东理工大学,999,不限选考科目,592,p18.jpg,ocr_vision_v1,p18.jpg,592,2338,qianwen_2025_history,exact_match
2807,华东师范大学,999,不限选考科目,621,p18.jpg,ocr_vision_v1,p18.jpg,621,700,qianwen_2025_history,exact_match
2808,华东政法大学,999,不限选考科目,598,p18.jpg,ocr_vision_v1,p18.jpg,598,1883,qianwen_2025_history,exact_match
2810,华南理工大学,999,不限选考科目,610,p18.jpg,ocr_vision_v1,p18.jpg,610,1178,qianwen_2025_history,exact_match
2817,华南师范大学,700,选考思想政治,596,p18.jpg,ocr_vision_v1,p18.jpg,596,2018,qianwen_2025_history,exact_match
2817,华南师范大学,999,不限选考科目,589,p18.jpg,ocr_vision_v1,p18.jpg,589,2592,qianwen_2025_history,exact_match
2819,华中科技大学,999,不限选考科目,611,p18.jpg,ocr_vision_v1,p18.jpg,611,1134,qianwen_2025_history,exact_match
2824,华中农业大学,999,不限选考科目,583,p18.jpg,ocr_vision_v1,p18.jpg,583,3105,qianwen_2025_history,exact_match
2825,华中师范大学,700,选考思想政治,614,p19.jpg,ocr_vision_v1,p19.jpg,614,986,qianwen_2025_history,exact_match
2825,华中师范大学,999,不限选考科目,614,p19.jpg,ocr_vision_v1,p19.jpg,614,986,qianwen_2025_history,exact_match
2828,淮北师范大学,719,选考思想政治且地理,524,p19.jpg,ocr_vision_v1,p19.jpg,524,10480,qianwen_2025_history,exact_match
2828,淮北师范大学,999,不限选考科目,509,p19.jpg,ocr_vision_v1,p19.jpg,509,13073,qianwen_2025_history,exact_match
2829,怀化学院,700,选考思想政治,504,p19.jpg,ocr_vision_v1,p19.jpg,504,14035,qianwen_2025_history,exact_match
2829,怀化学院,999,不限选考科目,488,p19.jpg,ocr_vision_v1,p19.jpg,488,17086,qianwen_2025_history,exact_match
2830,淮阴工学院,999,不限选考科目,504,p19.jpg,ocr_vision_v1,p19.jpg,504,14035,qianwen_2025_history,exact_match
2831,淮阴师范学院,999,不限选考科目,501,p19.jpg,ocr_vision_v1,p19.jpg,501,14561,qianwen_2025_history,exact_match
2833,黄河科技学院,999,不限选考科目,459,p19.jpg,ocr_vision_v1,p19.jpg,459,23453,qianwen_2025_history,exact_match
2834,黄淮学院,999,不限选考科目,481,p19.jpg,ocr_vision_v1,p19.jpg,481,18606,qianwen_2025_history,exact_match
2835,惠州学院,999,不限选考科目,502,p19.jpg,ocr_vision_v1,p19.jpg,502,14390,qianwen_2025_history,exact_match
2837,吉利学院,999,不限选考科目,466,p19.jpg,ocr_vision_v1,p19.jpg,466,21897,qianwen_2025_history,exact_match
2838,吉林财经大学,999,不限选考科目,510,p19.jpg,ocr_vision_v1,p19.jpg,510,12894,qianwen_2025_history,exact_match
2839,吉林财经大学（中外合作）,999,不限选考科目,467,p19.jpg,ocr_vision_v1,p19.jpg,467,21665,qianwen_2025_history,exact_match
2840,吉林大学,700,选考思想政治,600,p19.jpg,ocr_vision_v1,p19.jpg,600,1756,qianwen_2025_history,exact_match
2840,吉林大学,999,不限选考科目,603,p19.jpg,ocr_vision_v1,p19.jpg,603,1573,qianwen_2025_history,exact_match
2845,吉林工程技术师范学院,999,不限选考科目,475,p19.jpg,ocr_vision_v1,p19.jpg,475,19889,qianwen_2025_history,exact_match
2846,吉林工商学院,999,不限选考科目,480,p19.jpg,ocr_vision_v1,p19.jpg,480,18810,qianwen_2025_history,exact_match
2847,吉林建筑大学,999,不限选考科目,495,p19.jpg,ocr_vision_v1,p19.jpg,495,15677,qianwen_2025_history,exact_match
2848,吉林建筑大学（中外合作）,999,不限选考科目,453,p19.jpg,ocr_vision_v1,p19.jpg,453,24878,qianwen_2025_history,exact_match
2850,吉林农业大学,700,选考思想政治,517,p19.jpg,ocr_vision_v1,p19.jpg,517,11713,qianwen_2025_history,exact_match
2850,吉林农业大学,999,不限选考科目,490,p19.jpg,ocr_vision_v1,p19.jpg,490,16669,qianwen_2025_history,exact_match
2851,吉林农业科技学院,999,不限选考科目,477,p19.jpg,ocr_vision_v1,p19.jpg,477,19441,qianwen_2025_history,exact_match
2852,吉林师范大学,999,不限选考科目,505,p19.jpg,ocr_vision_v1,p19.jpg,505,13835,qianwen_2025_history,exact_match
2853,吉林师范大学（历史组1）,999,不限选考科目,504,p19.jpg,ocr_vision_v1,p19.jpg,504,14035,qianwen_2025_history,exact_match
2854,吉林师范大学（历史组2）,999,不限选考科目,505,p19.jpg,ocr_vision_v1,p19.jpg,505,13835,qianwen_2025_history,exact_match
2855,吉林师范大学博达学院,900,选考地理,451,p19.jpg,ocr_vision_v1,p19.jpg,451,25344,qianwen_2025_history,exact_match
2855,吉林师范大学博达学院,999,不限选考科目,452,p19.jpg,ocr_vision_v1,p19.jpg,452,25117,qianwen_2025_history,exact_match
2856,吉林外国语大学,999,不限选考科目,458,p20.jpg,ocr_vision_v1,p20.jpg,458,23671,qianwen_2025_history,exact_match
2860,济南大学,999,不限选考科目,523,p20.jpg,ocr_vision_v1,p20.jpg,523,10666,qianwen_2025_history,exact_match
2861,暨南大学,700,选考思想政治,600,p20.jpg,ocr_vision_v1,p20.jpg,600,1756,qianwen_2025_history,exact_match
2861,暨南大学,999,不限选考科目,600,p20.jpg,ocr_vision_v1,p20.jpg,600,1756,qianwen_2025_history,exact_match
2865,吉首大学,999,不限选考科目,502,p20.jpg,ocr_vision_v1,p20.jpg,502,14390,qianwen_2025_history,exact_match
2869,嘉应学院,700,选考思想政治,511,p20.jpg,ocr_vision_v1,p20.jpg,511,12736,qianwen_2025_history,exact_match
2869,嘉应学院,900,选考地理,509,p20.jpg,ocr_vision_v1,p20.jpg,509,13073,qianwen_2025_history,exact_match
2869,嘉应学院,999,不限选考科目,505,p20.jpg,ocr_vision_v1,p20.jpg,505,13835,qianwen_2025_history,exact_match
2871,江南大学,999,不限选考科目,593,p20.jpg,ocr_vision_v1,p20.jpg,593,2250,qianwen_2025_history,exact_match
2876,江苏大学,999,不限选考科目,577,p20.jpg,ocr_vision_v1,p20.jpg,577,3694,qianwen_2025_history,exact_match
2877,江苏大学京江学院,999,不限选考科目,466,p20.jpg,ocr_vision_v1,p20.jpg,466,21897,qianwen_2025_history,exact_match
2878,江苏第二师范学院,999,不限选考科目,529,p20.jpg,ocr_vision_v1,p20.jpg,529,9730,qianwen_2025_history,exact_match
2879,江苏海洋大学,999,不限选考科目,527,p20.jpg,ocr_vision_v1,p20.jpg,527,10018,qianwen_2025_history,exact_match
2880,江苏科技大学,999,不限选考科目,548,p20.jpg,ocr_vision_v1,p20.jpg,548,6992,qianwen_2025_history,exact_match
2881,江苏科技大学苏州理工学院,999,不限选考科目,477,p20.jpg,ocr_vision_v1,p20.jpg,477,19441,qianwen_2025_history,exact_match
2882,江苏理工学院,999,不限选考科目,506,p20.jpg,ocr_vision_v1,p20.jpg,506,13640,qianwen_2025_history,exact_match
2884,江苏师范大学,999,不限选考科目,574,p20.jpg,ocr_vision_v1,p20.jpg,574,3995,qianwen_2025_history,exact_match
2885,江苏师范大学科文学院,999,不限选考科目,469,p20.jpg,ocr_vision_v1,p20.jpg,469,21192,qianwen_2025_history,exact_match
2886,江西财经大学,999,不限选考科目,579,p20.jpg,ocr_vision_v1,p20.jpg,579,3501,qianwen_2025_history,exact_match
2888,江西财经大学现代经济管理学院,999,不限选考科目,481,p20.jpg,ocr_vision_v1,p20.jpg,481,18606,qianwen_2025_history,exact_match
2889,江西飞行学院,999,不限选考科目,497,p20.jpg,ocr_vision_v1,p20.jpg,497,15286,qianwen_2025_history,exact_match
2890,江西服装学院,999,不限选考科目,450,p20.jpg,ocr_vision_v1,p20.jpg,450,25562,qianwen_2025_history,exact_match
2891,江西工程学院,999,不限选考科目,461,p20.jpg,ocr_vision_v1,p20.jpg,461,23022,qianwen_2025_history,exact_match
2892,江西警察学院,999,不限选考科目,532,p20.jpg,ocr_vision_v1,p20.jpg,532,9285,qianwen_2025_history,exact_match
2893,江西科技师范大学,999,不限选考科目,523,p20.jpg,ocr_vision_v1,p20.jpg,523,10666,qianwen_2025_history,exact_match
2894,江西科技师范大学（中法）,999,不限选考科目,,p20.jpg,ocr_vision_v1,p20.jpg,,,qianwen_2025_history,no_min_score
2895,江西科技学院,013,,383,,ocr_extracted,,,255,ocr_2025_vocational,extracted
2895,江西科技学院,014,,362,,ocr_extracted,,,206,ocr_2025_vocational,extracted
2895,江西科技学院,015,,363,,ocr_extracted,,,221,ocr_2025_vocational,extracted
2895,江西科技学院,999,不限选考科目,450,p20.jpg,ocr_vision_v1,p20.jpg,450,25562,qianwen_2025_history,exact_match
2896,江西理工大学,999,不限选考科目,517,p20.jpg,ocr_vision_v1,p20.jpg,517,11713,qianwen_2025_history,exact_match
2900,江西农业大学,600,选考生物学,491,p21.jpg,ocr_vision_v1,p21.jpg,491,16465,qianwen_2025_history,exact_match
2900,江西农业大学,999,不限选考科目,518,p21.jpg,ocr_vision_v1,p21.jpg,518,11536,qianwen_2025_history,exact_match
2901,江西农业大学南昌商学院,600,选考生物学,463,p21.jpg,ocr_vision_v1,p21.jpg,463,22579,qianwen_2025_history,exact_match
2901,江西农业大学南昌商学院,999,不限选考科目,468,p21.jpg,ocr_vision_v1,p21.jpg,468,21425,qianwen_2025_history,exact_match
2902,江西软件职业技术大学,005,,361,,ocr_extracted,,,221,ocr_2025_vocational,extracted
2902,江西软件职业技术大学,006,,340,,ocr_extracted,,,167,ocr_2025_vocational,extracted
2902,江西软件职业技术大学,999,不限选考科目,453,p21.jpg,ocr_vision_v1,p21.jpg,453,24878,qianwen_2025_history,exact_match
2903,江西师范大学,700,选考思想政治,588,p21.jpg,ocr_vision_v1,p21.jpg,588,2672,qianwen_2025_history,exact_match
2903,江西师范大学,900,选考地理,583,p21.jpg,ocr_vision_v1,p21.jpg,583,3105,qianwen_2025_history,exact_match
2903,江西师范大学,999,不限选考科目,557,p21.jpg,ocr_vision_v1,p21.jpg,557,5853,qianwen_2025_history,exact_match
2904,江西师范大学科学技术学院,999,不限选考科目,477,p21.jpg,ocr_vision_v1,p21.jpg,477,19441,qianwen_2025_history,exact_match
2905,江西水利电力大学,999,不限选考科目,508,p21.jpg,ocr_vision_v1,p21.jpg,508,13247,qianwen_2025_history,exact_match
2907,江西应用科技学院,002,,314,,ocr_extracted,,,118,ocr_2025_vocational,extracted
2907,江西应用科技学院,999,不限选考科目,,p21.jpg,ocr_vision_v1,p21.jpg,,,qianwen_2025_history,no_min_score
2908,合肥工业大学,001,,421,,ocr_extracted,,,275,ocr_2025_vocational,extracted
2908,合肥工业大学,002,,422,,ocr_extracted,,,272,ocr_2025_vocational,extracted
2909,江西中医药大学,999,不限选考科目,543,p21.jpg,ocr_vision_v1,p21.jpg,543,7662,qianwen_2025_history,exact_match
2910,金陵科技学院,999,不限选考科目,521,p21.jpg,ocr_vision_v1,p21.jpg,521,11007,qianwen_2025_history,exact_match
2913,荆楚理工学院,999,不限选考科目,496,p21.jpg,ocr_vision_v1,p21.jpg,496,15488,qianwen_2025_history,exact_match
2914,景德镇陶瓷大学,999,不限选考科目,513,p21.jpg,ocr_vision_v1,p21.jpg,513,12412,qianwen_2025_history,exact_match
2915,景德镇学院,999,不限选考科目,513,p21.jpg,ocr_vision_v1,p21.jpg,513,12412,qianwen_2025_history,exact_match
2916,景德镇艺术职业大学,004,,333,,ocr_extracted,,,153,ocr_2025_vocational,extracted
2916,景德镇艺术职业大学,005,,293,,ocr_extracted,,,85,ocr_2025_vocational,extracted
2916,景德镇艺术职业大学,700,选考思想政治,458,p21.jpg,ocr_vision_v1,p21.jpg,458,23671,qianwen_2025_history,exact_match
2916,景德镇艺术职业大学,999,不限选考科目,457,p21.jpg,ocr_vision_v1,p21.jpg,457,23893,qianwen_2025_history,exact_match
2917,井冈山大学,700,选考思想政治,538,p21.jpg,ocr_vision_v1,p21.jpg,538,8378,qianwen_2025_history,exact_match
2917,井冈山大学,999,不限选考科目,509,p21.jpg,ocr_vision_v1,p21.jpg,509,13073,qianwen_2025_history,exact_match
2920,九江学院,999,不限选考科目,496,p21.jpg,ocr_vision_v1,p21.jpg,496,15488,qianwen_2025_history,exact_match
2923,喀什大学,700,选考思想政治,482,p21.jpg,ocr_vision_v1,p21.jpg,482,18365,qianwen_2025_history,exact_match
2923,喀什大学,999,不限选考科目,479,p21.jpg,ocr_vision_v1,p21.jpg,479,19014,qianwen_2025_history,exact_match
2932,昆明理工大学,999,不限选考科目,536,p21.jpg,ocr_vision_v1,p21.jpg,536,8662,qianwen_2025_history,exact_match
2934,昆明理工大学津桥学院,999,不限选考科目,468,p21.jpg,ocr_vision_v1,p21.jpg,468,21425,qianwen_2025_history,exact_match
2935,昆明文理学院,999,不限选考科目,451,p21.jpg,ocr_vision_v1,p21.jpg,451,25344,qianwen_2025_history,exact_match
2936,昆明学院,999,不限选考科目,485,p21.jpg,ocr_vision_v1,p21.jpg,485,17700,qianwen_2025_history,exact_match
2938,昆明医科大学海源学院,999,不限选考科目,464,p21.jpg,ocr_vision_v1,p21.jpg,464,22376,qianwen_2025_history,exact_match
2940,兰州博文科技学院,999,不限选考科目,,p22.jpg,ocr_vision_v1,p22.jpg,,,qianwen_2025_history,no_min_score
2941,兰州财经大学,999,不限选考科目,495,p22.jpg,ocr_vision_v1,p22.jpg,495,15677,qianwen_2025_history,exact_match
2942,兰州城市学院,999,不限选考科目,481,p22.jpg,ocr_vision_v1,p22.jpg,481,18606,qianwen_2025_history,exact_match
2943,兰州大学,700,选考思想政治,598,p22.jpg,ocr_vision_v1,p22.jpg,598,1883,qianwen_2025_history,exact_match
2943,兰州大学,999,不限选考科目,593,p22.jpg,ocr_vision_v1,p22.jpg,593,2250,qianwen_2025_history,exact_match
2944,兰州工商学院,700,选考思想政治,455,p22.jpg,ocr_vision_v1,p22.jpg,455,24376,qianwen_2025_history,exact_match
2944,兰州工商学院,999,不限选考科目,453,p22.jpg,ocr_vision_v1,p22.jpg,453,24878,qianwen_2025_history,exact_match
2945,兰州交通大学,999,不限选考科目,505,p22.jpg,ocr_vision_v1,p22.jpg,505,13835,qianwen_2025_history,exact_match
2947,兰州石化职业技术大学,003,,418,,ocr_extracted,,,239,ocr_2025_vocational,extracted
2947,兰州石化职业技术大学,004,,397,,ocr_extracted,,,273,ocr_2025_vocational,extracted
2947,兰州石化职业技术大学,005,,412,,ocr_extracted,,,249,ocr_2025_vocational,extracted
2947,兰州石化职业技术大学,999,不限选考科目,485,p22.jpg,ocr_vision_v1,p22.jpg,485,17700,qianwen_2025_history,exact_match
2949,廊坊师范学院,700,选考思想政治,496,p22.jpg,ocr_vision_v1,p22.jpg,496,15488,qianwen_2025_history,exact_match
2949,廊坊师范学院,999,不限选考科目,504,p22.jpg,ocr_vision_v1,p22.jpg,504,14035,qianwen_2025_history,exact_match
2950,乐山师范学院,900,选考地理,489,p22.jpg,ocr_vision_v1,p22.jpg,489,16866,qianwen_2025_history,exact_match
2950,乐山师范学院,999,不限选考科目,488,p22.jpg,ocr_vision_v1,p22.jpg,488,17086,qianwen_2025_history,exact_match
2951,丽江文化旅游学院,999,不限选考科目,450,p22.jpg,ocr_vision_v1,p22.jpg,450,25562,qianwen_2025_history,exact_match
2952,丽水学院,999,不限选考科目,521,p22.jpg,ocr_vision_v1,p22.jpg,521,11007,qianwen_2025_history,exact_match
2955,聊城大学,999,不限选考科目,534,p22.jpg,ocr_vision_v1,p22.jpg,534,8965,qianwen_2025_history,exact_match
2956,辽宁传媒学院,999,不限选考科目,459,p22.jpg,ocr_vision_v1,p22.jpg,459,23453,qianwen_2025_history,exact_match
2957,辽宁大学,700,选考思想政治,575,p22.jpg,ocr_vision_v1,p22.jpg,575,3889,qianwen_2025_history,exact_match
2957,辽宁大学,999,不限选考科目,580,p22.jpg,ocr_vision_v1,p22.jpg,580,3408,qianwen_2025_history,exact_match
2958,辽宁大学（英语）,999,不限选考科目,579,p22.jpg,ocr_vision_v1,p22.jpg,579,3501,qianwen_2025_history,exact_match
2962,辽宁工程技术大学,999,不限选考科目,491,p22.jpg,ocr_vision_v1,p22.jpg,491,16465,qianwen_2025_history,exact_match
2969,辽宁师范大学海华学院,999,不限选考科目,452,p22.jpg,ocr_vision_v1,p22.jpg,452,25117,qianwen_2025_history,exact_match
2972,辽宁中医药大学,999,不限选考科目,561,p22.jpg,ocr_vision_v1,p22.jpg,561,5349,qianwen_2025_history,exact_match
2974,临沂大学,999,不限选考科目,516,p22.jpg,ocr_vision_v1,p22.jpg,516,11895,qianwen_2025_history,exact_match
2976,岭南师范学院,999,不限选考科目,541,p22.jpg,ocr_vision_v1,p22.jpg,541,7972,qianwen_2025_history,exact_match
2977,六盘水师范学院,999,不限选考科目,486,p22.jpg,ocr_vision_v1,p22.jpg,486,17496,qianwen_2025_history,exact_match
2978,柳州工学院,999,不限选考科目,,p22.jpg,ocr_vision_v1,p22.jpg,,,qianwen_2025_history,no_min_score
2979,陇东学院,900,选考地理,481,p22.jpg,ocr_vision_v1,p22.jpg,481,18606,qianwen_2025_history,exact_match
2979,陇东学院,999,不限选考科目,483,p23.jpg,ocr_vision_v1,p23.jpg,483,18114,qianwen_2025_history,exact_match
2980,鲁东大学,999,不限选考科目,494,p23.jpg,ocr_vision_v1,p23.jpg,494,15873,qianwen_2025_history,exact_match
2990,洛阳理工学院,999,不限选考科目,494,p23.jpg,ocr_vision_v1,p23.jpg,494,15873,qianwen_2025_history,exact_match
2991,洛阳师范学院,999,不限选考科目,484,p23.jpg,ocr_vision_v1,p23.jpg,484,17924,qianwen_2025_history,exact_match
2992,吕梁学院,900,选考地理,478,p23.jpg,ocr_vision_v1,p23.jpg,478,19228,qianwen_2025_history,exact_match
2992,吕梁学院,999,不限选考科目,482,p23.jpg,ocr_vision_v1,p23.jpg,482,18365,qianwen_2025_history,exact_match
2993,马鞍山学院,999,不限选考科目,457,p23.jpg,ocr_vision_v1,p23.jpg,457,23893,qianwen_2025_history,exact_match
2995,绵阳城市学院,999,不限选考科目,451,p23.jpg,ocr_vision_v1,p23.jpg,451,25344,qianwen_2025_history,exact_match
2996,绵阳师范学院,999,不限选考科目,499,p23.jpg,ocr_vision_v1,p23.jpg,499,14911,qianwen_2025_history,exact_match
2997,民政职业大学,999,不限选考科目,492,p23.jpg,ocr_vision_v1,p23.jpg,492,16258,qianwen_2025_history,exact_match
2998,牡丹江师范学院,999,不限选考科目,477,p23.jpg,ocr_vision_v1,p23.jpg,477,19441,qianwen_2025_history,exact_match
3000,南昌大学,999,不限选考科目,586,p23.jpg,ocr_vision_v1,p23.jpg,586,2833,qianwen_2025_history,exact_match
3002,南昌大学共青学院,999,不限选考科目,476,p23.jpg,ocr_vision_v1,p23.jpg,476,19668,qianwen_2025_history,exact_match
3003,南昌大学科学技术学院,999,不限选考科目,469,p23.jpg,ocr_vision_v1,p23.jpg,469,21192,qianwen_2025_history,exact_match
3004,南昌工学院,010,,380,,ocr_extracted,,,253,ocr_2025_vocational,extracted
3004,南昌工学院,013,,286,,ocr_extracted,,,73,ocr_2025_vocational,extracted
3004,南昌工学院,014,,374,,ocr_extracted,,,220,ocr_2025_vocational,extracted
3004,南昌工学院,015,,397,,ocr_extracted,,,273,ocr_2025_vocational,extracted
3004,南昌工学院,016,,306,,ocr_extracted,,,108,ocr_2025_vocational,extracted
3004,南昌工学院,026,,387,,ocr_extracted,,,236,ocr_2025_vocational,extracted
3004,南昌工学院,027,,367,,ocr_extracted,,,219,ocr_2025_vocational,extracted
3004,南昌工学院,028,,398,,ocr_extracted,,,272,ocr_2025_vocational,extracted
3004,南昌工学院,029,,382,,ocr_extracted,,,225,ocr_2025_vocational,extracted
3004,南昌工学院,030,,395,,ocr_extracted,,,281,ocr_2025_vocational,extracted
3004,南昌工学院,031,,412,,ocr_extracted,,,249,ocr_2025_vocational,extracted
3004,南昌工学院,600,选考生物学,463,p23.jpg,ocr_vision_v1,p23.jpg,463,22579,qianwen_2025_history,exact_match
3004,南昌工学院,700,选考思想政治,470,p23.jpg,ocr_vision_v1,p23.jpg,470,20965,qianwen_2025_history,exact_match
3004,南昌工学院,999,不限选考科目,457,p23.jpg,ocr_vision_v1,p23.jpg,457,23893,qianwen_2025_history,exact_match
3007,南昌航空大学科技学院,999,不限选考科目,469,p23.jpg,ocr_vision_v1,p23.jpg,469,21192,qianwen_2025_history,exact_match
3008,南昌交通学院,999,不限选考科目,454,p23.jpg,ocr_vision_v1,p23.jpg,454,24631,qianwen_2025_history,exact_match
3009,南昌理工学院,020,,362,,ocr_extracted,,,206,ocr_2025_vocational,extracted
3009,南昌理工学院,021,,383,,ocr_extracted,,,255,ocr_2025_vocational,extracted
3009,南昌理工学院,022,,352,,ocr_extracted,,,200,ocr_2025_vocational,extracted
3009,南昌理工学院,024,,360,,ocr_extracted,,,216,ocr_2025_vocational,extracted
3009,南昌理工学院,999,不限选考科目,455,p23.jpg,ocr_vision_v1,p23.jpg,455,24376,qianwen_2025_history,exact_match
3010,南昌师范学院,700,选考思想政治,534,p23.jpg,ocr_vision_v1,p23.jpg,534,8965,qianwen_2025_history,exact_match
3010,南昌师范学院,999,不限选考科目,515,p23.jpg,ocr_vision_v1,p23.jpg,515,12078,qianwen_2025_history,exact_match
3011,南昌医学院,600,选考生物学,488,p23.jpg,ocr_vision_v1,p23.jpg,488,17086,qianwen_2025_history,exact_match
3011,南昌医学院,999,不限选考科目,503,p23.jpg,ocr_vision_v1,p23.jpg,503,14221,qianwen_2025_history,exact_match
3020,南昌应用技术师范学院,006,,407,,ocr_extracted,,,260,ocr_2025_vocational,extracted
3020,南昌应用技术师范学院,014,,381,,ocr_extracted,,,249,ocr_2025_vocational,extracted
3020,南昌应用技术师范学院,016,,331,,ocr_extracted,,,152,ocr_2025_vocational,extracted
3020,南昌应用技术师范学院,999,不限选考科目,471,p23.jpg,ocr_vision_v1,p23.jpg,471,20756,qianwen_2025_history,exact_match
3021,南昌职业大学,003,,311,,ocr_extracted,,,126,ocr_2025_vocational,extracted
3021,南昌职业大学,013,,382,,ocr_extracted,,,225,ocr_2025_vocational,extracted
3021,南昌职业大学,014,,382,,ocr_extracted,,,225,ocr_2025_vocational,extracted
3021,南昌职业大学,015,,362,,ocr_extracted,,,206,ocr_2025_vocational,extracted
3021,南昌职业大学,999,不限选考科目,450,p23.jpg,ocr_vision_v1,p23.jpg,450,25562,qianwen_2025_history,exact_match
3024,南方医科大学,999,不限选考科目,576,p23.jpg,ocr_vision_v1,p23.jpg,576,3808,qianwen_2025_history,exact_match
3025,南华大学,999,不限选考科目,511,p23.jpg,ocr_vision_v1,p23.jpg,511,12736,qianwen_2025_history,exact_match
3026,南京财经大学,999,不限选考科目,564,p24.jpg,ocr_vision_v1,p24.jpg,564,5010,qianwen_2025_history,exact_match
3028,南京财经大学红山学院,999,不限选考科目,475,p24.jpg,ocr_vision_v1,p24.jpg,475,19889,qianwen_2025_history,exact_match
3029,南京传媒学院,999,不限选考科目,473,p24.jpg,ocr_vision_v1,p24.jpg,473,20340,qianwen_2025_history,exact_match
3030,南京大学,999,不限选考科目,641,p24.jpg,ocr_vision_v1,p24.jpg,641,203,qianwen_2025_history,exact_match
3032,南京工程学院,999,不限选考科目,536,p24.jpg,ocr_vision_v1,p24.jpg,536,8662,qianwen_2025_history,exact_match
3034,南京工业大学,999,不限选考科目,559,p24.jpg,ocr_vision_v1,p24.jpg,559,5592,qianwen_2025_history,exact_match
3036,南京工业大学浦江学院,999,不限选考科目,469,p24.jpg,ocr_vision_v1,p24.jpg,469,21192,qianwen_2025_history,exact_match
3037,南京工业职业技术大学,999,不限选考科目,503,p24.jpg,ocr_vision_v1,p24.jpg,503,14221,qianwen_2025_history,exact_match
3038,南京航空航天大学,999,不限选考科目,593,p24.jpg,ocr_vision_v1,p24.jpg,593,2250,qianwen_2025_history,exact_match
3040,南京航空航天大学金城学院,999,不限选考科目,470,p24.jpg,ocr_vision_v1,p24.jpg,470,20965,qianwen_2025_history,exact_match
3043,南京理工大学,700,选考思想政治,595,p24.jpg,ocr_vision_v1,p24.jpg,595,2087,qianwen_2025_history,exact_match
3043,南京理工大学,999,不限选考科目,586,p24.jpg,ocr_vision_v1,p24.jpg,586,2833,qianwen_2025_history,exact_match
3045,南京理工大学紫金学院,999,不限选考科目,496,p24.jpg,ocr_vision_v1,p24.jpg,496,15488,qianwen_2025_history,exact_match
3046,南京林业大学,999,不限选考科目,575,p24.jpg,ocr_vision_v1,p24.jpg,575,3889,qianwen_2025_history,exact_match
3048,南京农业大学,999,不限选考科目,585,p24.jpg,ocr_vision_v1,p24.jpg,585,2932,qianwen_2025_history,exact_match
3049,南京审计大学,999,不限选考科目,583,p24.jpg,ocr_vision_v1,p24.jpg,583,3105,qianwen_2025_history,exact_match
3050,南京审计大学（中外合作）,999,不限选考科目,581,p24.jpg,ocr_vision_v1,p24.jpg,581,3319,qianwen_2025_history,exact_match
3051,南京审计大学金审学院,999,不限选考科目,483,p24.jpg,ocr_vision_v1,p24.jpg,483,18114,qianwen_2025_history,exact_match
3052,南京师范大学,999,不限选考科目,604,p24.jpg,ocr_vision_v1,p24.jpg,604,1504,qianwen_2025_history,exact_match
3053,南京特殊教育师范学院,999,不限选考科目,520,p24.jpg,ocr_vision_v1,p24.jpg,520,11188,qianwen_2025_history,exact_match
3055,南京晓庄学院,999,不限选考科目,525,p24.jpg,ocr_vision_v1,p24.jpg,525,10316,qianwen_2025_history,exact_match
3057,南京信息工程大学（中外合作）,999,不限选考科目,550,p24.jpg,ocr_vision_v1,p24.jpg,550,6718,qianwen_2025_history,exact_match
3059,南京医科大学康达学院,999,不限选考科目,466,p24.jpg,ocr_vision_v1,p24.jpg,466,21897,qianwen_2025_history,exact_match
3060,南京艺术学院,999,不限选考科目,539,p24.jpg,ocr_vision_v1,p24.jpg,539,8243,qianwen_2025_history,exact_match
3064,南开大学,999,不限选考科目,629,p24.jpg,ocr_vision_v1,p24.jpg,629,454,qianwen_2025_history,exact_match
3065,南宁理工学院,999,不限选考科目,451,p24.jpg,ocr_vision_v1,p24.jpg,451,25344,qianwen_2025_history,exact_match
3066,南宁师范大学,700,选考思想政治,548,p24.jpg,ocr_vision_v1,p24.jpg,548,6992,qianwen_2025_history,exact_match
3066,南宁师范大学,999,不限选考科目,498,p24.jpg,ocr_vision_v1,p24.jpg,498,15098,qianwen_2025_history,exact_match
3068,南宁师范大学师园学院,999,不限选考科目,468,p25.jpg,ocr_vision_v1,p25.jpg,468,21425,qianwen_2025_history,exact_match
3069,南宁学院,999,不限选考科目,456,p25.jpg,ocr_vision_v1,p25.jpg,456,24118,qianwen_2025_history,exact_match
3070,南通大学,700,选考思想政治,574,p25.jpg,ocr_vision_v1,p25.jpg,574,3995,qianwen_2025_history,exact_match
3070,南通大学,999,不限选考科目,561,p25.jpg,ocr_vision_v1,p25.jpg,561,5349,qianwen_2025_history,exact_match
3072,南通理工学院,999,不限选考科目,456,p25.jpg,ocr_vision_v1,p25.jpg,456,24118,qianwen_2025_history,exact_match
3073,南阳理工学院,500,选考化学,,p25.jpg,ocr_vision_v1,p25.jpg,,,qianwen_2025_history,no_min_score
3073,南阳理工学院,999,不限选考科目,487,p25.jpg,ocr_vision_v1,p25.jpg,487,17282,qianwen_2025_history,exact_match
3075,南阳师范学院,700,选考思想政治,492,p25.jpg,ocr_vision_v1,p25.jpg,492,16258,qianwen_2025_history,exact_match
3075,南阳师范学院,999,不限选考科目,490,p25.jpg,ocr_vision_v1,p25.jpg,490,16669,qianwen_2025_history,exact_match
3076,内江师范学院,999,不限选考科目,532,p25.jpg,ocr_vision_v1,p25.jpg,532,9285,qianwen_2025_history,exact_match
3077,内蒙古大学,700,选考思想政治,568,p25.jpg,ocr_vision_v1,p25.jpg,568,4577,qianwen_2025_history,exact_match
3077,内蒙古大学,999,不限选考科目,580,p25.jpg,ocr_vision_v1,p25.jpg,580,3408,qianwen_2025_history,exact_match
3079,内蒙古科技大学,700,选考思想政治,488,p25.jpg,ocr_vision_v1,p25.jpg,488,17086,qianwen_2025_history,exact_match
3079,内蒙古科技大学,999,不限选考科目,475,p25.jpg,ocr_vision_v1,p25.jpg,475,19889,qianwen_2025_history,exact_match
3080,内蒙古民族大学,999,不限选考科目,477,p25.jpg,ocr_vision_v1,p25.jpg,477,19441,qianwen_2025_history,exact_match
3082,内蒙古师范大学,999,不限选考科目,484,p25.jpg,ocr_vision_v1,p25.jpg,484,17924,qianwen_2025_history,exact_match
3085,宁波财经学院,999,不限选考科目,457,p25.jpg,ocr_vision_v1,p25.jpg,457,23893,qianwen_2025_history,exact_match
3086,宁波大学,999,不限选考科目,583,p25.jpg,ocr_vision_v1,p25.jpg,583,3105,qianwen_2025_history,exact_match
3087,宁波大学（中外合作）,999,不限选考科目,542,p25.jpg,ocr_vision_v1,p25.jpg,542,7829,qianwen_2025_history,exact_match
3088,宁波大学科学技术学院,999,不限选考科目,482,p25.jpg,ocr_vision_v1,p25.jpg,482,18365,qianwen_2025_history,exact_match
3089,宁波工程学院,999,不限选考科目,518,p25.jpg,ocr_vision_v1,p25.jpg,518,11536,qianwen_2025_history,exact_match
3091,宁波诺丁汉大学,700,选考思想政治,573,p25.jpg,ocr_vision_v1,p25.jpg,573,4101,qianwen_2025_history,exact_match
3091,宁波诺丁汉大学,999,不限选考科目,557,p25.jpg,ocr_vision_v1,p25.jpg,557,5853,qianwen_2025_history,exact_match
3092,宁夏大学,999,不限选考科目,554,p25.jpg,ocr_vision_v1,p25.jpg,554,6194,qianwen_2025_history,exact_match
3093,宁夏大学（高收费）,999,不限选考科目,538,p25.jpg,ocr_vision_v1,p25.jpg,538,8378,qianwen_2025_history,exact_match
3096,宁夏理工学院,700,选考思想政治,,p25.jpg,ocr_vision_v1,p25.jpg,,,qianwen_2025_history,no_min_score
3096,宁夏理工学院,999,不限选考科目,450,p25.jpg,ocr_vision_v1,p25.jpg,450,25562,qianwen_2025_history,exact_match
3097,宁夏师范大学,700,选考思想政治,513,p25.jpg,ocr_vision_v1,p25.jpg,513,12412,qianwen_2025_history,exact_match
3099,攀枝花学院,999,不限选考科目,484,p26.jpg,ocr_vision_v1,p26.jpg,484,17924,qianwen_2025_history,exact_match
3100,平顶山学院,999,不限选考科目,481,p26.jpg,ocr_vision_v1,p26.jpg,481,18606,qianwen_2025_history,exact_match
3101,萍乡学院,999,不限选考科目,490,p26.jpg,ocr_vision_v1,p26.jpg,490,16669,qianwen_2025_history,exact_match
3105,齐鲁医药学院,999,不限选考科目,471,p26.jpg,ocr_vision_v1,p26.jpg,471,20756,qianwen_2025_history,exact_match
3106,齐齐哈尔大学,999,不限选考科目,483,p26.jpg,ocr_vision_v1,p26.jpg,483,18114,qianwen_2025_history,exact_match
3107,齐齐哈尔医学院,999,不限选考科目,479,p26.jpg,ocr_vision_v1,p26.jpg,479,19014,qianwen_2025_history,exact_match
3110,青岛城市学院,999,不限选考科目,,p26.jpg,ocr_vision_v1,p26.jpg,,,qianwen_2025_history,no_min_score
3111,青岛大学,999,不限选考科目,523,p26.jpg,ocr_vision_v1,p26.jpg,523,10666,qianwen_2025_history,exact_match
3112,青岛电影学院,999,不限选考科目,484,p26.jpg,ocr_vision_v1,p26.jpg,484,17924,qianwen_2025_history,exact_match
3113,青岛工学院,999,不限选考科目,451,p26.jpg,ocr_vision_v1,p26.jpg,451,25344,qianwen_2025_history,exact_match
3114,青岛恒星科技学院,600,选考生物学,,p26.jpg,ocr_vision_v1,p26.jpg,,,qianwen_2025_history,no_min_score
3114,青岛恒星科技学院,999,不限选考科目,,p26.jpg,ocr_vision_v1,p26.jpg,,,qianwen_2025_history,no_min_score
3115,青岛黄海学院,010,,405,,ocr_extracted,,,239,ocr_2025_vocational,extracted
3115,青岛黄海学院,011,,393,,ocr_extracted,,,240,ocr_2025_vocational,extracted
3115,青岛黄海学院,012,,419,,ocr_extracted,,,286,ocr_2025_vocational,extracted
3116,青岛科技大学,999,不限选考科目,524,p26.jpg,ocr_vision_v1,p26.jpg,524,10480,qianwen_2025_history,exact_match
3118,青岛理工大学,999,不限选考科目,512,p26.jpg,ocr_vision_v1,p26.jpg,512,12576,qianwen_2025_history,exact_match
3119,青岛理工大学（中外合作）,999,不限选考科目,516,p26.jpg,ocr_vision_v1,p26.jpg,516,11895,qianwen_2025_history,exact_match
3120,青岛农业大学,999,不限选考科目,522,p26.jpg,ocr_vision_v1,p26.jpg,522,10821,qianwen_2025_history,exact_match
3121,青岛农业大学海都学院,999,不限选考科目,454,p26.jpg,ocr_vision_v1,p26.jpg,454,24631,qianwen_2025_history,exact_match
3124,青海民族大学,999,不限选考科目,484,p26.jpg,ocr_vision_v1,p26.jpg,484,17924,qianwen_2025_history,exact_match
3126,青海师范大学,700,选考思想政治,551,p26.jpg,ocr_vision_v1,p26.jpg,551,6596,qianwen_2025_history,exact_match
3126,青海师范大学,999,不限选考科目,460,p26.jpg,ocr_vision_v1,p26.jpg,460,23232,qianwen_2025_history,exact_match
3128,清华大学,999,不限选考科目,669,p26.jpg,ocr_vision_v1,p26.jpg,669,18,qianwen_2025_history,exact_match
3129,琼台师范学院,999,不限选考科目,493,p26.jpg,ocr_vision_v1,p26.jpg,493,16064,qianwen_2025_history,exact_match
3130,琼台师范学院（中外合作）,999,不限选考科目,,p26.jpg,ocr_vision_v1,p26.jpg,,,qianwen_2025_history,no_min_score
3131,曲阜师范大学,700,选考思想政治,538,p26.jpg,ocr_vision_v1,p26.jpg,538,8378,qianwen_2025_history,exact_match
3131,曲阜师范大学,999,不限选考科目,537,p26.jpg,ocr_vision_v1,p26.jpg,537,8521,qianwen_2025_history,exact_match
3132,曲靖师范学院,900,选考地理,503,p26.jpg,ocr_vision_v1,p26.jpg,503,14221,qianwen_2025_history,exact_match
3132,曲靖师范学院,999,不限选考科目,486,p26.jpg,ocr_vision_v1,p26.jpg,486,17496,qianwen_2025_history,exact_match
3133,衢州学院,999,不限选考科目,491,p26.jpg,ocr_vision_v1,p26.jpg,491,16465,qianwen_2025_history,exact_match
3134,三江学院,999,不限选考科目,450,p27.jpg,ocr_vision_v1,p27.jpg,450,25562,qianwen_2025_history,exact_match
3135,三峡大学,999,不限选考科目,510,p27.jpg,ocr_vision_v1,p27.jpg,510,12894,qianwen_2025_history,exact_match
3136,三峡大学科技学院,003,,364,,ocr_extracted,,,238,ocr_2025_vocational,extracted
3136,三峡大学科技学院,004,,382,,ocr_extracted,,,225,ocr_2025_vocational,extracted
3136,三峡大学科技学院,999,不限选考科目,466,p27.jpg,ocr_vision_v1,p27.jpg,466,21897,qianwen_2025_history,exact_match
3137,三亚学院,700,选考思想政治,454,p27.jpg,ocr_vision_v1,p27.jpg,454,24631,qianwen_2025_history,exact_match
3137,三亚学院,999,不限选考科目,452,p27.jpg,ocr_vision_v1,p27.jpg,452,25117,qianwen_2025_history,exact_match
3138,山东财经大学,999,不限选考科目,540,p27.jpg,ocr_vision_v1,p27.jpg,540,8090,qianwen_2025_history,exact_match
3139,山东大学,999,不限选考科目,606,p27.jpg,ocr_vision_v1,p27.jpg,606,1362,qianwen_2025_history,exact_match
3141,山东大学威海分校,999,不限选考科目,604,p27.jpg,ocr_vision_v1,p27.jpg,604,1504,qianwen_2025_history,exact_match
3143,山东第一医科大学,999,不限选考科目,498,p27.jpg,ocr_vision_v1,p27.jpg,498,15098,qianwen_2025_history,exact_match
3144,山东工商学院,999,不限选考科目,492,p27.jpg,ocr_vision_v1,p27.jpg,492,16258,qianwen_2025_history,exact_match
3147,山东建筑大学,999,不限选考科目,504,p27.jpg,ocr_vision_v1,p27.jpg,504,14035,qianwen_2025_history,exact_match
3149,山东交通学院,999,不限选考科目,519,p27.jpg,ocr_vision_v1,p27.jpg,519,11356,qianwen_2025_history,exact_match
3150,山东科技大学,999,不限选考科目,539,p27.jpg,ocr_vision_v1,p27.jpg,539,8243,qianwen_2025_history,exact_match
3152,山东理工大学,999,不限选考科目,499,p27.jpg,ocr_vision_v1,p27.jpg,499,14911,qianwen_2025_history,exact_match
3154,山东女子学院,999,不限选考科目,479,p27.jpg,ocr_vision_v1,p27.jpg,479,19014,qianwen_2025_history,exact_match
3155,山东师范大学,900,选考地理,590,p27.jpg,ocr_vision_v1,p27.jpg,590,2495,qianwen_2025_history,exact_match
3155,山东师范大学,999,不限选考科目,528,p27.jpg,ocr_vision_v1,p27.jpg,528,9875,qianwen_2025_history,exact_match
3156,山东师范大学（戏剧影视文学）,999,不限选考科目,528,p27.jpg,ocr_vision_v1,p27.jpg,528,9875,qianwen_2025_history,exact_match
3157,山东石油化工学院,999,不限选考科目,513,p27.jpg,ocr_vision_v1,p27.jpg,513,12412,qianwen_2025_history,exact_match
3158,山东外国语职业技术大学,999,不限选考科目,450,p27.jpg,ocr_vision_v1,p27.jpg,450,25562,qianwen_2025_history,exact_match
3159,山东协和学院,600,选考生物学,455,p27.jpg,ocr_vision_v1,p27.jpg,455,24376,qianwen_2025_history,exact_match
3160,山东艺术学院,999,不限选考科目,485,p27.jpg,ocr_vision_v1,p27.jpg,485,17700,qianwen_2025_history,exact_match
3161,山东英才学院,600,选考生物学,,p27.jpg,ocr_vision_v1,p27.jpg,,,qianwen_2025_history,no_min_score
3161,山东英才学院,999,不限选考科目,,p27.jpg,ocr_vision_v1,p27.jpg,,,qianwen_2025_history,no_min_score
3162,山东中医药大学,999,不限选考科目,507,p27.jpg,ocr_vision_v1,p27.jpg,507,13459,qianwen_2025_history,exact_match
3163,汕头大学,999,不限选考科目,573,p27.jpg,ocr_vision_v1,p27.jpg,573,4101,qianwen_2025_history,exact_match
3164,山西财经大学,900,选考地理,546,p27.jpg,ocr_vision_v1,p27.jpg,546,7235,qianwen_2025_history,exact_match
3164,山西财经大学,999,不限选考科目,512,p27.jpg,ocr_vision_v1,p27.jpg,512,12576,qianwen_2025_history,exact_match
3165,山西财经大学（中外合作）,999,不限选考科目,491,p28.jpg,ocr_vision_v1,p28.jpg,491,16465,qianwen_2025_history,exact_match
3166,山西传媒学院,999,不限选考科目,481,p28.jpg,ocr_vision_v1,p28.jpg,481,18606,qianwen_2025_history,exact_match
3167,山西大同大学,700,选考思想政治,499,p28.jpg,ocr_vision_v1,p28.jpg,499,14911,qianwen_2025_history,exact_match
3167,山西大同大学,999,不限选考科目,521,p28.jpg,ocr_vision_v1,p28.jpg,521,11007,qianwen_2025_history,exact_match
3168,山西大学,700,选考思想政治,559,p28.jpg,ocr_vision_v1,p28.jpg,559,5592,qianwen_2025_history,exact_match
3168,山西大学,999,不限选考科目,560,p28.jpg,ocr_vision_v1,p28.jpg,560,5475,qianwen_2025_history,exact_match
3171,陕西国际商贸学院,999,不限选考科目,,p28.jpg,ocr_vision_v1,p28.jpg,,,qianwen_2025_history,no_min_score
3172,山西晋中理工学院,999,不限选考科目,458,p28.jpg,ocr_vision_v1,p28.jpg,458,23671,qianwen_2025_history,exact_match
3175,陕西理工大学,999,不限选考科目,495,p28.jpg,ocr_vision_v1,p28.jpg,495,15677,qianwen_2025_history,exact_match
3176,山西农业大学,700,选考思想政治,505,p28.jpg,ocr_vision_v1,p28.jpg,505,13835,qianwen_2025_history,exact_match
3176,山西农业大学,999,不限选考科目,493,p28.jpg,ocr_vision_v1,p28.jpg,493,16064,qianwen_2025_history,exact_match
3177,山西师范大学,700,选考思想政治,556,p28.jpg,ocr_vision_v1,p28.jpg,556,5970,qianwen_2025_history,exact_match
3177,山西师范大学,999,不限选考科目,515,p28.jpg,ocr_vision_v1,p28.jpg,515,12078,qianwen_2025_history,exact_match
3178,陕西师范大学,700,选考思想政治,599,p28.jpg,ocr_vision_v1,p28.jpg,599,1821,qianwen_2025_history,exact_match
3178,陕西师范大学,999,不限选考科目,591,p28.jpg,ocr_vision_v1,p28.jpg,591,2421,qianwen_2025_history,exact_match
3181,山西医科大学,600,选考生物学,494,p28.jpg,ocr_vision_v1,p28.jpg,494,15873,qianwen_2025_history,exact_match
3181,山西医科大学,999,不限选考科目,483,p28.jpg,ocr_vision_v1,p28.jpg,483,18114,qianwen_2025_history,exact_match
3183,山西中医药大学,600,选考生物学,532,p28.jpg,ocr_vision_v1,p28.jpg,532,9285,qianwen_2025_history,exact_match
3183,山西中医药大学,999,不限选考科目,544,p28.jpg,ocr_vision_v1,p28.jpg,544,7522,qianwen_2025_history,exact_match
3184,上海财经大学,999,不限选考科目,617,p28.jpg,ocr_vision_v1,p28.jpg,617,851,qianwen_2025_history,exact_match
3185,上海财经大学浙江学院,999,不限选考科目,469,p28.jpg,ocr_vision_v1,p28.jpg,469,21192,qianwen_2025_history,exact_match
3186,上海大学,999,不限选考科目,600,p28.jpg,ocr_vision_v1,p28.jpg,600,1756,qianwen_2025_history,exact_match
3187,上海大学（广播电视编导）,999,不限选考科目,588,p28.jpg,ocr_vision_v1,p28.jpg,588,2672,qianwen_2025_history,exact_match
3192,上海对外经贸大学,999,不限选考科目,586,p28.jpg,ocr_vision_v1,p28.jpg,586,2833,qianwen_2025_history,exact_match
3193,上海对外经贸大学（中外合作）,999,不限选考科目,574,p28.jpg,ocr_vision_v1,p28.jpg,574,3995,qianwen_2025_history,exact_match
3198,上海海事大学,999,不限选考科目,587,p28.jpg,ocr_vision_v1,p28.jpg,587,2749,qianwen_2025_history,exact_match
3199,上海海洋大学,999,不限选考科目,580,p28.jpg,ocr_vision_v1,p28.jpg,580,3408,qianwen_2025_history,exact_match
3202,上海建桥学院,999,不限选考科目,450,p28.jpg,ocr_vision_v1,p28.jpg,450,25562,qianwen_2025_history,exact_match
3203,上海交通大学,999,不限选考科目,658,p29.jpg,ocr_vision_v1,p29.jpg,658,48,qianwen_2025_history,exact_match
3208,上海立达学院,999,不限选考科目,,p29.jpg,ocr_vision_v1,p29.jpg,,,qianwen_2025_history,no_min_score
3209,上海理工大学,999,不限选考科目,561,p29.jpg,ocr_vision_v1,p29.jpg,561,5349,qianwen_2025_history,exact_match
3211,上海立信会计金融学院,999,不限选考科目,559,p29.jpg,ocr_vision_v1,p29.jpg,559,5592,qianwen_2025_history,exact_match
3213,上海杉达学院,999,不限选考科目,481,p29.jpg,ocr_vision_v1,p29.jpg,481,18606,qianwen_2025_history,exact_match
3214,上海商学院,999,不限选考科目,538,p29.jpg,ocr_vision_v1,p29.jpg,538,8378,qianwen_2025_history,exact_match
3215,上海师范大学,999,不限选考科目,562,p29.jpg,ocr_vision_v1,p29.jpg,562,5243,qianwen_2025_history,exact_match
3216,上海师范大学天华学院,999,不限选考科目,,p29.jpg,ocr_vision_v1,p29.jpg,,,qianwen_2025_history,no_min_score
3217,上海视觉艺术学院,999,不限选考科目,458,p29.jpg,ocr_vision_v1,p29.jpg,458,23671,qianwen_2025_history,exact_match
3218,上海外国语大学,999,不限选考科目,603,p29.jpg,ocr_vision_v1,p29.jpg,603,1573,qianwen_2025_history,exact_match
3219,上海外国语大学（中外合作）,999,不限选考科目,586,p29.jpg,ocr_vision_v1,p29.jpg,586,2833,qianwen_2025_history,exact_match
3220,上海外国语大学贤达经济人文学院,999,不限选考科目,450,p29.jpg,ocr_vision_v1,p29.jpg,450,25562,qianwen_2025_history,exact_match
3222,上海兴伟学院,999,不限选考科目,,p29.jpg,ocr_vision_v1,p29.jpg,,,qianwen_2025_history,no_min_score
3225,上海政法学院,999,不限选考科目,592,p29.jpg,ocr_vision_v1,p29.jpg,592,2338,qianwen_2025_history,exact_match
3226,上海中侨职业技术大学,999,不限选考科目,,p29.jpg,ocr_vision_v1,p29.jpg,,,qianwen_2025_history,no_min_score
3231,商丘师范学院,999,不限选考科目,482,p29.jpg,ocr_vision_v1,p29.jpg,482,18365,qianwen_2025_history,exact_match
3232,上饶师范学院,700,选考思想政治,520,p29.jpg,ocr_vision_v1,p29.jpg,520,11188,qianwen_2025_history,exact_match
3232,上饶师范学院,999,不限选考科目,494,p29.jpg,ocr_vision_v1,p29.jpg,494,15873,qianwen_2025_history,exact_match
3233,韶关学院,900,选考地理,512,p29.jpg,ocr_vision_v1,p29.jpg,512,12576,qianwen_2025_history,exact_match
3236,绍兴文理学院（中外合作）,999,不限选考科目,463,p29.jpg,ocr_vision_v1,p29.jpg,463,22579,qianwen_2025_history,exact_match
3237,邵阳学院,999,不限选考科目,485,p29.jpg,ocr_vision_v1,p29.jpg,485,17700,qianwen_2025_history,exact_match
3247,沈阳理工大学,999,不限选考科目,507,p29.jpg,ocr_vision_v1,p29.jpg,507,13459,qianwen_2025_history,exact_match
3252,沈阳师范大学,999,不限选考科目,488,p29.jpg,ocr_vision_v1,p29.jpg,488,17086,qianwen_2025_history,exact_match
3256,沈阳医学院,600,选考生物学,498,p29.jpg,ocr_vision_v1,p29.jpg,498,15098,qianwen_2025_history,exact_match
3259,深圳大学,999,不限选考科目,595,p29.jpg,ocr_vision_v1,p29.jpg,595,2087,qianwen_2025_history,exact_match
3261,深圳技术大学,999,不限选考科目,570,p29.jpg,ocr_vision_v1,p29.jpg,570,4392,qianwen_2025_history,exact_match
3263,石家庄铁道大学,999,不限选考科目,541,p29.jpg,ocr_vision_v1,p29.jpg,541,7972,qianwen_2025_history,exact_match
3264,石家庄铁道大学四方学院,999,不限选考科目,475,p29.jpg,ocr_vision_v1,p29.jpg,475,19889,qianwen_2025_history,exact_match
3265,首都经济贸易大学,999,不限选考科目,586,p30.jpg,ocr_vision_v1,p30.jpg,586,2833,qianwen_2025_history,exact_match
3267,首都师范大学,999,不限选考科目,575,p30.jpg,ocr_vision_v1,p30.jpg,575,3889,qianwen_2025_history,exact_match
3270,四川传媒学院,999,不限选考科目,480,p30.jpg,ocr_vision_v1,p30.jpg,480,18810,qianwen_2025_history,exact_match
3271,四川大学,999,不限选考科目,609,p30.jpg,ocr_vision_v1,p30.jpg,609,1225,qianwen_2025_history,exact_match
3272,四川大学（广播电视编导）,999,不限选考科目,591,p30.jpg,ocr_vision_v1,p30.jpg,591,2421,qianwen_2025_history,exact_match
3275,四川大学（美术学）,999,不限选考科目,593,p30.jpg,ocr_vision_v1,p30.jpg,593,2250,qianwen_2025_history,exact_match
3280,四川大学锦江学院,009,,329,,ocr_extracted,,,146,ocr_2025_vocational,extracted
3280,四川大学锦江学院,010,,285,,ocr_extracted,,,67,ocr_2025_vocational,extracted
3280,四川大学锦江学院,014,,384,,ocr_extracted,,,249,ocr_2025_vocational,extracted
3280,四川大学锦江学院,015,,351,,ocr_extracted,,,180,ocr_2025_vocational,extracted
3280,四川大学锦江学院,016,,283,,ocr_extracted,,,69,ocr_2025_vocational,extracted
3280,四川大学锦江学院,700,选考思想政治,462,p30.jpg,ocr_vision_v1,p30.jpg,462,22810,qianwen_2025_history,exact_match
3280,四川大学锦江学院,999,不限选考科目,460,p30.jpg,ocr_vision_v1,p30.jpg,460,23232,qianwen_2025_history,exact_match
3282,昆明城市学院,002,,400,,ocr_extracted,,,238,ocr_2025_vocational,extracted
3282,昆明城市学院,003,,429,,ocr_extracted,,,267,ocr_2025_vocational,extracted
3282,昆明城市学院,004,,446,,ocr_extracted,,,283,ocr_2025_vocational,extracted
3282,昆明城市学院,005,,412,,ocr_extracted,,,249,ocr_2025_vocational,extracted
3283,四川工商学院,999,不限选考科目,475,p30.jpg,ocr_vision_v1,p30.jpg,475,19889,qianwen_2025_history,exact_match
3284,四川工业科技学院,999,不限选考科目,450,p30.jpg,ocr_vision_v1,p30.jpg,450,25562,qianwen_2025_history,exact_match
3285,四川警察学院,999,不限选考科目,541,p30.jpg,ocr_vision_v1,p30.jpg,541,7972,qianwen_2025_history,exact_match
3286,四川旅游学院,999,不限选考科目,504,p30.jpg,ocr_vision_v1,p30.jpg,504,14035,qianwen_2025_history,exact_match
3288,四川美术学院,999,不限选考科目,523,p30.jpg,ocr_vision_v1,p30.jpg,523,10666,qianwen_2025_history,exact_match
3290,四川轻化工大学,999,不限选考科目,513,p30.jpg,ocr_vision_v1,p30.jpg,513,12412,qianwen_2025_history,exact_match
3291,四川师范大学,003,,411,,ocr_extracted,,,243,ocr_2025_vocational,extracted
3291,四川师范大学,700,选考思想政治,556,p30.jpg,ocr_vision_v1,p30.jpg,556,5970,qianwen_2025_history,exact_match
3291,四川师范大学,900,选考地理,563,p30.jpg,ocr_vision_v1,p30.jpg,563,5127,qianwen_2025_history,exact_match
3291,四川师范大学,999,不限选考科目,547,p30.jpg,ocr_vision_v1,p30.jpg,547,7113,qianwen_2025_history,exact_match
3292,四川外国语大学,999,不限选考科目,550,p30.jpg,ocr_vision_v1,p30.jpg,550,6718,qianwen_2025_history,exact_match
3293,四川外国语大学（中外合作1）,999,不限选考科目,525,p30.jpg,ocr_vision_v1,p30.jpg,525,10316,qianwen_2025_history,exact_match
3294,四川外国语大学（中外合作2）,999,不限选考科目,517,p30.jpg,ocr_vision_v1,p30.jpg,517,11713,qianwen_2025_history,exact_match
3296,四川文理学院,999,不限选考科目,488,p30.jpg,ocr_vision_v1,p30.jpg,488,17086,qianwen_2025_history,exact_match
3297,四川音乐学院,999,不限选考科目,501,p30.jpg,ocr_vision_v1,p30.jpg,501,14561,qianwen_2025_history,exact_match
3298,苏州城市学院,999,不限选考科目,528,p30.jpg,ocr_vision_v1,p30.jpg,528,9875,qianwen_2025_history,exact_match
3299,苏州大学,719,选考思想政治且地理,606,p30.jpg,ocr_vision_v1,p30.jpg,606,1362,qianwen_2025_history,exact_match
3299,苏州大学,999,不限选考科目,608,p30.jpg,ocr_vision_v1,p30.jpg,608,1276,qianwen_2025_history,exact_match
3302,苏州工学院,999,不限选考科目,517,p30.jpg,ocr_vision_v1,p30.jpg,517,11713,qianwen_2025_history,exact_match
3303,苏州科技大学,999,不限选考科目,547,p30.jpg,ocr_vision_v1,p30.jpg,547,7113,qianwen_2025_history,exact_match
3305,苏州科技大学天平学院,999,不限选考科目,469,p30.jpg,ocr_vision_v1,p30.jpg,469,21192,qianwen_2025_history,exact_match
3306,塔里木大学,999,不限选考科目,486,p31.jpg,ocr_vision_v1,p31.jpg,486,17496,qianwen_2025_history,exact_match
3307,泰山科技学院,005,,278,,ocr_extracted,,,43,ocr_2025_vocational,extracted
3307,泰山科技学院,006,,287,,ocr_extracted,,,85,ocr_2025_vocational,extracted
3307,泰山科技学院,999,不限选考科目,451,p31.jpg,ocr_vision_v1,p31.jpg,451,25344,qianwen_2025_history,exact_match
3309,太原工业学院,999,不限选考科目,480,p31.jpg,ocr_vision_v1,p31.jpg,480,18810,qianwen_2025_history,exact_match
3312,太原师范学院,700,选考思想政治,506,p31.jpg,ocr_vision_v1,p31.jpg,506,13640,qianwen_2025_history,exact_match
3312,太原师范学院,999,不限选考科目,487,p31.jpg,ocr_vision_v1,p31.jpg,487,17282,qianwen_2025_history,exact_match
3313,太原学院,999,不限选考科目,487,p31.jpg,ocr_vision_v1,p31.jpg,487,17282,qianwen_2025_history,exact_match
3315,台州学院,999,不限选考科目,504,p31.jpg,ocr_vision_v1,p31.jpg,504,14035,qianwen_2025_history,exact_match
3316,天津财经大学,999,不限选考科目,546,p31.jpg,ocr_vision_v1,p31.jpg,546,7235,qianwen_2025_history,exact_match
3317,天津财经大学珠江学院,999,不限选考科目,457,p31.jpg,ocr_vision_v1,p31.jpg,457,23893,qianwen_2025_history,exact_match
3318,天津城建大学,999,不限选考科目,497,p31.jpg,ocr_vision_v1,p31.jpg,497,15286,qianwen_2025_history,exact_match
3320,天津传媒学院,999,不限选考科目,,p31.jpg,ocr_vision_v1,p31.jpg,,,qianwen_2025_history,no_min_score
3321,天津大学,999,不限选考科目,602,p31.jpg,ocr_vision_v1,p31.jpg,602,1631,qianwen_2025_history,exact_match
3322,天津工业大学,999,不限选考科目,560,p31.jpg,ocr_vision_v1,p31.jpg,560,5475,qianwen_2025_history,exact_match
3323,天津工业大学（广播电视编导）,999,不限选考科目,541,p31.jpg,ocr_vision_v1,p31.jpg,541,7972,qianwen_2025_history,exact_match
3325,天津科技大学,999,不限选考科目,531,p31.jpg,ocr_vision_v1,p31.jpg,531,9424,qianwen_2025_history,exact_match
3326,天津科技大学（中澳合作）,999,不限选考科目,535,p31.jpg,ocr_vision_v1,p31.jpg,535,8809,qianwen_2025_history,exact_match
3329,天津理工大学中环信息学院,999,不限选考科目,457,p31.jpg,ocr_vision_v1,p31.jpg,457,23893,qianwen_2025_history,exact_match
3330,天津美术学院,999,不限选考科目,509,p31.jpg,ocr_vision_v1,p31.jpg,509,13073,qianwen_2025_history,exact_match
3332,天津仁爱学院,700,选考思想政治,479,p31.jpg,ocr_vision_v1,p31.jpg,479,19014,qianwen_2025_history,exact_match
3332,天津仁爱学院,999,不限选考科目,453,p31.jpg,ocr_vision_v1,p31.jpg,453,24878,qianwen_2025_history,exact_match
3333,天津商业大学,999,不限选考科目,530,p31.jpg,ocr_vision_v1,p31.jpg,530,9584,qianwen_2025_history,exact_match
3334,天津商业大学（中外合作）,999,不限选考科目,529,p31.jpg,ocr_vision_v1,p31.jpg,529,9730,qianwen_2025_history,exact_match
3335,天津商业大学宝德学院,999,不限选考科目,461,p31.jpg,ocr_vision_v1,p31.jpg,461,23022,qianwen_2025_history,exact_match
3336,天津师范大学,700,选考思想政治,570,p31.jpg,ocr_vision_v1,p31.jpg,570,4392,qianwen_2025_history,exact_match
3336,天津师范大学,999,不限选考科目,527,p31.jpg,ocr_vision_v1,p31.jpg,527,10018,qianwen_2025_history,exact_match
3338,天津师范大学（艺术学门类）,999,不限选考科目,507,p31.jpg,ocr_vision_v1,p31.jpg,507,13459,qianwen_2025_history,exact_match
3339,天津体育学院,999,不限选考科目,489,p31.jpg,ocr_vision_v1,p31.jpg,489,16866,qianwen_2025_history,exact_match
3340,天津外国语大学,700,选考思想政治,557,p31.jpg,ocr_vision_v1,p31.jpg,557,5853,qianwen_2025_history,exact_match
3340,天津外国语大学,999,不限选考科目,541,p32.jpg,ocr_vision_v1,p32.jpg,541,7972,qianwen_2025_history,exact_match
3341,天津外国语大学（中外合作）,999,不限选考科目,529,p32.jpg,ocr_vision_v1,p32.jpg,529,9730,qianwen_2025_history,exact_match
3342,天津外国语大学滨海外事学院,999,不限选考科目,456,p32.jpg,ocr_vision_v1,p32.jpg,456,24118,qianwen_2025_history,exact_match
3344,天津医科大学临床医学院,999,不限选考科目,484,p32.jpg,ocr_vision_v1,p32.jpg,484,17924,qianwen_2025_history,exact_match
3346,天津职业技术师范大学,999,不限选考科目,516,p32.jpg,ocr_vision_v1,p32.jpg,516,11895,qianwen_2025_history,exact_match
3348,天津中德应用技术大学,999,不限选考科目,483,p32.jpg,ocr_vision_v1,p32.jpg,483,18114,qianwen_2025_history,exact_match
3349,天津中医药大学,999,不限选考科目,556,p32.jpg,ocr_vision_v1,p32.jpg,556,5970,qianwen_2025_history,exact_match
3351,通化师范学院,999,不限选考科目,474,p32.jpg,ocr_vision_v1,p32.jpg,474,20115,qianwen_2025_history,exact_match
3353,同济大学,999,不限选考科目,629,p32.jpg,ocr_vision_v1,p32.jpg,629,454,qianwen_2025_history,exact_match
3357,铜陵学院,999,不限选考科目,488,p32.jpg,ocr_vision_v1,p32.jpg,488,17086,qianwen_2025_history,exact_match
3358,铜仁学院,900,选考地理,509,p32.jpg,ocr_vision_v1,p32.jpg,509,13073,qianwen_2025_history,exact_match
3364,潍坊学院,700,选考思想政治,524,p32.jpg,ocr_vision_v1,p32.jpg,524,10480,qianwen_2025_history,exact_match
3364,潍坊学院,999,不限选考科目,522,p32.jpg,ocr_vision_v1,p32.jpg,522,10821,qianwen_2025_history,exact_match
3365,渭南师范学院,999,不限选考科目,481,p32.jpg,ocr_vision_v1,p32.jpg,481,18606,qianwen_2025_history,exact_match
3366,渭南师范学院（中外合作）,999,不限选考科目,451,p32.jpg,ocr_vision_v1,p32.jpg,451,25344,qianwen_2025_history,exact_match
3367,文华学院,014,,348,,ocr_extracted,,,196,ocr_2025_vocational,extracted
3367,文华学院,015,,342,,ocr_extracted,,,205,ocr_2025_vocational,extracted
3367,文华学院,999,不限选考科目,451,p32.jpg,ocr_vision_v1,p32.jpg,451,25344,qianwen_2025_history,exact_match
3368,文山学院,999,不限选考科目,479,p32.jpg,ocr_vision_v1,p32.jpg,479,19014,qianwen_2025_history,exact_match
3369,温州大学,999,不限选考科目,559,p32.jpg,ocr_vision_v1,p32.jpg,559,5592,qianwen_2025_history,exact_match
3371,温州肯恩大学,999,不限选考科目,532,p32.jpg,ocr_vision_v1,p32.jpg,532,9285,qianwen_2025_history,exact_match
3373,温州商学院,999,不限选考科目,451,p32.jpg,ocr_vision_v1,p32.jpg,451,25344,qianwen_2025_history,exact_match
3378,武昌理工学院,005,,335,,ocr_extracted,,,154,ocr_2025_vocational,extracted
3378,武昌理工学院,006,,391,,ocr_extracted,,,259,ocr_2025_vocational,extracted
3378,武昌理工学院,999,不限选考科目,470,p32.jpg,ocr_vision_v1,p32.jpg,470,20965,qianwen_2025_history,exact_match
3379,武昌首义学院,014,,317,,ocr_extracted,,,134,ocr_2025_vocational,extracted
3379,武昌首义学院,017,,325,,ocr_extracted,,,152,ocr_2025_vocational,extracted
3379,武昌首义学院,999,不限选考科目,461,p32.jpg,ocr_vision_v1,p32.jpg,461,23022,qianwen_2025_history,exact_match
3380,武汉城市学院,999,不限选考科目,453,p32.jpg,ocr_vision_v1,p32.jpg,453,24878,qianwen_2025_history,exact_match
3381,武汉传媒学院,999,不限选考科目,455,p32.jpg,ocr_vision_v1,p32.jpg,455,24376,qianwen_2025_history,exact_match
3382,武汉大学,999,不限选考科目,637,p32.jpg,ocr_vision_v1,p32.jpg,637,266,qianwen_2025_history,exact_match
3383,武汉大学（艺术学专业）,999,不限选考科目,610,p32.jpg,ocr_vision_v1,p32.jpg,610,1178,qianwen_2025_history,exact_match
3386,武汉东湖学院,999,不限选考科目,452,p32.jpg,ocr_vision_v1,p32.jpg,452,25117,qianwen_2025_history,exact_match
3388,武汉纺织大学外经贸学院,999,不限选考科目,,p32.jpg,ocr_vision_v1,p32.jpg,,,qianwen_2025_history,no_min_score
3391,武汉工程大学邮电与信息工程学院,999,不限选考科目,457,p33.jpg,ocr_vision_v1,p33.jpg,457,23893,qianwen_2025_history,exact_match
3392,武汉工程科技学院,999,不限选考科目,455,p33.jpg,ocr_vision_v1,p33.jpg,455,24376,qianwen_2025_history,exact_match
3393,武汉工商学院,999,不限选考科目,459,p33.jpg,ocr_vision_v1,p33.jpg,459,23453,qianwen_2025_history,exact_match
3394,武汉华夏理工学院,999,不限选考科目,453,p33.jpg,ocr_vision_v1,p33.jpg,453,24878,qianwen_2025_history,exact_match
3395,武汉科技大学,999,不限选考科目,554,p33.jpg,ocr_vision_v1,p33.jpg,554,6194,qianwen_2025_history,exact_match
3396,武汉理工大学,999,不限选考科目,587,p33.jpg,ocr_vision_v1,p33.jpg,587,2749,qianwen_2025_history,exact_match
3398,武汉晴川学院,999,不限选考科目,451,p33.jpg,ocr_vision_v1,p33.jpg,451,25344,qianwen_2025_history,exact_match
3399,武汉轻工大学,999,不限选考科目,537,p33.jpg,ocr_vision_v1,p33.jpg,537,8521,qianwen_2025_history,exact_match
3402,武汉轻工大学（中外合作）,999,不限选考科目,494,p33.jpg,ocr_vision_v1,p33.jpg,494,15873,qianwen_2025_history,exact_match
3403,武汉商学院,999,不限选考科目,509,p33.jpg,ocr_vision_v1,p33.jpg,509,13073,qianwen_2025_history,exact_match
3405,武汉生物工程学院,005,,397,,ocr_extracted,,,273,ocr_2025_vocational,extracted
3405,武汉生物工程学院,006,,407,,ocr_extracted,,,260,ocr_2025_vocational,extracted
3405,武汉生物工程学院,008,,374,,ocr_extracted,,,220,ocr_2025_vocational,extracted
3405,武汉生物工程学院,009,,389,,ocr_extracted,,,251,ocr_2025_vocational,extracted
3405,武汉生物工程学院,999,不限选考科目,455,p33.jpg,ocr_vision_v1,p33.jpg,455,24376,qianwen_2025_history,exact_match
3406,武汉体育学院,999,不限选考科目,500,p33.jpg,ocr_vision_v1,p33.jpg,500,14732,qianwen_2025_history,exact_match
3407,武汉体育学院体育科技学院,999,不限选考科目,450,p33.jpg,ocr_vision_v1,p33.jpg,450,25562,qianwen_2025_history,exact_match
3408,武汉文理学院,600,选考生物学,477,p33.jpg,ocr_vision_v1,p33.jpg,477,19441,qianwen_2025_history,exact_match
3408,武汉文理学院,999,不限选考科目,469,p33.jpg,ocr_vision_v1,p33.jpg,469,21192,qianwen_2025_history,exact_match
3409,武汉学院,999,不限选考科目,463,p33.jpg,ocr_vision_v1,p33.jpg,463,22579,qianwen_2025_history,exact_match
3411,武汉职业技术大学,002,,427,,ocr_extracted,,,260,ocr_2025_vocational,extracted
3411,武汉职业技术大学,003,,445,,ocr_extracted,,,315,ocr_2025_vocational,extracted
3411,武汉职业技术大学,999,不限选考科目,490,p33.jpg,ocr_vision_v1,p33.jpg,490,16669,qianwen_2025_history,exact_match
3412,芜湖学院,999,不限选考科目,475,p33.jpg,ocr_vision_v1,p33.jpg,475,19889,qianwen_2025_history,exact_match
3416,无锡太湖学院,999,不限选考科目,457,p33.jpg,ocr_vision_v1,p33.jpg,457,23893,qianwen_2025_history,exact_match
3417,无锡学院,999,不限选考科目,532,p33.jpg,ocr_vision_v1,p33.jpg,532,9285,qianwen_2025_history,exact_match
3420,梧州学院,999,不限选考科目,485,p33.jpg,ocr_vision_v1,p33.jpg,485,17700,qianwen_2025_history,exact_match
3421,西安财经大学,999,不限选考科目,545,p33.jpg,ocr_vision_v1,p33.jpg,545,7374,qianwen_2025_history,exact_match
3425,西安翻译学院,999,不限选考科目,452,p33.jpg,ocr_vision_v1,p33.jpg,452,25117,qianwen_2025_history,exact_match
3430,西安工业大学,999,不限选考科目,552,p33.jpg,ocr_vision_v1,p33.jpg,552,6461,qianwen_2025_history,exact_match
3435,西安交通大学,999,不限选考科目,615,p33.jpg,ocr_vision_v1,p33.jpg,615,935,qianwen_2025_history,exact_match
3439,西安交通大学城市学院,999,不限选考科目,450,p33.jpg,ocr_vision_v1,p33.jpg,450,25562,qianwen_2025_history,exact_match
3440,西安交通工程学院,999,不限选考科目,452,p33.jpg,ocr_vision_v1,p33.jpg,452,25117,qianwen_2025_history,exact_match
3442,西安科技大学高新学院,999,不限选考科目,,p33.jpg,ocr_vision_v1,p33.jpg,,,qianwen_2025_history,no_min_score
3443,西安理工大学,999,不限选考科目,515,p34.jpg,ocr_vision_v1,p34.jpg,515,12078,qianwen_2025_history,exact_match
3445,西安美术学院,999,不限选考科目,501,p34.jpg,ocr_vision_v1,p34.jpg,501,14561,qianwen_2025_history,exact_match
3447,西安欧亚学院,999,不限选考科目,454,p34.jpg,ocr_vision_v1,p34.jpg,454,24631,qianwen_2025_history,exact_match
3448,西安培华学院,600,选考生物学,467,p34.jpg,ocr_vision_v1,p34.jpg,467,21665,qianwen_2025_history,exact_match
3448,西安培华学院,999,不限选考科目,450,p34.jpg,ocr_vision_v1,p34.jpg,450,25562,qianwen_2025_history,exact_match
3449,西安石油大学,999,不限选考科目,524,p34.jpg,ocr_vision_v1,p34.jpg,524,10480,qianwen_2025_history,exact_match
3450,西安思源学院,999,不限选考科目,454,p34.jpg,ocr_vision_v1,p34.jpg,454,24631,qianwen_2025_history,exact_match
3451,西安外国语大学,999,不限选考科目,537,p34.jpg,ocr_vision_v1,p34.jpg,537,8521,qianwen_2025_history,exact_match
3453,西安文理学院,999,不限选考科目,470,p34.jpg,ocr_vision_v1,p34.jpg,470,20965,qianwen_2025_history,exact_match
3454,西安信息职业大学,003,,235,,ocr_extracted,,,16,ocr_2025_vocational,extracted
3454,西安信息职业大学,004,,389,,ocr_extracted,,,251,ocr_2025_vocational,extracted
3454,西安信息职业大学,999,不限选考科目,,p34.jpg,ocr_vision_v1,p34.jpg,,,qianwen_2025_history,no_min_score
3456,西安音乐学院,999,不限选考科目,497,p34.jpg,ocr_vision_v1,p34.jpg,497,15286,qianwen_2025_history,exact_match
3457,西安邮电大学,999,不限选考科目,534,p34.jpg,ocr_vision_v1,p34.jpg,534,8965,qianwen_2025_history,exact_match
3459,西北大学,999,不限选考科目,590,p34.jpg,ocr_vision_v1,p34.jpg,590,2495,qianwen_2025_history,exact_match
3462,西北工业大学,999,不限选考科目,602,p34.jpg,ocr_vision_v1,p34.jpg,602,1631,qianwen_2025_history,exact_match
3464,西北民族大学,700,选考思想政治,529,p34.jpg,ocr_vision_v1,p34.jpg,529,9730,qianwen_2025_history,exact_match
3464,西北民族大学,999,不限选考科目,487,p34.jpg,ocr_vision_v1,p34.jpg,487,17282,qianwen_2025_history,exact_match
3465,西北民族大学（历史组1）,999,不限选考科目,482,p34.jpg,ocr_vision_v1,p34.jpg,482,18365,qianwen_2025_history,exact_match
3466,西北民族大学（历史组2）,999,不限选考科目,483,p34.jpg,ocr_vision_v1,p34.jpg,483,18114,qianwen_2025_history,exact_match
3467,西北农林科技大学,999,不限选考科目,590,p34.jpg,ocr_vision_v1,p34.jpg,590,2495,qianwen_2025_history,exact_match
3469,西北师范大学,999,不限选考科目,476,p34.jpg,ocr_vision_v1,p34.jpg,476,19668,qianwen_2025_history,exact_match
3470,西北政法大学,999,不限选考科目,579,p34.jpg,ocr_vision_v1,p34.jpg,579,3501,qianwen_2025_history,exact_match
3471,西藏大学,700,选考思想政治,560,p34.jpg,ocr_vision_v1,p34.jpg,560,5475,qianwen_2025_history,exact_match
3472,西昌学院,999,不限选考科目,482,p34.jpg,ocr_vision_v1,p34.jpg,482,18365,qianwen_2025_history,exact_match
3473,西华大学,700,选考思想政治,547,p34.jpg,ocr_vision_v1,p34.jpg,547,7113,qianwen_2025_history,exact_match
3473,西华大学,999,不限选考科目,534,p34.jpg,ocr_vision_v1,p34.jpg,534,8965,qianwen_2025_history,exact_match
3474,西华师范大学,999,不限选考科目,497,p34.jpg,ocr_vision_v1,p34.jpg,497,15286,qianwen_2025_history,exact_match
3475,西交利物浦大学,999,不限选考科目,551,p34.jpg,ocr_vision_v1,p34.jpg,551,6596,qianwen_2025_history,exact_match
3476,西京学院,700,选考思想政治,451,p34.jpg,ocr_vision_v1,p34.jpg,451,25344,qianwen_2025_history,exact_match
3476,西京学院,999,不限选考科目,450,p35.jpg,ocr_vision_v1,p35.jpg,450,25562,qianwen_2025_history,exact_match
3477,西南财经大学,999,不限选考科目,604,p35.jpg,ocr_vision_v1,p35.jpg,604,1504,qianwen_2025_history,exact_match
3478,西南财经大学（中外合作）,999,不限选考科目,567,p35.jpg,ocr_vision_v1,p35.jpg,567,4695,qianwen_2025_history,exact_match
3479,西南财经大学天府学院,002,,267,,ocr_extracted,,,40,ocr_2025_vocational,extracted
3479,西南财经大学天府学院,500,选考化学,,p35.jpg,ocr_vision_v1,p35.jpg,,,qianwen_2025_history,no_min_score
3479,西南财经大学天府学院,999,不限选考科目,462,p35.jpg,ocr_vision_v1,p35.jpg,462,22810,qianwen_2025_history,exact_match
3480,西南大学,900,选考地理,602,p35.jpg,ocr_vision_v1,p35.jpg,602,1631,qianwen_2025_history,exact_match
3480,西南大学,999,不限选考科目,591,p35.jpg,ocr_vision_v1,p35.jpg,591,2421,qianwen_2025_history,exact_match
3482,西南大学（艺术学门类）,999,不限选考科目,581,p35.jpg,ocr_vision_v1,p35.jpg,581,3319,qianwen_2025_history,exact_match
3483,西南大学（中外合作）,999,不限选考科目,585,p35.jpg,ocr_vision_v1,p35.jpg,585,2932,qianwen_2025_history,exact_match
3484,西南大学（荣昌校区）,999,不限选考科目,578,p35.jpg,ocr_vision_v1,p35.jpg,578,3597,qianwen_2025_history,exact_match
3486,西南交通大学,700,选考思想政治,598,p35.jpg,ocr_vision_v1,p35.jpg,598,1883,qianwen_2025_history,exact_match
3486,西南交通大学,999,不限选考科目,596,p35.jpg,ocr_vision_v1,p35.jpg,596,2018,qianwen_2025_history,exact_match
3489,西南交通大学希望学院,999,不限选考科目,474,p35.jpg,ocr_vision_v1,p35.jpg,474,20115,qianwen_2025_history,exact_match
3490,西南科技大学,700,选考思想政治,536,p35.jpg,ocr_vision_v1,p35.jpg,536,8662,qianwen_2025_history,exact_match
3490,西南科技大学,999,不限选考科目,513,p35.jpg,ocr_vision_v1,p35.jpg,513,12412,qianwen_2025_history,exact_match
3492,西南民族大学,999,不限选考科目,546,p35.jpg,ocr_vision_v1,p35.jpg,546,7235,qianwen_2025_history,exact_match
3495,西南政法大学,999,不限选考科目,589,p35.jpg,ocr_vision_v1,p35.jpg,589,2592,qianwen_2025_history,exact_match
3498,西南政法大学（中外合作）,999,不限选考科目,601,p35.jpg,ocr_vision_v1,p35.jpg,601,1682,qianwen_2025_history,exact_match
3499,咸阳师范学院,999,不限选考科目,489,p35.jpg,ocr_vision_v1,p35.jpg,489,16866,qianwen_2025_history,exact_match
3505,香港珠海学院,999,不限选考科目,463,p35.jpg,ocr_vision_v1,p35.jpg,463,22579,qianwen_2025_history,exact_match
3506,湘南学院,999,不限选考科目,502,p35.jpg,ocr_vision_v1,p35.jpg,502,14390,qianwen_2025_history,exact_match
3507,湘潭大学,999,不限选考科目,571,p35.jpg,ocr_vision_v1,p35.jpg,571,4296,qianwen_2025_history,exact_match
3508,湘潭理工学院,999,不限选考科目,454,p35.jpg,ocr_vision_v1,p35.jpg,454,24631,qianwen_2025_history,exact_match
3510,新疆财经大学,700,选考思想政治,490,p35.jpg,ocr_vision_v1,p35.jpg,490,16669,qianwen_2025_history,exact_match
3510,新疆财经大学,999,不限选考科目,484,p35.jpg,ocr_vision_v1,p35.jpg,484,17924,qianwen_2025_history,exact_match
3511,新疆大学,999,不限选考科目,564,p35.jpg,ocr_vision_v1,p35.jpg,564,5010,qianwen_2025_history,exact_match
3512,新疆第二医学院,617,选考生物学且思想政治,450,p35.jpg,ocr_vision_v1,p35.jpg,450,25562,qianwen_2025_history,exact_match
3514,新疆和田学院,005,,438,,ocr_extracted,,,274,ocr_2025_vocational,extracted
3514,新疆和田学院,012,,389,,ocr_extracted,,,251,ocr_2025_vocational,extracted
3514,新疆和田学院,013,,387,,ocr_extracted,,,236,ocr_2025_vocational,extracted
3514,新疆和田学院,700,选考思想政治,475,p35.jpg,ocr_vision_v1,p35.jpg,475,19889,qianwen_2025_history,exact_match
3514,新疆和田学院,999,不限选考科目,473,p36.jpg,ocr_vision_v1,p36.jpg,473,20340,qianwen_2025_history,exact_match
3517,新疆理工学院,999,不限选考科目,473,p36.jpg,ocr_vision_v1,p36.jpg,473,20340,qianwen_2025_history,exact_match
3519,新疆农业大学（高收费）,999,不限选考科目,451,p36.jpg,ocr_vision_v1,p36.jpg,451,25344,qianwen_2025_history,exact_match
3520,新疆师范大学,700,选考思想政治,528,p36.jpg,ocr_vision_v1,p36.jpg,528,9875,qianwen_2025_history,exact_match
3520,新疆师范大学,999,不限选考科目,489,p36.jpg,ocr_vision_v1,p36.jpg,489,16866,qianwen_2025_history,exact_match
3523,新疆政法学院,999,不限选考科目,488,p36.jpg,ocr_vision_v1,p36.jpg,488,17086,qianwen_2025_history,exact_match
3524,新乡学院,999,不限选考科目,484,p36.jpg,ocr_vision_v1,p36.jpg,484,17924,qianwen_2025_history,exact_match
3525,信阳师范大学,700,选考思想政治,526,p36.jpg,ocr_vision_v1,p36.jpg,526,10171,qianwen_2025_history,exact_match
3525,信阳师范大学,900,选考地理,496,p36.jpg,ocr_vision_v1,p36.jpg,496,15488,qianwen_2025_history,exact_match
3525,信阳师范大学,999,不限选考科目,495,p36.jpg,ocr_vision_v1,p36.jpg,495,15677,qianwen_2025_history,exact_match
3526,信阳学院,999,不限选考科目,473,p36.jpg,ocr_vision_v1,p36.jpg,473,20340,qianwen_2025_history,exact_match
3527,新余学院,999,不限选考科目,498,p36.jpg,ocr_vision_v1,p36.jpg,498,15098,qianwen_2025_history,exact_match
3528,忻州师范学院,700,选考思想政治,495,p36.jpg,ocr_vision_v1,p36.jpg,495,15677,qianwen_2025_history,exact_match
3528,忻州师范学院,900,选考地理,491,p36.jpg,ocr_vision_v1,p36.jpg,491,16465,qianwen_2025_history,exact_match
3528,忻州师范学院,999,不限选考科目,477,p36.jpg,ocr_vision_v1,p36.jpg,477,19441,qianwen_2025_history,exact_match
3529,邢台学院,700,选考思想政治,488,p36.jpg,ocr_vision_v1,p36.jpg,488,17086,qianwen_2025_history,exact_match
3529,邢台学院,999,不限选考科目,482,p36.jpg,ocr_vision_v1,p36.jpg,482,18365,qianwen_2025_history,exact_match
3530,徐州工程学院,999,不限选考科目,513,p36.jpg,ocr_vision_v1,p36.jpg,513,12412,qianwen_2025_history,exact_match
3532,延安大学,999,不限选考科目,505,p36.jpg,ocr_vision_v1,p36.jpg,505,13835,qianwen_2025_history,exact_match
3533,延边大学,900,选考地理,570,p36.jpg,ocr_vision_v1,p36.jpg,570,4392,qianwen_2025_history,exact_match
3533,延边大学,999,不限选考科目,556,p36.jpg,ocr_vision_v1,p36.jpg,556,5970,qianwen_2025_history,exact_match
3535,盐城师范学院,999,不限选考科目,518,p36.jpg,ocr_vision_v1,p36.jpg,518,11536,qianwen_2025_history,exact_match
3538,烟台大学,999,不限选考科目,465,p36.jpg,ocr_vision_v1,p36.jpg,465,22150,qianwen_2025_history,exact_match
3541,烟台南山学院,999,不限选考科目,455,p36.jpg,ocr_vision_v1,p36.jpg,455,24376,qianwen_2025_history,exact_match
3542,扬州大学,999,不限选考科目,570,p36.jpg,ocr_vision_v1,p36.jpg,570,4392,qianwen_2025_history,exact_match
3543,扬州大学广陵学院,999,不限选考科目,472,p36.jpg,ocr_vision_v1,p36.jpg,472,20545,qianwen_2025_history,exact_match
3544,宜宾学院,999,不限选考科目,491,p36.jpg,ocr_vision_v1,p36.jpg,491,16465,qianwen_2025_history,exact_match
3545,宜春学院,999,不限选考科目,492,p36.jpg,ocr_vision_v1,p36.jpg,492,16258,qianwen_2025_history,exact_match
3546,伊犁师范大学,900,选考地理,462,p37.jpg,ocr_vision_v1,p37.jpg,462,22810,qianwen_2025_history,exact_match
3546,伊犁师范大学,999,不限选考科目,474,p37.jpg,ocr_vision_v1,p37.jpg,474,20115,qianwen_2025_history,exact_match
3547,右江民族医学院,600,选考生物学,488,p37.jpg,ocr_vision_v1,p37.jpg,488,17086,qianwen_2025_history,exact_match
3549,玉林师范学院,999,不限选考科目,504,p37.jpg,ocr_vision_v1,p37.jpg,504,14035,qianwen_2025_history,exact_match
3550,玉溪师范学院,900,选考地理,504,p37.jpg,ocr_vision_v1,p37.jpg,504,14035,qianwen_2025_history,exact_match
3550,玉溪师范学院,999,不限选考科目,486,p37.jpg,ocr_vision_v1,p37.jpg,486,17496,qianwen_2025_history,exact_match
3551,豫章师范学院,999,不限选考科目,469,p37.jpg,ocr_vision_v1,p37.jpg,469,21192,qianwen_2025_history,exact_match
3552,岳阳学院,700,选考思想政治,467,p37.jpg,ocr_vision_v1,p37.jpg,467,21665,qianwen_2025_history,exact_match
3552,岳阳学院,999,不限选考科目,455,p37.jpg,ocr_vision_v1,p37.jpg,455,24376,qianwen_2025_history,exact_match
3554,运城职业技术大学,999,不限选考科目,495,p37.jpg,ocr_vision_v1,p37.jpg,495,15677,qianwen_2025_history,exact_match
3555,云南财经大学,700,选考思想政治,522,p37.jpg,ocr_vision_v1,p37.jpg,522,10821,qianwen_2025_history,exact_match
3555,云南财经大学,999,不限选考科目,507,p37.jpg,ocr_vision_v1,p37.jpg,507,13459,qianwen_2025_history,exact_match
3556,云南财经大学（中外合作）,999,不限选考科目,483,p37.jpg,ocr_vision_v1,p37.jpg,483,18114,qianwen_2025_history,exact_match
3557,云南大学,700,选考思想政治,591,p37.jpg,ocr_vision_v1,p37.jpg,591,2421,qianwen_2025_history,exact_match
3557,云南大学,719,选考思想政治且地理,583,p37.jpg,ocr_vision_v1,p37.jpg,583,3105,qianwen_2025_history,exact_match
3557,云南大学,999,不限选考科目,585,p37.jpg,ocr_vision_v1,p37.jpg,585,2932,qianwen_2025_history,exact_match
3559,云南工商学院,999,不限选考科目,453,p37.jpg,ocr_vision_v1,p37.jpg,453,24878,qianwen_2025_history,exact_match
3560,云南警官学院,700,选考思想政治,528,p37.jpg,ocr_vision_v1,p37.jpg,528,9875,qianwen_2025_history,exact_match
3561,云南经济管理学院,004,,276,,ocr_extracted,,,53,ocr_2025_vocational,extracted
3561,云南经济管理学院,005,,350,,ocr_extracted,,,190,ocr_2025_vocational,extracted
3561,云南经济管理学院,009,,376,,ocr_extracted,,,262,ocr_2025_vocational,extracted
3561,云南经济管理学院,999,不限选考科目,452,p37.jpg,ocr_vision_v1,p37.jpg,452,25117,qianwen_2025_history,exact_match
3562,云南民族大学,900,选考地理,527,p37.jpg,ocr_vision_v1,p37.jpg,527,10018,qianwen_2025_history,exact_match
3562,云南民族大学,999,不限选考科目,521,p37.jpg,ocr_vision_v1,p37.jpg,521,11007,qianwen_2025_history,exact_match
3563,云南农业大学,999,不限选考科目,491,p37.jpg,ocr_vision_v1,p37.jpg,491,16465,qianwen_2025_history,exact_match
3566,云南师范大学,700,选考思想政治,560,p37.jpg,ocr_vision_v1,p37.jpg,560,5475,qianwen_2025_history,exact_match
3566,云南师范大学,999,不限选考科目,533,p37.jpg,ocr_vision_v1,p37.jpg,533,9118,qianwen_2025_history,exact_match
3567,云南师范大学（英语）,999,不限选考科目,541,p37.jpg,ocr_vision_v1,p37.jpg,541,7972,qianwen_2025_history,exact_match
3568,云南艺术学院,999,不限选考科目,486,p37.jpg,ocr_vision_v1,p37.jpg,486,17496,qianwen_2025_history,exact_match
3569,枣庄学院,999,不限选考科目,490,p37.jpg,ocr_vision_v1,p37.jpg,490,16669,qianwen_2025_history,exact_match
3570,湛江科技学院,999,不限选考科目,452,p37.jpg,ocr_vision_v1,p37.jpg,452,25117,qianwen_2025_history,exact_match
3571,肇庆学院,999,不限选考科目,508,p38.jpg,ocr_vision_v1,p38.jpg,508,13247,qianwen_2025_history,exact_match
3573,浙大城市学院,999,不限选考科目,540,p38.jpg,ocr_vision_v1,p38.jpg,540,8090,qianwen_2025_history,exact_match
3575,浙江财经大学,999,不限选考科目,586,p38.jpg,ocr_vision_v1,p38.jpg,586,2833,qianwen_2025_history,exact_match
3577,浙江财经大学东方学院,999,不限选考科目,466,p38.jpg,ocr_vision_v1,p38.jpg,466,21897,qianwen_2025_history,exact_match
3578,浙江传媒学院,999,不限选考科目,558,p38.jpg,ocr_vision_v1,p38.jpg,558,5720,qianwen_2025_history,exact_match
3580,浙江传媒学院（历史组1）,999,不限选考科目,550,p38.jpg,ocr_vision_v1,p38.jpg,550,6718,qianwen_2025_history,exact_match
3582,浙江传媒学院（中外合作）,999,不限选考科目,546,p38.jpg,ocr_vision_v1,p38.jpg,546,7235,qianwen_2025_history,exact_match
3583,浙江大学,999,不限选考科目,641,p38.jpg,ocr_vision_v1,p38.jpg,641,203,qianwen_2025_history,exact_match
3586,浙江工商大学,999,不限选考科目,576,p38.jpg,ocr_vision_v1,p38.jpg,576,3808,qianwen_2025_history,exact_match
3588,浙江工商大学杭州商学院,999,不限选考科目,469,p38.jpg,ocr_vision_v1,p38.jpg,469,21192,qianwen_2025_history,exact_match
3589,浙江工业大学,999,不限选考科目,563,p38.jpg,ocr_vision_v1,p38.jpg,563,5127,qianwen_2025_history,exact_match
3591,浙江工业大学之江学院,999,不限选考科目,485,p38.jpg,ocr_vision_v1,p38.jpg,485,17700,qianwen_2025_history,exact_match
3592,浙江广厦建设职业技术大学,999,不限选考科目,455,p38.jpg,ocr_vision_v1,p38.jpg,455,24376,qianwen_2025_history,exact_match
3593,浙江海洋大学,999,不限选考科目,522,p38.jpg,ocr_vision_v1,p38.jpg,522,10821,qianwen_2025_history,exact_match
3596,浙江科技大学,999,不限选考科目,526,p38.jpg,ocr_vision_v1,p38.jpg,526,10171,qianwen_2025_history,exact_match
3598,浙江理工大学,999,不限选考科目,562,p38.jpg,ocr_vision_v1,p38.jpg,562,5243,qianwen_2025_history,exact_match
3600,浙江农林大学,999,不限选考科目,553,p38.jpg,ocr_vision_v1,p38.jpg,553,6321,qianwen_2025_history,exact_match
3602,浙江师范大学,999,不限选考科目,567,p38.jpg,ocr_vision_v1,p38.jpg,567,4695,qianwen_2025_history,exact_match
3603,浙江师范大学（中外合作）,999,不限选考科目,518,p38.jpg,ocr_vision_v1,p38.jpg,518,11536,qianwen_2025_history,exact_match
3604,浙江师范大学行知学院,999,不限选考科目,484,p38.jpg,ocr_vision_v1,p38.jpg,484,17924,qianwen_2025_history,exact_match
3605,浙江树人学院,999,不限选考科目,450,p38.jpg,ocr_vision_v1,p38.jpg,450,25562,qianwen_2025_history,exact_match
3608,浙江外国语学院,999,不限选考科目,534,p38.jpg,ocr_vision_v1,p38.jpg,534,8965,qianwen_2025_history,exact_match
3609,浙江外国语学院（中外合作）,999,不限选考科目,524,p38.jpg,ocr_vision_v1,p38.jpg,524,10480,qianwen_2025_history,exact_match
3610,浙江万里学院,999,不限选考科目,483,p38.jpg,ocr_vision_v1,p38.jpg,483,18114,qianwen_2025_history,exact_match
3611,浙江万里学院（中外合作）,999,不限选考科目,464,p38.jpg,ocr_vision_v1,p38.jpg,464,22376,qianwen_2025_history,exact_match
3613,浙江越秀外国语学院,999,不限选考科目,450,p38.jpg,ocr_vision_v1,p38.jpg,450,25562,qianwen_2025_history,exact_match
3614,浙江中医药大学,999,不限选考科目,545,p38.jpg,ocr_vision_v1,p38.jpg,545,7374,qianwen_2025_history,exact_match
3615,郑州财经学院,999,不限选考科目,463,p38.jpg,ocr_vision_v1,p38.jpg,463,22579,qianwen_2025_history,exact_match
3616,郑州大学,999,不限选考科目,584,p39.jpg,ocr_vision_v1,p39.jpg,584,3018,qianwen_2025_history,exact_match
3618,郑州工程技术学院,999,不限选考科目,478,p39.jpg,ocr_vision_v1,p39.jpg,478,19228,qianwen_2025_history,exact_match
3619,郑州工业应用技术学院,999,不限选考科目,452,p39.jpg,ocr_vision_v1,p39.jpg,452,25117,qianwen_2025_history,exact_match
3620,郑州航空工业管理学院,999,不限选考科目,499,p39.jpg,ocr_vision_v1,p39.jpg,499,14911,qianwen_2025_history,exact_match
3624,郑州经贸学院,999,不限选考科目,462,p39.jpg,ocr_vision_v1,p39.jpg,462,22810,qianwen_2025_history,exact_match
3627,郑州轻工业大学,999,不限选考科目,517,p39.jpg,ocr_vision_v1,p39.jpg,517,11713,qianwen_2025_history,exact_match
3630,郑州商学院,999,不限选考科目,459,p39.jpg,ocr_vision_v1,p39.jpg,459,23453,qianwen_2025_history,exact_match
3631,郑州升达经贸管理学院,999,不限选考科目,463,p39.jpg,ocr_vision_v1,p39.jpg,463,22579,qianwen_2025_history,exact_match
3632,郑州师范学院,700,选考思想政治,509,p39.jpg,ocr_vision_v1,p39.jpg,509,13073,qianwen_2025_history,exact_match
3634,中北大学,999,不限选考科目,523,p39.jpg,ocr_vision_v1,p39.jpg,523,10666,qianwen_2025_history,exact_match
3635,中国传媒大学,999,不限选考科目,602,p39.jpg,ocr_vision_v1,p39.jpg,602,1631,qianwen_2025_history,exact_match
3636,中国传媒大学（艺术学门类）,999,不限选考科目,600,p39.jpg,ocr_vision_v1,p39.jpg,600,1756,qianwen_2025_history,exact_match
3637,中国传媒大学（英语）,999,不限选考科目,596,p39.jpg,ocr_vision_v1,p39.jpg,596,2018,qianwen_2025_history,exact_match
3638,中国传媒大学（中外合作1）,999,不限选考科目,588,p39.jpg,ocr_vision_v1,p39.jpg,588,2672,qianwen_2025_history,exact_match
3640,中国地质大学(北京),999,不限选考科目,585,p39.jpg,ocr_vision_v1,p39.jpg,585,2932,qianwen_2025_history,exact_match
3641,中国地质大学(武汉),999,不限选考科目,589,p39.jpg,ocr_vision_v1,p39.jpg,589,2592,qianwen_2025_history,exact_match
3646,中国海洋大学,999,不限选考科目,600,p39.jpg,ocr_vision_v1,p39.jpg,600,1756,qianwen_2025_history,exact_match
3651,中国海洋大学（中外合作5）,999,不限选考科目,597,p39.jpg,ocr_vision_v1,p39.jpg,597,1946,qianwen_2025_history,exact_match
3656,中国矿业大学,999,不限选考科目,586,p39.jpg,ocr_vision_v1,p39.jpg,586,2833,qianwen_2025_history,exact_match
3660,中国劳动关系学院,999,不限选考科目,535,p39.jpg,ocr_vision_v1,p39.jpg,535,8809,qianwen_2025_history,exact_match
3661,中国美术学院,999,不限选考科目,554,p39.jpg,ocr_vision_v1,p39.jpg,554,6194,qianwen_2025_history,exact_match
3662,中国民航大学,700,选考思想政治,581,p39.jpg,ocr_vision_v1,p39.jpg,581,3319,qianwen_2025_history,exact_match
3662,中国民航大学,999,不限选考科目,557,p39.jpg,ocr_vision_v1,p39.jpg,557,5853,qianwen_2025_history,exact_match
3663,中国民用航空飞行学院,700,选考思想政治,545,p39.jpg,ocr_vision_v1,p39.jpg,545,7374,qianwen_2025_history,exact_match
3663,中国民用航空飞行学院,999,不限选考科目,508,p39.jpg,ocr_vision_v1,p39.jpg,508,13247,qianwen_2025_history,exact_match
3664,中国农业大学,999,不限选考科目,607,p39.jpg,ocr_vision_v1,p39.jpg,607,1317,qianwen_2025_history,exact_match
3665,中国农业大学（1+3模式）,999,不限选考科目,595,p39.jpg,ocr_vision_v1,p39.jpg,595,2087,qianwen_2025_history,exact_match
3666,中国农业大学（中外合作）,999,不限选考科目,565,p39.jpg,ocr_vision_v1,p39.jpg,565,4888,qianwen_2025_history,exact_match
3667,中国人民大学,700,选考思想政治,644,p40.jpg,ocr_vision_v1,p40.jpg,644,157,qianwen_2025_history,exact_match
3667,中国人民大学,999,不限选考科目,643,p40.jpg,ocr_vision_v1,p40.jpg,643,172,qianwen_2025_history,exact_match
3669,中国人民大学(苏州校区)(中外合作),999,不限选考科目,609,p40.jpg,ocr_vision_v1,p40.jpg,609,1225,qianwen_2025_history,exact_match
3676,中国社会科学院大学,700,选考思想政治,612,p40.jpg,ocr_vision_v1,p40.jpg,612,1086,qianwen_2025_history,exact_match
3676,中国社会科学院大学,999,不限选考科目,599,p40.jpg,ocr_vision_v1,p40.jpg,599,1821,qianwen_2025_history,exact_match
3679,中国石油大学(华东),999,不限选考科目,589,p40.jpg,ocr_vision_v1,p40.jpg,589,2592,qianwen_2025_history,exact_match
3680,中国戏曲学院,999,不限选考科目,552,p40.jpg,ocr_vision_v1,p40.jpg,552,6461,qianwen_2025_history,exact_match
3685,中国药科大学,999,不限选考科目,590,p40.jpg,ocr_vision_v1,p40.jpg,590,2495,qianwen_2025_history,exact_match
3693,中国政法大学,700,选考思想政治,612,p40.jpg,ocr_vision_v1,p40.jpg,612,1086,qianwen_2025_history,exact_match
3693,中国政法大学,999,不限选考科目,615,p40.jpg,ocr_vision_v1,p40.jpg,615,935,qianwen_2025_history,exact_match
3694,中华女子学院,999,不限选考科目,521,p40.jpg,ocr_vision_v1,p40.jpg,521,11007,qianwen_2025_history,exact_match
3695,中南财经政法大学,999,不限选考科目,603,p40.jpg,ocr_vision_v1,p40.jpg,603,1573,qianwen_2025_history,exact_match
3698,中南财经政法大学(中外合作),999,不限选考科目,557,p40.jpg,ocr_vision_v1,p40.jpg,557,5853,qianwen_2025_history,exact_match
3699,中南大学,999,不限选考科目,609,p40.jpg,ocr_vision_v1,p40.jpg,609,1225,qianwen_2025_history,exact_match
3704,中南林业科技大学,999,不限选考科目,538,p40.jpg,ocr_vision_v1,p40.jpg,538,8378,qianwen_2025_history,exact_match
3705,中南林业科技大学涉外学院,999,不限选考科目,470,p40.jpg,ocr_vision_v1,p40.jpg,470,20965,qianwen_2025_history,exact_match
3706,中南民族大学,700,选考思想政治,567,p40.jpg,ocr_vision_v1,p40.jpg,567,4695,qianwen_2025_history,exact_match
3706,中南民族大学,999,不限选考科目,566,p40.jpg,ocr_vision_v1,p40.jpg,566,4785,qianwen_2025_history,exact_match
3707,中山大学,700,选考思想政治,625,p40.jpg,ocr_vision_v1,p40.jpg,625,567,qianwen_2025_history,exact_match
3707,中山大学,999,不限选考科目,626,p40.jpg,ocr_vision_v1,p40.jpg,626,536,qianwen_2025_history,exact_match
3709,中央财经大学,999,不限选考科目,611,p40.jpg,ocr_vision_v1,p40.jpg,611,1134,qianwen_2025_history,exact_match
3710,中央财经大学(中外合作),999,不限选考科目,596,p40.jpg,ocr_vision_v1,p40.jpg,596,2018,qianwen_2025_history,exact_match
3711,中央美术学院,999,不限选考科目,567,p40.jpg,ocr_vision_v1,p40.jpg,567,4695,qianwen_2025_history,exact_match
3712,中央美术学院(中外合作),999,不限选考科目,553,p40.jpg,ocr_vision_v1,p40.jpg,553,6321,qianwen_2025_history,exact_match
3713,中央民族大学,999,不限选考科目,601,p40.jpg,ocr_vision_v1,p40.jpg,601,1682,qianwen_2025_history,exact_match
3717,中央戏剧学院,999,不限选考科目,577,p40.jpg,ocr_vision_v1,p40.jpg,577,3694,qianwen_2025_history,exact_match
3719,中原工学院,999,不限选考科目,472,p40.jpg,ocr_vision_v1,p40.jpg,472,20545,qianwen_2025_history,exact_match
3720,周口师范学院,700,选考思想政治,492,p40.jpg,ocr_vision_v1,p40.jpg,492,16258,qianwen_2025_history,exact_match
3720,周口师范学院,999,不限选考科目,481,p41.jpg,ocr_vision_v1,p41.jpg,481,18606,qianwen_2025_history,exact_match
3722,珠海科技学院,999,不限选考科目,460,p41.jpg,ocr_vision_v1,p41.jpg,460,23232,qianwen_2025_history,exact_match
3723,遵义师范学院,700,选考思想政治,517,p41.jpg,ocr_vision_v1,p41.jpg,517,11713,qianwen_2025_history,exact_match
3723,遵义师范学院,999,不限选考科目,507,p41.jpg,ocr_vision_v1,p41.jpg,507,13459,qianwen_2025_history,exact_match
3724,遵义医科大学,600,选考生物学,515,p41.jpg,ocr_vision_v1,p41.jpg,515,12078,qianwen_2025_history,exact_match
3724,遵义医科大学,999,不限选考科目,532,p41.jpg,ocr_vision_v1,p41.jpg,532,9285,qianwen_2025_history,exact_match
7001,福建船政交通职业学院,001,,425,,ocr_extracted,,,286,ocr_2025_vocational,extracted
7001,福建船政交通职业学院,002,,413,,ocr_extracted,,,275,ocr_2025_vocational,extracted
7001,福建船政交通职业学院,003,,427,,ocr_extracted,,,260,ocr_2025_vocational,extracted
7001,福建船政交通职业学院,004,,421,,ocr_extracted,,,275,ocr_2025_vocational,extracted
7001,福建船政交通职业学院,005,,402,,ocr_extracted,,,241,ocr_2025_vocational,extracted
7001,福建船政交通职业学院,006,,404,,ocr_extracted,,,274,ocr_2025_vocational,extracted
7001,福建船政交通职业学院,008,,418,,ocr_extracted,,,239,ocr_2025_vocational,extracted
7001,福建船政交通职业学院,009,,435,,ocr_extracted,,,286,ocr_2025_vocational,extracted
7001,福建船政交通职业学院,010,,449,,ocr_extracted,,,294,ocr_2025_vocational,extracted
7001,福建船政交通职业学院,012,,444,,ocr_extracted,,,278,ocr_2025_vocational,extracted
7001,福建船政交通职业学院,013,,435,,ocr_extracted,,,286,ocr_2025_vocational,extracted
7001,福建船政交通职业学院,014,,429,,ocr_extracted,,,267,ocr_2025_vocational,extracted
7001,福建船政交通职业学院,015,,425,,ocr_extracted,,,286,ocr_2025_vocational,extracted
7001,福建船政交通职业学院,016,,432,,ocr_extracted,,,321,ocr_2025_vocational,extracted
7001,福建船政交通职业学院,017,,419,,ocr_extracted,,,286,ocr_2025_vocational,extracted
7001,福建船政交通职业学院,018,,417,,ocr_extracted,,,235,ocr_2025_vocational,extracted
7001,福建船政交通职业学院,019,,418,,ocr_extracted,,,239,ocr_2025_vocational,extracted
7001,福建船政交通职业学院,020,,422,,ocr_extracted,,,272,ocr_2025_vocational,extracted
7001,福建船政交通职业学院,021,,431,,ocr_extracted,,,249,ocr_2025_vocational,extracted
7001,福建船政交通职业学院,026,,435,,ocr_extracted,,,286,ocr_2025_vocational,extracted
7001,福建船政交通职业学院,028,,437,,ocr_extracted,,,281,ocr_2025_vocational,extracted
7001,福建船政交通职业学院,029,,436,,ocr_extracted,,,268,ocr_2025_vocational,extracted
7001,福建船政交通职业学院,030,,444,,ocr_extracted,,,278,ocr_2025_vocational,extracted
7001,福建船政交通职业学院,031,,445,,ocr_extracted,,,315,ocr_2025_vocational,extracted
7001,福建船政交通职业学院,032,,432,,ocr_extracted,,,321,ocr_2025_vocational,extracted
7001,福建船政交通职业学院,033,,427,,ocr_extracted,,,260,ocr_2025_vocational,extracted
7001,福建船政交通职业学院,034,,426,,ocr_extracted,,,273,ocr_2025_vocational,extracted
7001,福建船政交通职业学院,038,,433,,ocr_extracted,,,303,ocr_2025_vocational,extracted
7003,福建电力职业技术学院,003,,445,,ocr_extracted,,,315,ocr_2025_vocational,extracted
7003,福建电力职业技术学院,006,,444,,ocr_extracted,,,278,ocr_2025_vocational,extracted
7004,福建华南女子职业学院,001,,303,,ocr_extracted,,,108,ocr_2025_vocational,extracted
7004,福建华南女子职业学院,002,,318,,ocr_extracted,,,126,ocr_2025_vocational,extracted
7004,福建华南女子职业学院,003,,328,,ocr_extracted,,,130,ocr_2025_vocational,extracted
7004,福建华南女子职业学院,004,,347,,ocr_extracted,,,203,ocr_2025_vocational,extracted
7004,福建华南女子职业学院,005,,369,,ocr_extracted,,,237,ocr_2025_vocational,extracted
7004,福建华南女子职业学院,006,,352,,ocr_extracted,,,200,ocr_2025_vocational,extracted
7004,福建华南女子职业学院,007,,339,,ocr_extracted,,,184,ocr_2025_vocational,extracted
7004,福建华南女子职业学院,008,,356,,ocr_extracted,,,215,ocr_2025_vocational,extracted
7004,福建华南女子职业学院,009,,303,,ocr_extracted,,,108,ocr_2025_vocational,extracted
7004,福建华南女子职业学院,010,,323,,ocr_extracted,,,135,ocr_2025_vocational,extracted
7004,福建华南女子职业学院,011,,308,,ocr_extracted,,,115,ocr_2025_vocational,extracted
7004,福建华南女子职业学院,012,,308,,ocr_extracted,,,115,ocr_2025_vocational,extracted
7004,福建华南女子职业学院,013,,320,,ocr_extracted,,,148,ocr_2025_vocational,extracted
7004,福建华南女子职业学院,015,,322,,ocr_extracted,,,154,ocr_2025_vocational,extracted
7004,福建华南女子职业学院,016,,537,,ocr_extracted,,,167,ocr_2025_vocational,extracted
7004,福建华南女子职业学院,018,,319,,ocr_extracted,,,127,ocr_2025_vocational,extracted
7004,福建华南女子职业学院,019,,329,,ocr_extracted,,,146,ocr_2025_vocational,extracted
7004,福建华南女子职业学院,020,,359,,ocr_extracted,,,213,ocr_2025_vocational,extracted
7004,福建华南女子职业学院,021,,265,,ocr_extracted,,,44,ocr_2025_vocational,extracted
7004,福建华南女子职业学院,023,,312,,ocr_extracted,,,134,ocr_2025_vocational,extracted
7004,福建华南女子职业学院,024,,341,,ocr_extracted,,,162,ocr_2025_vocational,extracted
7004,福建华南女子职业学院,025,,337,,ocr_extracted,,,136,ocr_2025_vocational,extracted
7005,福建华南女子职业学院,001,,417,,ocr_extracted,,,235,ocr_2025_vocational,extracted
7005,福建华南女子职业学院,009,,394,,ocr_extracted,,,259,ocr_2025_vocational,extracted
7005,福建华南女子职业学院,010,,407,,ocr_extracted,,,260,ocr_2025_vocational,extracted
7005,福建华南女子职业学院,011,,395,,ocr_extracted,,,281,ocr_2025_vocational,extracted
7005,福建华南女子职业学院,012,,391,,ocr_extracted,,,259,ocr_2025_vocational,extracted
7005,福建华南女子职业学院,014,,397,,ocr_extracted,,,273,ocr_2025_vocational,extracted
7005,福建华南女子职业学院,015,,390,,ocr_extracted,,,243,ocr_2025_vocational,extracted
7005,福建华南女子职业学院,022,,417,,ocr_extracted,,,235,ocr_2025_vocational,extracted
7005,福建华南女子职业学院,023,,413,,ocr_extracted,,,275,ocr_2025_vocational,extracted
7005,福建华南女子职业学院,024,,419,,ocr_extracted,,,286,ocr_2025_vocational,extracted
7005,福建华南女子职业学院,025,,402,,ocr_extracted,,,241,ocr_2025_vocational,extracted
7005,福建华南女子职业学院,026,,412,,ocr_extracted,,,249,ocr_2025_vocational,extracted
7005,福建华南女子职业学院,027,,426,,ocr_extracted,,,273,ocr_2025_vocational,extracted
7005,福建华南女子职业学院,028,,399,,ocr_extracted,,,282,ocr_2025_vocational,extracted
7005,福建华南女子职业学院,029,,383,,ocr_extracted,,,255,ocr_2025_vocational,extracted
7005,福建华南女子职业学院,031,,384,,ocr_extracted,,,249,ocr_2025_vocational,extracted
7005,福建华南女子职业学院,032,,394,,ocr_extracted,,,259,ocr_2025_vocational,extracted
7005,福建华南女子职业学院,033,,393,,ocr_extracted,,,240,ocr_2025_vocational,extracted
7005,福建华南女子职业学院,036,,419,,ocr_extracted,,,286,ocr_2025_vocational,extracted
7006,福建农业职业技术学院,001,,411,,ocr_extracted,,,243,ocr_2025_vocational,extracted
7006,福建农业职业技术学院,002,,385,,ocr_extracted,,,276,ocr_2025_vocational,extracted
7006,福建农业职业技术学院,003,,372,,ocr_extracted,,,227,ocr_2025_vocational,extracted
7006,福建农业职业技术学院,005,,391,,ocr_extracted,,,259,ocr_2025_vocational,extracted
7006,福建农业职业技术学院,007,,436,,ocr_extracted,,,268,ocr_2025_vocational,extracted
7006,福建农业职业技术学院,008,,425,,ocr_extracted,,,286,ocr_2025_vocational,extracted
7006,福建农业职业技术学院,009,,395,,ocr_extracted,,,281,ocr_2025_vocational,extracted
7006,福建农业职业技术学院,010,,387,,ocr_extracted,,,236,ocr_2025_vocational,extracted
7006,福建农业职业技术学院,011,,375,,ocr_extracted,,,214,ocr_2025_vocational,extracted
7006,福建农业职业技术学院,012,,415,,ocr_extracted,,,279,ocr_2025_vocational,extracted
7006,福建农业职业技术学院,014,,409,,ocr_extracted,,,261,ocr_2025_vocational,extracted
7006,福建农业职业技术学院,015,,396,,ocr_extracted,,,254,ocr_2025_vocational,extracted
7006,福建农业职业技术学院,019,,389,,ocr_extracted,,,251,ocr_2025_vocational,extracted
7006,福建农业职业技术学院,020,,418,,ocr_extracted,,,239,ocr_2025_vocational,extracted
7006,福建农业职业技术学院,021,,388,,ocr_extracted,,,264,ocr_2025_vocational,extracted
7006,福建农业职业技术学院,022,,385,,ocr_extracted,,,276,ocr_2025_vocational,extracted
7006,福建农业职业技术学院,024,,378,,ocr_extracted,,,214,ocr_2025_vocational,extracted
7012,福建卫生职业技术学院(定向专业),001,,414,,ocr_extracted,,,273,ocr_2025_vocational,extracted
7012,福建卫生职业技术学院(定向专业),002,,440,,ocr_extracted,,,283,ocr_2025_vocational,extracted
7012,福建卫生职业技术学院(定向专业),003,,423,,ocr_extracted,,,294,ocr_2025_vocational,extracted
7012,福建卫生职业技术学院(定向专业),005,,449,,ocr_extracted,,,294,ocr_2025_vocational,extracted
7012,福建卫生职业技术学院(定向专业),006,,437,,ocr_extracted,,,281,ocr_2025_vocational,extracted
7012,福建卫生职业技术学院(定向专业),007,,427,,ocr_extracted,,,260,ocr_2025_vocational,extracted
7012,福建卫生职业技术学院(定向专业),009,,428,,ocr_extracted,,,286,ocr_2025_vocational,extracted
7012,福建卫生职业技术学院(定向专业),010,,431,,ocr_extracted,,,249,ocr_2025_vocational,extracted
7012,福建卫生职业技术学院(定向专业),012,,391,,ocr_extracted,,,259,ocr_2025_vocational,extracted
7012,福建卫生职业技术学院(定向专业),013,,408,,ocr_extracted,,,268,ocr_2025_vocational,extracted
7012,福建卫生职业技术学院(定向专业),014,,396,,ocr_extracted,,,254,ocr_2025_vocational,extracted
7012,福建卫生职业技术学院(定向专业),015,,408,,ocr_extracted,,,268,ocr_2025_vocational,extracted
7012,福建卫生职业技术学院(定向专业),018,,401,,ocr_extracted,,,242,ocr_2025_vocational,extracted
7016,福建信息职业技术学院,003,,420,,ocr_extracted,,,283,ocr_2025_vocational,extracted
7016,福建信息职业技术学院,004,,399,,ocr_extracted,,,282,ocr_2025_vocational,extracted
7016,福建信息职业技术学院,005,,414,,ocr_extracted,,,273,ocr_2025_vocational,extracted
7016,福建信息职业技术学院,007,,441,,ocr_extracted,,,277,ocr_2025_vocational,extracted
7016,福建信息职业技术学院,008,,427,,ocr_extracted,,,260,ocr_2025_vocational,extracted
7016,福建信息职业技术学院,013,,436,,ocr_extracted,,,268,ocr_2025_vocational,extracted
7016,福建信息职业技术学院,015,,439,,ocr_extracted,,,268,ocr_2025_vocational,extracted
7016,福建信息职业技术学院,016,,425,,ocr_extracted,,,286,ocr_2025_vocational,extracted
7016,福建信息职业技术学院,020,,437,,ocr_extracted,,,281,ocr_2025_vocational,extracted
7016,福建信息职业技术学院,021,,435,,ocr_extracted,,,286,ocr_2025_vocational,extracted
7016,福建信息职业技术学院,024,,429,,ocr_extracted,,,267,ocr_2025_vocational,extracted
7016,福建信息职业技术学院,026,,431,,ocr_extracted,,,249,ocr_2025_vocational,extracted
7016,福建信息职业技术学院,028,,439,,ocr_extracted,,,268,ocr_2025_vocational,extracted
7016,福建信息职业技术学院,031,,423,,ocr_extracted,,,294,ocr_2025_vocational,extracted
7016,福建信息职业技术学院,034,,419,,ocr_extracted,,,286,ocr_2025_vocational,extracted
7016,福建信息职业技术学院,036,,378,,ocr_extracted,,,214,ocr_2025_vocational,extracted
7016,福建信息职业技术学院,040,,395,,ocr_extracted,,,281,ocr_2025_vocational,extracted
7016,福建信息职业技术学院,041,,429,,ocr_extracted,,,267,ocr_2025_vocational,extracted
7017,福建信息职业技术学院,001,,366,,ocr_extracted,,,186,ocr_2025_vocational,extracted
7017,福建信息职业技术学院,002,,375,,ocr_extracted,,,214,ocr_2025_vocational,extracted
7017,福建信息职业技术学院,003,,377,,ocr_extracted,,,230,ocr_2025_vocational,extracted
7017,福建信息职业技术学院,006,,375,,ocr_extracted,,,214,ocr_2025_vocational,extracted
7017,福建信息职业技术学院,009,,328,,ocr_extracted,,,130,ocr_2025_vocational,extracted
7017,福建信息职业技术学院,011,,347,,ocr_extracted,,,203,ocr_2025_vocational,extracted
7017,福建信息职业技术学院,015,,402,,ocr_extracted,,,241,ocr_2025_vocational,extracted
7017,福建信息职业技术学院,017,,361,,ocr_extracted,,,221,ocr_2025_vocational,extracted
7017,福建信息职业技术学院,018,,361,,ocr_extracted,,,221,ocr_2025_vocational,extracted
7018,福州科技职业技术学院,006,,397,,ocr_extracted,,,273,ocr_2025_vocational,extracted
7020,福州科技职业技术学院,002,,341,,ocr_extracted,,,162,ocr_2025_vocational,extracted
7020,福州科技职业技术学院,003,,572,,ocr_extracted,,,123,ocr_2025_vocational,extracted
7020,福州科技职业技术学院,005,,384,,ocr_extracted,,,249,ocr_2025_vocational,extracted
7020,福州科技职业技术学院,006,,354,,ocr_extracted,,,222,ocr_2025_vocational,extracted
7020,福州科技职业技术学院,007,,350,,ocr_extracted,,,190,ocr_2025_vocational,extracted
7020,福州科技职业技术学院,008,,345,,ocr_extracted,,,193,ocr_2025_vocational,extracted
7020,福州科技职业技术学院,009,,301,,ocr_extracted,,,95,ocr_2025_vocational,extracted
7020,福州科技职业技术学院,010,,240,,ocr_extracted,,,34,ocr_2025_vocational,extracted
7020,福州科技职业技术学院,011,,387,,ocr_extracted,,,236,ocr_2025_vocational,extracted
7020,福州科技职业技术学院,013,,347,,ocr_extracted,,,203,ocr_2025_vocational,extracted
7021,福州软件职业技术学院,003,,260,,ocr_extracted,,,38,ocr_2025_vocational,extracted
7021,福州软件职业技术学院,005,,323,,ocr_extracted,,,135,ocr_2025_vocational,extracted
7021,福州软件职业技术学院,006,,364,,ocr_extracted,,,238,ocr_2025_vocational,extracted
7021,福州软件职业技术学院,007,,322,,ocr_extracted,,,154,ocr_2025_vocational,extracted
7021,福州软件职业技术学院,008,,293,,ocr_extracted,,,85,ocr_2025_vocational,extracted
7021,福州软件职业技术学院,009,,309,,ocr_extracted,,,106,ocr_2025_vocational,extracted
7021,福州软件职业技术学院,010,,338,,ocr_extracted,,,169,ocr_2025_vocational,extracted
7021,福州软件职业技术学院,011,,248,,ocr_extracted,,,29,ocr_2025_vocational,extracted
7021,福州软件职业技术学院,012,,235,,ocr_extracted,,,16,ocr_2025_vocational,extracted
7021,福州软件职业技术学院,013,,304,,ocr_extracted,,,89,ocr_2025_vocational,extracted
7021,福州软件职业技术学院,015,,348,,ocr_extracted,,,196,ocr_2025_vocational,extracted
7021,福州软件职业技术学院,016,,294,,ocr_extracted,,,84,ocr_2025_vocational,extracted
7021,福州软件职业技术学院,017,,335,,ocr_extracted,,,154,ocr_2025_vocational,extracted
7021,福州软件职业技术学院,018,,348,,ocr_extracted,,,196,ocr_2025_vocational,extracted
7021,福州软件职业技术学院,019,,294,,ocr_extracted,,,84,ocr_2025_vocational,extracted
7021,福州软件职业技术学院,021,,249,,ocr_extracted,,,26,ocr_2025_vocational,extracted
7021,福州软件职业技术学院,022,,250,,ocr_extracted,,,33,ocr_2025_vocational,extracted
7021,福州软件职业技术学院,024,,243,,ocr_extracted,,,31,ocr_2025_vocational,extracted
7022,福州里尔本理工职业学院,007,,254,,ocr_extracted,,,37,ocr_2025_vocational,extracted
7022,福州里尔本理工职业学院,009,,260,,ocr_extracted,,,38,ocr_2025_vocational,extracted
7022,福州里尔本理工职业学院,010,,236,,ocr_extracted,,,18,ocr_2025_vocational,extracted
7022,福州里尔本理工职业学院,016,,250,,ocr_extracted,,,33,ocr_2025_vocational,extracted
7023,福州英华职业学院,001,,360,,ocr_extracted,,,216,ocr_2025_vocational,extracted
7023,福州英华职业学院,002,,315,,ocr_extracted,,,136,ocr_2025_vocational,extracted
7023,福州英华职业学院,003,,317,,ocr_extracted,,,134,ocr_2025_vocational,extracted
7023,福州英华职业学院,004,,337,,ocr_extracted,,,136,ocr_2025_vocational,extracted
7023,福州英华职业学院,005,,338,,ocr_extracted,,,169,ocr_2025_vocational,extracted
7023,福州英华职业学院,006,,337,,ocr_extracted,,,136,ocr_2025_vocational,extracted
7023,福州英华职业学院,008,,300,,ocr_extracted,,,84,ocr_2025_vocational,extracted
7023,福州英华职业学院,009,,380,,ocr_extracted,,,253,ocr_2025_vocational,extracted
7023,福州英华职业学院,010,,349,,ocr_extracted,,,191,ocr_2025_vocational,extracted
7023,福州英华职业学院,012,,301,,ocr_extracted,,,95,ocr_2025_vocational,extracted
7023,福州英华职业学院,013,,304,,ocr_extracted,,,89,ocr_2025_vocational,extracted
7023,福州英华职业学院,014,,348,,ocr_extracted,,,196,ocr_2025_vocational,extracted
7023,福州英华职业学院,016,,340,,ocr_extracted,,,167,ocr_2025_vocational,extracted
7023,福州英华职业学院,019,,331,,ocr_extracted,,,152,ocr_2025_vocational,extracted
7023,福州英华职业学院,020,,349,,ocr_extracted,,,191,ocr_2025_vocational,extracted
7023,福州英华职业学院,022,,290,,ocr_extracted,,,81,ocr_2025_vocational,extracted
7023,福州英华职业学院,023,,360,,ocr_extracted,,,216,ocr_2025_vocational,extracted
7023,福州英华职业学院,026,,300,,ocr_extracted,,,84,ocr_2025_vocational,extracted
7023,福州英华职业学院,035,,316,,ocr_extracted,,,124,ocr_2025_vocational,extracted
7023,福州英华职业学院,036,,336,,ocr_extracted,,,175,ocr_2025_vocational,extracted
7023,福州英华职业学院,040,,327,,ocr_extracted,,,145,ocr_2025_vocational,extracted
7023,福州英华职业学院,041,,325,,ocr_extracted,,,152,ocr_2025_vocational,extracted
7023,福州英华职业学院,087,,351,,ocr_extracted,,,180,ocr_2025_vocational,extracted
7024,福州英华职业学院,001,,238,,ocr_extracted,,,20,ocr_2025_vocational,extracted
7024,福州英华职业学院,002,,282,,ocr_extracted,,,77,ocr_2025_vocational,extracted
7024,福州英华职业学院,003,,240,,ocr_extracted,,,34,ocr_2025_vocational,extracted
7024,福州英华职业学院,004,,304,,ocr_extracted,,,89,ocr_2025_vocational,extracted
7024,福州英华职业学院,005,,328,,ocr_extracted,,,130,ocr_2025_vocational,extracted
7024,福州英华职业学院,006,,339,,ocr_extracted,,,184,ocr_2025_vocational,extracted
7024,福州英华职业学院,007,,317,,ocr_extracted,,,134,ocr_2025_vocational,extracted
7024,福州英华职业学院,008,,364,,ocr_extracted,,,238,ocr_2025_vocational,extracted
7024,福州英华职业学院,010,,337,,ocr_extracted,,,136,ocr_2025_vocational,extracted
7024,福州英华职业学院,011,,319,,ocr_extracted,,,127,ocr_2025_vocational,extracted
7024,福州英华职业学院,012,,373,,ocr_extracted,,,234,ocr_2025_vocational,extracted
7024,福州英华职业学院,013,,368,,ocr_extracted,,,226,ocr_2025_vocational,extracted
7024,福州英华职业学院,014,,337,,ocr_extracted,,,136,ocr_2025_vocational,extracted
7024,福州英华职业学院,015,,246,,ocr_extracted,,,26,ocr_2025_vocational,extracted
7024,福州英华职业学院,016,,305,,ocr_extracted,,,114,ocr_2025_vocational,extracted
7024,福州英华职业学院,017,,360,,ocr_extracted,,,216,ocr_2025_vocational,extracted
7024,福州英华职业学院,018,,316,,ocr_extracted,,,124,ocr_2025_vocational,extracted
7024,福州英华职业学院,019,,331,,ocr_extracted,,,152,ocr_2025_vocational,extracted
7024,福州英华职业学院,021,,292,,ocr_extracted,,,100,ocr_2025_vocational,extracted
7024,福州英华职业学院,022,,271,,ocr_extracted,,,55,ocr_2025_vocational,extracted
7024,福州英华职业学院,024,,281,,ocr_extracted,,,62,ocr_2025_vocational,extracted
7024,福州英华职业学院,025,,301,,ocr_extracted,,,95,ocr_2025_vocational,extracted
7024,福州英华职业学院,026,,314,,ocr_extracted,,,118,ocr_2025_vocational,extracted
7024,福州英华职业学院,027,,334,,ocr_extracted,,,162,ocr_2025_vocational,extracted
7024,福州英华职业学院,028,,284,,ocr_extracted,,,60,ocr_2025_vocational,extracted
7024,福州英华职业学院,030,,285,,ocr_extracted,,,67,ocr_2025_vocational,extracted
7025,闽北职业技术学院,001,,412,,ocr_extracted,,,249,ocr_2025_vocational,extracted
7025,闽北职业技术学院,002,,440,,ocr_extracted,,,283,ocr_2025_vocational,extracted
7025,闽北职业技术学院,003,,407,,ocr_extracted,,,260,ocr_2025_vocational,extracted
7025,闽北职业技术学院,004,,427,,ocr_extracted,,,260,ocr_2025_vocational,extracted
7027,闽北职业技术学院(面向南平),001,,389,,ocr_extracted,,,251,ocr_2025_vocational,extracted
7027,闽北职业技术学院(面向南平),002,,390,,ocr_extracted,,,243,ocr_2025_vocational,extracted
7027,闽北职业技术学院(面向南平),004,,397,,ocr_extracted,,,273,ocr_2025_vocational,extracted
7027,闽北职业技术学院(面向南平),005,,398,,ocr_extracted,,,272,ocr_2025_vocational,extracted
7027,闽北职业技术学院(面向南平),007,,383,,ocr_extracted,,,255,ocr_2025_vocational,extracted
7027,闽北职业技术学院(面向南平),012,,385,,ocr_extracted,,,276,ocr_2025_vocational,extracted
7027,闽北职业技术学院(面向南平),019,,401,,ocr_extracted,,,242,ocr_2025_vocational,extracted
7027,闽北职业技术学院(面向南平),020,,386,,ocr_extracted,,,201,ocr_2025_vocational,extracted
7028,闽西职业技术学院,004,,360,,ocr_extracted,,,216,ocr_2025_vocational,extracted
7028,闽西职业技术学院,005,,406,,ocr_extracted,,,266,ocr_2025_vocational,extracted
7028,闽西职业技术学院,006,,381,,ocr_extracted,,,249,ocr_2025_vocational,extracted
7028,闽西职业技术学院,007,,372,,ocr_extracted,,,227,ocr_2025_vocational,extracted
7028,闽西职业技术学院,010,,366,,ocr_extracted,,,186,ocr_2025_vocational,extracted
7028,闽西职业技术学院,011,,297,,ocr_extracted,,,94,ocr_2025_vocational,extracted
7028,闽西职业技术学院,012,,367,,ocr_extracted,,,219,ocr_2025_vocational,extracted
7028,闽西职业技术学院,014,,395,,ocr_extracted,,,281,ocr_2025_vocational,extracted
7030,泉州纺织服装职业学院,004,,416,,ocr_extracted,,,262,ocr_2025_vocational,extracted
7030,泉州纺织服装职业学院,006,,394,,ocr_extracted,,,259,ocr_2025_vocational,extracted
7030,泉州纺织服装职业学院,008,,423,,ocr_extracted,,,294,ocr_2025_vocational,extracted
7030,泉州纺织服装职业学院,009,,414,,ocr_extracted,,,273,ocr_2025_vocational,extracted
7030,泉州纺织服装职业学院,010,,391,,ocr_extracted,,,259,ocr_2025_vocational,extracted
7030,泉州纺织服装职业学院,011,,421,,ocr_extracted,,,275,ocr_2025_vocational,extracted
7030,泉州纺织服装职业学院,012,,427,,ocr_extracted,,,260,ocr_2025_vocational,extracted
7030,泉州纺织服装职业学院,013,,432,,ocr_extracted,,,321,ocr_2025_vocational,extracted
7030,泉州纺织服装职业学院,014,,374,,ocr_extracted,,,220,ocr_2025_vocational,extracted
7030,泉州纺织服装职业学院,015,,413,,ocr_extracted,,,275,ocr_2025_vocational,extracted
7030,泉州纺织服装职业学院,016,,412,,ocr_extracted,,,249,ocr_2025_vocational,extracted
7030,泉州纺织服装职业学院,017,,396,,ocr_extracted,,,254,ocr_2025_vocational,extracted
7030,泉州纺织服装职业学院,018,,402,,ocr_extracted,,,241,ocr_2025_vocational,extracted
7030,泉州纺织服装职业学院,019,,431,,ocr_extracted,,,249,ocr_2025_vocational,extracted
7030,泉州纺织服装职业学院,020,,425,,ocr_extracted,,,286,ocr_2025_vocational,extracted
7030,泉州纺织服装职业学院,021,,429,,ocr_extracted,,,267,ocr_2025_vocational,extracted
7030,泉州纺织服装职业学院,024,,361,,ocr_extracted,,,221,ocr_2025_vocational,extracted
7030,泉州纺织服装职业学院,025,,383,,ocr_extracted,,,255,ocr_2025_vocational,extracted
7030,泉州纺织服装职业学院,026,,388,,ocr_extracted,,,264,ocr_2025_vocational,extracted
7031,泉州纺织服装职业学院,001,,592,,ocr_extracted,,,76,ocr_2025_vocational,extracted
7031,泉州纺织服装职业学院,002,,388,,ocr_extracted,,,264,ocr_2025_vocational,extracted
7031,泉州纺织服装职业学院,003,,399,,ocr_extracted,,,282,ocr_2025_vocational,extracted
7031,泉州纺织服装职业学院,006,,378,,ocr_extracted,,,214,ocr_2025_vocational,extracted
7031,泉州纺织服装职业学院,007,,391,,ocr_extracted,,,259,ocr_2025_vocational,extracted
7031,泉州纺织服装职业学院,008,,391,,ocr_extracted,,,259,ocr_2025_vocational,extracted
7031,泉州纺织服装职业学院,009,,383,,ocr_extracted,,,255,ocr_2025_vocational,extracted
7031,泉州纺织服装职业学院,010,,381,,ocr_extracted,,,249,ocr_2025_vocational,extracted
7031,泉州纺织服装职业学院,011,,374,,ocr_extracted,,,220,ocr_2025_vocational,extracted
7031,泉州纺织服装职业学院,012,,380,,ocr_extracted,,,253,ocr_2025_vocational,extracted
7031,泉州纺织服装职业学院,013,,379,,ocr_extracted,,,250,ocr_2025_vocational,extracted
7031,泉州纺织服装职业学院,014,,352,,ocr_extracted,,,200,ocr_2025_vocational,extracted
7031,泉州纺织服装职业学院,015,,384,,ocr_extracted,,,249,ocr_2025_vocational,extracted
7031,泉州纺织服装职业学院,016,,371,,ocr_extracted,,,240,ocr_2025_vocational,extracted
7032,泉州纺织服装职业学院,005,,392,,ocr_extracted,,,259,ocr_2025_vocational,extracted
7032,泉州纺织服装职业学院,007,,396,,ocr_extracted,,,254,ocr_2025_vocational,extracted
7032,泉州纺织服装职业学院,008,,385,,ocr_extracted,,,276,ocr_2025_vocational,extracted
7032,泉州纺织服装职业学院,009,,346,,ocr_extracted,,,204,ocr_2025_vocational,extracted
7032,泉州纺织服装职业学院,011,,376,,ocr_extracted,,,262,ocr_2025_vocational,extracted
7032,泉州纺织服装职业学院,012,,388,,ocr_extracted,,,264,ocr_2025_vocational,extracted
7032,泉州纺织服装职业学院,013,,381,,ocr_extracted,,,249,ocr_2025_vocational,extracted
7032,泉州纺织服装职业学院,014,,375,,ocr_extracted,,,214,ocr_2025_vocational,extracted
7033,泉州纺织服装职业学院,001,,309,,ocr_extracted,,,106,ocr_2025_vocational,extracted
7033,泉州纺织服装职业学院,002,,251,,ocr_extracted,,,40,ocr_2025_vocational,extracted
7033,泉州纺织服装职业学院,003,,238,,ocr_extracted,,,20,ocr_2025_vocational,extracted
7033,泉州纺织服装职业学院,004,,260,,ocr_extracted,,,38,ocr_2025_vocational,extracted
7033,泉州纺织服装职业学院,005,,268,,ocr_extracted,,,33,ocr_2025_vocational,extracted
7033,泉州纺织服装职业学院,006,,302,,ocr_extracted,,,96,ocr_2025_vocational,extracted
7033,泉州纺织服装职业学院,007,,342,,ocr_extracted,,,205,ocr_2025_vocational,extracted
7033,泉州纺织服装职业学院,008,,297,,ocr_extracted,,,94,ocr_2025_vocational,extracted
7033,泉州纺织服装职业学院,009,,247,,ocr_extracted,,,33,ocr_2025_vocational,extracted
7033,泉州纺织服装职业学院,010,,278,,ocr_extracted,,,43,ocr_2025_vocational,extracted
7033,泉州纺织服装职业学院,011,,298,,ocr_extracted,,,87,ocr_2025_vocational,extracted
7033,泉州纺织服装职业学院,012,,306,,ocr_extracted,,,108,ocr_2025_vocational,extracted
7033,泉州纺织服装职业学院,013,,248,,ocr_extracted,,,29,ocr_2025_vocational,extracted
7033,泉州纺织服装职业学院,014,,242,,ocr_extracted,,,31,ocr_2025_vocational,extracted
7033,泉州纺织服装职业学院,015,,277,,ocr_extracted,,,54,ocr_2025_vocational,extracted
7033,泉州纺织服装职业学院,016,,241,,ocr_extracted,,,36,ocr_2025_vocational,extracted
7033,泉州纺织服装职业学院,017,,368,,ocr_extracted,,,226,ocr_2025_vocational,extracted
7033,泉州纺织服装职业学院,018,,349,,ocr_extracted,,,191,ocr_2025_vocational,extracted
7033,泉州纺织服装职业学院,019,,247,,ocr_extracted,,,33,ocr_2025_vocational,extracted
7033,泉州纺织服装职业学院,020,,249,,ocr_extracted,,,26,ocr_2025_vocational,extracted
7033,泉州纺织服装职业学院,021,,316,,ocr_extracted,,,124,ocr_2025_vocational,extracted
7033,泉州纺织服装职业学院,023,,266,,ocr_extracted,,,31,ocr_2025_vocational,extracted
7033,泉州纺织服装职业学院,024,,249,,ocr_extracted,,,26,ocr_2025_vocational,extracted
7033,泉州纺织服装职业学院,026,,236,,ocr_extracted,,,18,ocr_2025_vocational,extracted
7033,泉州纺织服装职业学院,027,,241,,ocr_extracted,,,36,ocr_2025_vocational,extracted
7033,泉州纺织服装职业学院,028,,236,,ocr_extracted,,,18,ocr_2025_vocational,extracted
7033,泉州纺织服装职业学院,029,,363,,ocr_extracted,,,221,ocr_2025_vocational,extracted
7033,泉州纺织服装职业学院,030,,260,,ocr_extracted,,,38,ocr_2025_vocational,extracted
7033,泉州纺织服装职业学院,031,,279,,ocr_extracted,,,66,ocr_2025_vocational,extracted
7033,泉州纺织服装职业学院,033,,259,,ocr_extracted,,,36,ocr_2025_vocational,extracted
7033,泉州纺织服装职业学院,035,,272,,ocr_extracted,,,58,ocr_2025_vocational,extracted
7033,泉州纺织服装职业学院,037,,238,,ocr_extracted,,,20,ocr_2025_vocational,extracted
7033,泉州纺织服装职业学院,039,,356,,ocr_extracted,,,215,ocr_2025_vocational,extracted
7034,挟放工程大业技术学院,001,,247,,ocr_extracted,,,33,ocr_2025_vocational,extracted
7034,挟放工程大业技术学院,002,,240,,ocr_extracted,,,34,ocr_2025_vocational,extracted
7034,挟放工程大业技术学院,003,,237,,ocr_extracted,,,28,ocr_2025_vocational,extracted
7034,挟放工程大业技术学院,007,,327,,ocr_extracted,,,145,ocr_2025_vocational,extracted
7034,挟放工程大业技术学院,008,,274,,ocr_extracted,,,51,ocr_2025_vocational,extracted
7034,挟放工程大业技术学院,013,,288,,ocr_extracted,,,72,ocr_2025_vocational,extracted
7034,挟放工程大业技术学院,014,,260,,ocr_extracted,,,38,ocr_2025_vocational,extracted
7034,挟放工程大业技术学院,016,,326,,ocr_extracted,,,163,ocr_2025_vocational,extracted
7034,挟放工程大业技术学院,018,,284,,ocr_extracted,,,60,ocr_2025_vocational,extracted
7035,泉州纺织服装职业学院,002,,385,,ocr_extracted,,,276,ocr_2025_vocational,extracted
7035,泉州纺织服装职业学院,003,,383,,ocr_extracted,,,255,ocr_2025_vocational,extracted
7035,泉州纺织服装职业学院,004,,385,,ocr_extracted,,,276,ocr_2025_vocational,extracted
7035,泉州纺织服装职业学院,005,,373,,ocr_extracted,,,234,ocr_2025_vocational,extracted
7036,泉州轻工职业学院,001,,355,,ocr_extracted,,,197,ocr_2025_vocational,extracted
7036,泉州轻工职业学院,002,,365,,ocr_extracted,,,235,ocr_2025_vocational,extracted
7036,泉州轻工职业学院,003,,327,,ocr_extracted,,,145,ocr_2025_vocational,extracted
7036,泉州轻工职业学院,005,,337,,ocr_extracted,,,136,ocr_2025_vocational,extracted
7036,泉州轻工职业学院,006,,331,,ocr_extracted,,,152,ocr_2025_vocational,extracted
7036,泉州轻工职业学院,007,,308,,ocr_extracted,,,115,ocr_2025_vocational,extracted
7036,泉州轻工职业学院,008,,324,,ocr_extracted,,,141,ocr_2025_vocational,extracted
7036,泉州轻工职业学院,009,,363,,ocr_extracted,,,221,ocr_2025_vocational,extracted
7036,泉州轻工职业学院,010,,350,,ocr_extracted,,,190,ocr_2025_vocational,extracted
7036,泉州轻工职业学院,013,,319,,ocr_extracted,,,127,ocr_2025_vocational,extracted
7036,泉州轻工职业学院,014,,353,,ocr_extracted,,,211,ocr_2025_vocational,extracted
7036,泉州轻工职业学院,015,,324,,ocr_extracted,,,141,ocr_2025_vocational,extracted
7036,泉州轻工职业学院,016,,371,,ocr_extracted,,,240,ocr_2025_vocational,extracted
7036,泉州轻工职业学院,017,,325,,ocr_extracted,,,152,ocr_2025_vocational,extracted
7036,泉州轻工职业学院,018,,364,,ocr_extracted,,,238,ocr_2025_vocational,extracted
7036,泉州轻工职业学院,020,,346,,ocr_extracted,,,204,ocr_2025_vocational,extracted
7036,泉州轻工职业学院,022,,361,,ocr_extracted,,,221,ocr_2025_vocational,extracted
7036,泉州轻工职业学院,023,,327,,ocr_extracted,,,145,ocr_2025_vocational,extracted
7036,泉州轻工职业学院,024,,333,,ocr_extracted,,,153,ocr_2025_vocational,extracted
7036,泉州轻工职业学院,025,,329,,ocr_extracted,,,146,ocr_2025_vocational,extracted
7036,泉州轻工职业学院,026,,355,,ocr_extracted,,,197,ocr_2025_vocational,extracted
7036,泉州轻工职业学院,027,,352,,ocr_extracted,,,200,ocr_2025_vocational,extracted
7036,泉州轻工职业学院,028,,325,,ocr_extracted,,,152,ocr_2025_vocational,extracted
7036,泉州轻工职业学院,029,,385,,ocr_extracted,,,276,ocr_2025_vocational,extracted
7037,泉州华光职业学院,001,,342,,ocr_extracted,,,205,ocr_2025_vocational,extracted
7037,泉州华光职业学院,002,,293,,ocr_extracted,,,85,ocr_2025_vocational,extracted
7037,泉州华光职业学院,003,,300,,ocr_extracted,,,84,ocr_2025_vocational,extracted
7037,泉州华光职业学院,004,,320,,ocr_extracted,,,148,ocr_2025_vocational,extracted
7037,泉州华光职业学院,005,,257,,ocr_extracted,,,44,ocr_2025_vocational,extracted
7037,泉州华光职业学院,006,,318,,ocr_extracted,,,126,ocr_2025_vocational,extracted
7037,泉州华光职业学院,007,,329,,ocr_extracted,,,146,ocr_2025_vocational,extracted
7037,泉州华光职业学院,008,,305,,ocr_extracted,,,114,ocr_2025_vocational,extracted
7037,泉州华光职业学院,009,,280,,ocr_extracted,,,58,ocr_2025_vocational,extracted
7037,泉州华光职业学院,010,,297,,ocr_extracted,,,94,ocr_2025_vocational,extracted
7037,泉州华光职业学院,011,,369,,ocr_extracted,,,237,ocr_2025_vocational,extracted
7037,泉州华光职业学院,012,,310,,ocr_extracted,,,109,ocr_2025_vocational,extracted
7037,泉州华光职业学院,013,,357,,ocr_extracted,,,178,ocr_2025_vocational,extracted
7037,泉州华光职业学院,014,,337,,ocr_extracted,,,136,ocr_2025_vocational,extracted
7037,泉州华光职业学院,015,,355,,ocr_extracted,,,197,ocr_2025_vocational,extracted
7037,泉州华光职业学院,016,,311,,ocr_extracted,,,126,ocr_2025_vocational,extracted
7037,泉州华光职业学院,017,,308,,ocr_extracted,,,115,ocr_2025_vocational,extracted
7037,泉州华光职业学院,018,,510,,ocr_extracted,,,228,ocr_2025_vocational,extracted
7037,泉州华光职业学院,020,,266,,ocr_extracted,,,31,ocr_2025_vocational,extracted
7037,泉州华光职业学院,021,,257,,ocr_extracted,,,44,ocr_2025_vocational,extracted
7037,泉州华光职业学院,026,,244,,ocr_extracted,,,27,ocr_2025_vocational,extracted
7037,泉州华光职业学院,030,,338,,ocr_extracted,,,169,ocr_2025_vocational,extracted
7037,泉州华光职业学院,032,,299,,ocr_extracted,,,88,ocr_2025_vocational,extracted
7037,泉州华光职业学院,033,,309,,ocr_extracted,,,106,ocr_2025_vocational,extracted
7037,泉州华光职业学院,631,,317,,ocr_extracted,,,134,ocr_2025_vocational,extracted
7038,泉州轻工职业学院,003,,382,,ocr_extracted,,,225,ocr_2025_vocational,extracted
7038,泉州轻工职业学院,004,,389,,ocr_extracted,,,251,ocr_2025_vocational,extracted
7038,泉州轻工职业学院,009,,388,,ocr_extracted,,,264,ocr_2025_vocational,extracted
7038,泉州轻工职业学院,012,,376,,ocr_extracted,,,262,ocr_2025_vocational,extracted
7038,泉州轻工职业学院,016,,407,,ocr_extracted,,,260,ocr_2025_vocational,extracted
7038,泉州轻工职业学院,017,,400,,ocr_extracted,,,238,ocr_2025_vocational,extracted
7038,泉州轻工职业学院,018,,401,,ocr_extracted,,,242,ocr_2025_vocational,extracted
7038,泉州轻工职业学院,019,,384,,ocr_extracted,,,249,ocr_2025_vocational,extracted
7038,泉州轻工职业学院,020,,391,,ocr_extracted,,,259,ocr_2025_vocational,extracted
7038,泉州轻工职业学院,021,,387,,ocr_extracted,,,236,ocr_2025_vocational,extracted
7038,泉州轻工职业学院,022,,384,,ocr_extracted,,,249,ocr_2025_vocational,extracted
7038,泉州轻工职业学院,024,,386,,ocr_extracted,,,201,ocr_2025_vocational,extracted
7038,泉州轻工职业学院,028,,398,,ocr_extracted,,,272,ocr_2025_vocational,extracted
7038,泉州轻工职业学院,029,,394,,ocr_extracted,,,259,ocr_2025_vocational,extracted
7038,泉州轻工职业学院,030,,383,,ocr_extracted,,,255,ocr_2025_vocational,extracted
7039,泉州轻工职业学院,001,,277,,ocr_extracted,,,54,ocr_2025_vocational,extracted
7039,泉州轻工职业学院,002,,246,,ocr_extracted,,,26,ocr_2025_vocational,extracted
7039,泉州轻工职业学院,003,,298,,ocr_extracted,,,87,ocr_2025_vocational,extracted
7039,泉州轻工职业学院,005,,257,,ocr_extracted,,,44,ocr_2025_vocational,extracted
7039,泉州轻工职业学院,009,,239,,ocr_extracted,,,22,ocr_2025_vocational,extracted
7039,泉州轻工职业学院,011,,261,,ocr_extracted,,,34,ocr_2025_vocational,extracted
7039,泉州轻工职业学院,018,,287,,ocr_extracted,,,85,ocr_2025_vocational,extracted
7039,泉州轻工职业学院,025,,257,,ocr_extracted,,,44,ocr_2025_vocational,extracted
7039,泉州轻工职业学院,026,,236,,ocr_extracted,,,18,ocr_2025_vocational,extracted
7045,录放幼儿师范高等专科学校,002,,368,,ocr_extracted,,,226,ocr_2025_vocational,extracted
7045,录放幼儿师范高等专科学校,003,,365,,ocr_extracted,,,235,ocr_2025_vocational,extracted
7045,录放幼儿师范高等专科学校,007,,373,,ocr_extracted,,,234,ocr_2025_vocational,extracted
7046,三明医学科技职业学院,001,,390,,ocr_extracted,,,243,ocr_2025_vocational,extracted
7046,三明医学科技职业学院,003,,374,,ocr_extracted,,,220,ocr_2025_vocational,extracted
7046,三明医学科技职业学院,004,,376,,ocr_extracted,,,262,ocr_2025_vocational,extracted
7046,三明医学科技职业学院,005,,405,,ocr_extracted,,,239,ocr_2025_vocational,extracted
7046,三明医学科技职业学院,006,,419,,ocr_extracted,,,286,ocr_2025_vocational,extracted
7046,三明医学科技职业学院,007,,419,,ocr_extracted,,,286,ocr_2025_vocational,extracted
7046,三明医学科技职业学院,012,,379,,ocr_extracted,,,250,ocr_2025_vocational,extracted
7046,三明医学科技职业学院,014,,590,,ocr_extracted,,,87,ocr_2025_vocational,extracted
7046,三明医学科技职业学院,017,,425,,ocr_extracted,,,286,ocr_2025_vocational,extracted
7046,三明医学科技职业学院,019,,395,,ocr_extracted,,,281,ocr_2025_vocational,extracted
7046,三明医学科技职业学院,021,,420,,ocr_extracted,,,283,ocr_2025_vocational,extracted
7046,三明医学科技职业学院,024,,399,,ocr_extracted,,,282,ocr_2025_vocational,extracted
7046,三明医学科技职业学院,025,,417,,ocr_extracted,,,235,ocr_2025_vocational,extracted
7046,三明医学科技职业学院,026,,409,,ocr_extracted,,,261,ocr_2025_vocational,extracted
7046,三明医学科技职业学院,029,,373,,ocr_extracted,,,234,ocr_2025_vocational,extracted
7046,三明医学科技职业学院,030,,391,,ocr_extracted,,,259,ocr_2025_vocational,extracted
7046,三明医学科技职业学院,031,,388,,ocr_extracted,,,264,ocr_2025_vocational,extracted
7046,三明医学科技职业学院,032,,392,,ocr_extracted,,,259,ocr_2025_vocational,extracted
7046,三明医学科技职业学院,033,,380,,ocr_extracted,,,253,ocr_2025_vocational,extracted
7046,三明医学科技职业学院,034,,382,,ocr_extracted,,,225,ocr_2025_vocational,extracted
7046,三明医学科技职业学院,035,,400,,ocr_extracted,,,238,ocr_2025_vocational,extracted
7046,三明医学科技职业学院,037,,410,,ocr_extracted,,,241,ocr_2025_vocational,extracted
7046,三明医学科技职业学院,038,,378,,ocr_extracted,,,214,ocr_2025_vocational,extracted
7046,三明医学科技职业学院,040,,365,,ocr_extracted,,,235,ocr_2025_vocational,extracted
7046,三明医学科技职业学院,042,,392,,ocr_extracted,,,259,ocr_2025_vocational,extracted
7046,三明医学科技职业学院,043,,385,,ocr_extracted,,,276,ocr_2025_vocational,extracted
7046,三明医学科技职业学院,044,,401,,ocr_extracted,,,242,ocr_2025_vocational,extracted
7048,三明医学科技职业学院,001,,245,,ocr_extracted,,,29,ocr_2025_vocational,extracted
7048,三明医学科技职业学院,002,,237,,ocr_extracted,,,28,ocr_2025_vocational,extracted
7048,三明医学科技职业学院,003,,241,,ocr_extracted,,,36,ocr_2025_vocational,extracted
7048,三明医学科技职业学院,004,,308,,ocr_extracted,,,115,ocr_2025_vocational,extracted
7048,三明医学科技职业学院,005,,256,,ocr_extracted,,,25,ocr_2025_vocational,extracted
7048,三明医学科技职业学院,006,,241,,ocr_extracted,,,36,ocr_2025_vocational,extracted
7048,三明医学科技职业学院,008,,237,,ocr_extracted,,,28,ocr_2025_vocational,extracted
7048,三明医学科技职业学院,009,,238,,ocr_extracted,,,20,ocr_2025_vocational,extracted
7048,三明医学科技职业学院,014,,237,,ocr_extracted,,,28,ocr_2025_vocational,extracted
7048,三明医学科技职业学院,015,,272,,ocr_extracted,,,58,ocr_2025_vocational,extracted
7050,厦门华天涉外职业技术学院,002,,347,,ocr_extracted,,,203,ocr_2025_vocational,extracted
7050,厦门华天涉外职业技术学院,003,,358,,ocr_extracted,,,219,ocr_2025_vocational,extracted
7050,厦门华天涉外职业技术学院,004,,534,,ocr_extracted,,,166,ocr_2025_vocational,extracted
7050,厦门华天涉外职业技术学院,006,,339,,ocr_extracted,,,184,ocr_2025_vocational,extracted
7050,厦门华天涉外职业技术学院,007,,369,,ocr_extracted,,,237,ocr_2025_vocational,extracted
7050,厦门华天涉外职业技术学院,009,,374,,ocr_extracted,,,220,ocr_2025_vocational,extracted
7050,厦门华天涉外职业技术学院,011,,345,,ocr_extracted,,,193,ocr_2025_vocational,extracted
7050,厦门华天涉外职业技术学院,012,,344,,ocr_extracted,,,211,ocr_2025_vocational,extracted
7050,厦门华天涉外职业技术学院,013,,346,,ocr_extracted,,,204,ocr_2025_vocational,extracted
7050,厦门华天涉外职业技术学院,014,,314,,ocr_extracted,,,118,ocr_2025_vocational,extracted
7050,厦门华天涉外职业技术学院,016,,311,,ocr_extracted,,,126,ocr_2025_vocational,extracted
7051,厦门华天涉外职业技术学院,001,,433,,ocr_extracted,,,303,ocr_2025_vocational,extracted
7051,厦门华天涉外职业技术学院,002,,408,,ocr_extracted,,,268,ocr_2025_vocational,extracted
7051,厦门华天涉外职业技术学院,003,,408,,ocr_extracted,,,268,ocr_2025_vocational,extracted
7051,厦门华天涉外职业技术学院,004,,408,,ocr_extracted,,,268,ocr_2025_vocational,extracted
7051,厦门华天涉外职业技术学院,005,,397,,ocr_extracted,,,273,ocr_2025_vocational,extracted
7051,厦门华天涉外职业技术学院,006,,412,,ocr_extracted,,,249,ocr_2025_vocational,extracted
7051,厦门华天涉外职业技术学院,007,,424,,ocr_extracted,,,310,ocr_2025_vocational,extracted
7051,厦门华天涉外职业技术学院,008,,412,,ocr_extracted,,,249,ocr_2025_vocational,extracted
7052,厦门华天涉外职业技术学院,001,,318,,ocr_extracted,,,126,ocr_2025_vocational,extracted
7052,厦门华天涉外职业技术学院,002,,312,,ocr_extracted,,,134,ocr_2025_vocational,extracted
7052,厦门华天涉外职业技术学院,003,,351,,ocr_extracted,,,180,ocr_2025_vocational,extracted
7052,厦门华天涉外职业技术学院,004,,322,,ocr_extracted,,,154,ocr_2025_vocational,extracted
7052,厦门华天涉外职业技术学院,005,,352,,ocr_extracted,,,200,ocr_2025_vocational,extracted
7052,厦门华天涉外职业技术学院,006,,350,,ocr_extracted,,,190,ocr_2025_vocational,extracted
7052,厦门华天涉外职业技术学院,007,,393,,ocr_extracted,,,240,ocr_2025_vocational,extracted
7052,厦门华天涉外职业技术学院,008,,388,,ocr_extracted,,,264,ocr_2025_vocational,extracted
7052,厦门华天涉外职业技术学院,009,,315,,ocr_extracted,,,136,ocr_2025_vocational,extracted
7052,厦门华天涉外职业技术学院,010,,351,,ocr_extracted,,,180,ocr_2025_vocational,extracted
7052,厦门华天涉外职业技术学院,012,,320,,ocr_extracted,,,148,ocr_2025_vocational,extracted
7052,厦门华天涉外职业技术学院,014,,318,,ocr_extracted,,,126,ocr_2025_vocational,extracted
7052,厦门华天涉外职业技术学院,015,,282,,ocr_extracted,,,77,ocr_2025_vocational,extracted
7052,厦门华天涉外职业技术学院,016,,330,,ocr_extracted,,,160,ocr_2025_vocational,extracted
7052,厦门华天涉外职业技术学院,018,,235,,ocr_extracted,,,16,ocr_2025_vocational,extracted
7052,厦门华天涉外职业技术学院,020,,296,,ocr_extracted,,,85,ocr_2025_vocational,extracted
7052,厦门华天涉外职业技术学院,021,,314,,ocr_extracted,,,118,ocr_2025_vocational,extracted
7052,厦门华天涉外职业技术学院,022,,293,,ocr_extracted,,,85,ocr_2025_vocational,extracted
7053,区门海洋职业技术学院,004,,393,,ocr_extracted,,,240,ocr_2025_vocational,extracted
7053,区门海洋职业技术学院,010,,426,,ocr_extracted,,,273,ocr_2025_vocational,extracted
7053,区门海洋职业技术学院,013,,423,,ocr_extracted,,,294,ocr_2025_vocational,extracted
7053,区门海洋职业技术学院,016,,427,,ocr_extracted,,,260,ocr_2025_vocational,extracted
7053,区门海洋职业技术学院,017,,401,,ocr_extracted,,,242,ocr_2025_vocational,extracted
7053,区门海洋职业技术学院,018,,389,,ocr_extracted,,,251,ocr_2025_vocational,extracted
7053,区门海洋职业技术学院,020,,416,,ocr_extracted,,,262,ocr_2025_vocational,extracted
7053,区门海洋职业技术学院,021,,412,,ocr_extracted,,,249,ocr_2025_vocational,extracted
7053,区门海洋职业技术学院,022,,442,,ocr_extracted,,,325,ocr_2025_vocational,extracted
7053,区门海洋职业技术学院,023,,394,,ocr_extracted,,,259,ocr_2025_vocational,extracted
7053,区门海洋职业技术学院,024,,395,,ocr_extracted,,,281,ocr_2025_vocational,extracted
7053,区门海洋职业技术学院,027,,400,,ocr_extracted,,,238,ocr_2025_vocational,extracted
7054,厦门演艺职业学院,005,,286,,ocr_extracted,,,73,ocr_2025_vocational,extracted
7054,厦门演艺职业学院,016,,235,,ocr_extracted,,,16,ocr_2025_vocational,extracted
7055,漳州城市职业学院,001,,301,,ocr_extracted,,,95,ocr_2025_vocational,extracted
7055,漳州城市职业学院,002,,297,,ocr_extracted,,,94,ocr_2025_vocational,extracted
7055,漳州城市职业学院,003,,315,,ocr_extracted,,,136,ocr_2025_vocational,extracted
7055,漳州城市职业学院,004,,380,,ocr_extracted,,,253,ocr_2025_vocational,extracted
7055,漳州城市职业学院,005,,377,,ocr_extracted,,,230,ocr_2025_vocational,extracted
7055,漳州城市职业学院,006,,348,,ocr_extracted,,,196,ocr_2025_vocational,extracted
7055,漳州城市职业学院,007,,340,,ocr_extracted,,,167,ocr_2025_vocational,extracted
7055,漳州城市职业学院,009,,335,,ocr_extracted,,,154,ocr_2025_vocational,extracted
7055,漳州城市职业学院,010,,280,,ocr_extracted,,,58,ocr_2025_vocational,extracted
7055,漳州城市职业学院,012,,303,,ocr_extracted,,,108,ocr_2025_vocational,extracted
7055,漳州城市职业学院,013,,330,,ocr_extracted,,,160,ocr_2025_vocational,extracted
7055,漳州城市职业学院,014,,335,,ocr_extracted,,,154,ocr_2025_vocational,extracted
7055,漳州城市职业学院,015,,310,,ocr_extracted,,,109,ocr_2025_vocational,extracted
7055,漳州城市职业学院,016,,318,,ocr_extracted,,,126,ocr_2025_vocational,extracted
7055,漳州城市职业学院,017,,315,,ocr_extracted,,,136,ocr_2025_vocational,extracted
7055,漳州城市职业学院,018,,333,,ocr_extracted,,,153,ocr_2025_vocational,extracted
7055,漳州城市职业学院,019,,329,,ocr_extracted,,,146,ocr_2025_vocational,extracted
7055,漳州城市职业学院,021,,279,,ocr_extracted,,,66,ocr_2025_vocational,extracted
7055,漳州城市职业学院,022,,333,,ocr_extracted,,,153,ocr_2025_vocational,extracted
7055,漳州城市职业学院,023,,289,,ocr_extracted,,,83,ocr_2025_vocational,extracted
7055,漳州城市职业学院,024,,289,,ocr_extracted,,,83,ocr_2025_vocational,extracted
7055,漳州城市职业学院,025,,280,,ocr_extracted,,,58,ocr_2025_vocational,extracted
7055,漳州城市职业学院,026,,291,,ocr_extracted,,,71,ocr_2025_vocational,extracted
7055,漳州城市职业学院,027,,295,,ocr_extracted,,,96,ocr_2025_vocational,extracted
7055,漳州城市职业学院,028,,311,,ocr_extracted,,,126,ocr_2025_vocational,extracted
7055,漳州城市职业学院,029,,316,,ocr_extracted,,,124,ocr_2025_vocational,extracted
7055,漳州城市职业学院,030,,259,,ocr_extracted,,,36,ocr_2025_vocational,extracted
7055,漳州城市职业学院,031,,285,,ocr_extracted,,,67,ocr_2025_vocational,extracted
7055,漳州城市职业学院,032,,285,,ocr_extracted,,,67,ocr_2025_vocational,extracted
7055,漳州城市职业学院,033,,255,,ocr_extracted,,,29,ocr_2025_vocational,extracted
7055,漳州城市职业学院,034,,266,,ocr_extracted,,,31,ocr_2025_vocational,extracted
7055,漳州城市职业学院,035,,292,,ocr_extracted,,,100,ocr_2025_vocational,extracted
7055,漳州城市职业学院,036,,307,,ocr_extracted,,,125,ocr_2025_vocational,extracted
7055,漳州城市职业学院,037,,322,,ocr_extracted,,,154,ocr_2025_vocational,extracted
7055,漳州城市职业学院,038,,326,,ocr_extracted,,,163,ocr_2025_vocational,extracted
7055,漳州城市职业学院,039,,273,,ocr_extracted,,,47,ocr_2025_vocational,extracted
7055,漳州城市职业学院,040,,304,,ocr_extracted,,,89,ocr_2025_vocational,extracted
7056,漳州科技职业学院,002,,345,,ocr_extracted,,,193,ocr_2025_vocational,extracted
7056,漳州科技职业学院,003,,362,,ocr_extracted,,,206,ocr_2025_vocational,extracted
7056,漳州科技职业学院,005,,321,,ocr_extracted,,,142,ocr_2025_vocational,extracted
7056,漳州科技职业学院,006,,349,,ocr_extracted,,,191,ocr_2025_vocational,extracted
7056,漳州科技职业学院,007,,326,,ocr_extracted,,,163,ocr_2025_vocational,extracted
7056,漳州科技职业学院,008,,337,,ocr_extracted,,,136,ocr_2025_vocational,extracted
7056,漳州科技职业学院,009,,324,,ocr_extracted,,,141,ocr_2025_vocational,extracted
7056,漳州科技职业学院,010,,350,,ocr_extracted,,,190,ocr_2025_vocational,extracted
7056,漳州科技职业学院,012,,341,,ocr_extracted,,,162,ocr_2025_vocational,extracted
7056,漳州科技职业学院,013,,332,,ocr_extracted,,,166,ocr_2025_vocational,extracted
7056,漳州科技职业学院,014,,357,,ocr_extracted,,,178,ocr_2025_vocational,extracted
7056,漳州科技职业学院,015,,336,,ocr_extracted,,,175,ocr_2025_vocational,extracted
7056,漳州科技职业学院,016,,331,,ocr_extracted,,,152,ocr_2025_vocational,extracted
7056,漳州科技职业学院,017,,321,,ocr_extracted,,,142,ocr_2025_vocational,extracted
7056,漳州科技职业学院,018,,369,,ocr_extracted,,,237,ocr_2025_vocational,extracted
7056,漳州科技职业学院,019,,382,,ocr_extracted,,,225,ocr_2025_vocational,extracted
7056,漳州科技职业学院,022,,335,,ocr_extracted,,,154,ocr_2025_vocational,extracted
7056,漳州科技职业学院,023,,332,,ocr_extracted,,,166,ocr_2025_vocational,extracted
7056,漳州科技职业学院,025,,339,,ocr_extracted,,,184,ocr_2025_vocational,extracted
7056,漳州科技职业学院,027,,332,,ocr_extracted,,,166,ocr_2025_vocational,extracted
7056,漳州科技职业学院,029,,339,,ocr_extracted,,,184,ocr_2025_vocational,extracted
7056,漳州科技职业学院,030,,360,,ocr_extracted,,,216,ocr_2025_vocational,extracted
7057,漳州科技职业学院(闽台合作),001,,326,,ocr_extracted,,,163,ocr_2025_vocational,extracted
7057,漳州科技职业学院(闽台合作),003,,308,,ocr_extracted,,,115,ocr_2025_vocational,extracted
7057,漳州科技职业学院(闽台合作),004,,334,,ocr_extracted,,,162,ocr_2025_vocational,extracted
7057,漳州科技职业学院(闽台合作),005,,315,,ocr_extracted,,,136,ocr_2025_vocational,extracted
7057,漳州科技职业学院(闽台合作),006,,297,,ocr_extracted,,,94,ocr_2025_vocational,extracted
7057,漳州科技职业学院(闽台合作),007,,288,,ocr_extracted,,,72,ocr_2025_vocational,extracted
7057,漳州科技职业学院(闽台合作),008,,275,,ocr_extracted,,,71,ocr_2025_vocational,extracted
7057,漳州科技职业学院(闽台合作),009,,281,,ocr_extracted,,,62,ocr_2025_vocational,extracted
7057,漳州科技职业学院(闽台合作),010,,288,,ocr_extracted,,,72,ocr_2025_vocational,extracted
7057,漳州科技职业学院(闽台合作),011,,319,,ocr_extracted,,,127,ocr_2025_vocational,extracted
7057,漳州科技职业学院(闽台合作),012,,304,,ocr_extracted,,,89,ocr_2025_vocational,extracted
7057,漳州科技职业学院(闽台合作),013,,297,,ocr_extracted,,,94,ocr_2025_vocational,extracted
7058,漳州科技职业学院(闽台合作),001,,289,,ocr_extracted,,,83,ocr_2025_vocational,extracted
7058,漳州科技职业学院(闽台合作),002,,267,,ocr_extracted,,,40,ocr_2025_vocational,extracted
7058,漳州科技职业学院(闽台合作),003,,235,,ocr_extracted,,,16,ocr_2025_vocational,extracted
7058,漳州科技职业学院(闽台合作),004,,312,,ocr_extracted,,,134,ocr_2025_vocational,extracted
7058,漳州科技职业学院(闽台合作),005,,271,,ocr_extracted,,,55,ocr_2025_vocational,extracted
7058,漳州科技职业学院(闽台合作),006,,242,,ocr_extracted,,,31,ocr_2025_vocational,extracted
7058,漳州科技职业学院(闽台合作),009,,284,,ocr_extracted,,,60,ocr_2025_vocational,extracted
7058,漳州科技职业学院(闽台合作),010,,259,,ocr_extracted,,,36,ocr_2025_vocational,extracted
7058,漳州科技职业学院(闽台合作),012,,250,,ocr_extracted,,,33,ocr_2025_vocational,extracted
7058,漳州科技职业学院(闽台合作),013,,291,,ocr_extracted,,,71,ocr_2025_vocational,extracted
7058,漳州科技职业学院(闽台合作),014,,253,,ocr_extracted,,,44,ocr_2025_vocational,extracted
7058,漳州科技职业学院(闽台合作),015,,284,,ocr_extracted,,,60,ocr_2025_vocational,extracted
7058,漳州科技职业学院(闽台合作),016,,239,,ocr_extracted,,,22,ocr_2025_vocational,extracted
7058,漳州科技职业学院(闽台合作),018,,236,,ocr_extracted,,,18,ocr_2025_vocational,extracted
7059,漳州卫生职业学院,001,,394,,ocr_extracted,,,259,ocr_2025_vocational,extracted
7059,漳州卫生职业学院,002,,399,,ocr_extracted,,,282,ocr_2025_vocational,extracted
7059,漳州卫生职业学院,004,,423,,ocr_extracted,,,294,ocr_2025_vocational,extracted
7059,漳州卫生职业学院,026,,395,,ocr_extracted,,,281,ocr_2025_vocational,extracted
7060,漳州科技职业学院,001,,252,,ocr_extracted,,,33,ocr_2025_vocational,extracted
7060,漳州科技职业学院,002,,276,,ocr_extracted,,,53,ocr_2025_vocational,extracted
7060,漳州科技职业学院,006,,301,,ocr_extracted,,,95,ocr_2025_vocational,extracted
7060,漳州科技职业学院,007,,267,,ocr_extracted,,,40,ocr_2025_vocational,extracted
7060,漳州科技职业学院,010,,236,,ocr_extracted,,,18,ocr_2025_vocational,extracted
7060,漳州科技职业学院,011,,237,,ocr_extracted,,,28,ocr_2025_vocational,extracted
7060,漳州科技职业学院,013,,252,,ocr_extracted,,,33,ocr_2025_vocational,extracted
7060,漳州科技职业学院,015,,279,,ocr_extracted,,,66,ocr_2025_vocational,extracted
7060,漳州科技职业学院,019,,273,,ocr_extracted,,,47,ocr_2025_vocational,extracted
7060,漳州科技职业学院,020,,243,,ocr_extracted,,,31,ocr_2025_vocational,extracted
7060,漳州科技职业学院,021,,271,,ocr_extracted,,,55,ocr_2025_vocational,extracted
7060,漳州科技职业学院,022,,247,,ocr_extracted,,,33,ocr_2025_vocational,extracted
7060,漳州科技职业学院,024,,263,,ocr_extracted,,,39,ocr_2025_vocational,extracted
7060,漳州科技职业学院,029,,240,,ocr_extracted,,,34,ocr_2025_vocational,extracted
7060,漳州科技职业学院,030,,283,,ocr_extracted,,,69,ocr_2025_vocational,extracted
7060,漳州科技职业学院,032,,250,,ocr_extracted,,,33,ocr_2025_vocational,extracted
7060,漳州科技职业学院,033,,273,,ocr_extracted,,,47,ocr_2025_vocational,extracted
7060,漳州科技职业学院,034,,235,,ocr_extracted,,,16,ocr_2025_vocational,extracted
7060,漳州科技职业学院,036,,266,,ocr_extracted,,,31,ocr_2025_vocational,extracted
7060,漳州科技职业学院,039,,255,,ocr_extracted,,,29,ocr_2025_vocational,extracted
7062,济州理工职业学院,002,,358,,ocr_extracted,,,219,ocr_2025_vocational,extracted
7062,济州理工职业学院,003,,348,,ocr_extracted,,,196,ocr_2025_vocational,extracted
7062,济州理工职业学院,004,,346,,ocr_extracted,,,204,ocr_2025_vocational,extracted
7062,济州理工职业学院,013,,334,,ocr_extracted,,,162,ocr_2025_vocational,extracted
7063,漳州卫生职业学院,003,,436,,ocr_extracted,,,268,ocr_2025_vocational,extracted
7065,厦门南洋职业学院,020,,270,,ocr_extracted,,,56,ocr_2025_vocational,extracted
7066,漳州职业技术学院,018,,410,,ocr_extracted,,,241,ocr_2025_vocational,extracted
7067,厦门兴才职业技术学院,002,,357,,ocr_extracted,,,178,ocr_2025_vocational,extracted
7080,加江师范训等专和学校,017,,266,,ocr_extracted,,,31,ocr_2025_vocational,extracted
7080,加江师范训等专和学校,023,,433,,ocr_extracted,,,303,ocr_2025_vocational,extracted
7081,泉州医学高等专科学校,002,,417,,ocr_extracted,,,235,ocr_2025_vocational,extracted
7086,困放海洋职业学院,004,,335,,ocr_extracted,,,154,ocr_2025_vocational,extracted
7086,困放海洋职业学院,012,,344,,ocr_extracted,,,211,ocr_2025_vocational,extracted
7086,困放海洋职业学院,016,,412,,ocr_extracted,,,249,ocr_2025_vocational,extracted
7086,困放海洋职业学院,021,,368,,ocr_extracted,,,226,ocr_2025_vocational,extracted
7089,旭经工职业学院,008,,317,,ocr_extracted,,,134,ocr_2025_vocational,extracted
7095,束州华光职业学院,019,,277,,ocr_extracted,,,54,ocr_2025_vocational,extracted
7098,武丙山职业学院,019,,245,,ocr_extracted,,,29,ocr_2025_vocational,extracted
8067,安阳职业技术学院,002,,425,,ocr_extracted,,,286,ocr_2025_vocational,extracted
8069,蚌埠经济技术职业学院,001,,419,,ocr_extracted,,,286,ocr_2025_vocational,extracted
8070,宝鸡职业技术学院,001,,272,,ocr_extracted,,,58,ocr_2025_vocational,extracted
8070,宝鸡职业技术学院,004,,339,,ocr_extracted,,,184,ocr_2025_vocational,extracted
8070,宝鸡职业技术学院,006,,316,,ocr_extracted,,,124,ocr_2025_vocational,extracted
8070,宝鸡职业技术学院,007,,386,,ocr_extracted,,,201,ocr_2025_vocational,extracted
8070,宝鸡职业技术学院,010,,385,,ocr_extracted,,,276,ocr_2025_vocational,extracted
8071,宝鸡中北职业学院,003,,296,,ocr_extracted,,,85,ocr_2025_vocational,extracted
8071,宝鸡中北职业学院,004,,282,,ocr_extracted,,,77,ocr_2025_vocational,extracted
8071,宝鸡中北职业学院,006,,237,,ocr_extracted,,,28,ocr_2025_vocational,extracted
8072,蚌埠经济技术职业学院,001,,380,,ocr_extracted,,,253,ocr_2025_vocational,extracted
8072,蚌埠经济技术职业学院,002,,385,,ocr_extracted,,,276,ocr_2025_vocational,extracted
8073,北京农业职业学院,001,,435,,ocr_extracted,,,286,ocr_2025_vocational,extracted
8076,北京农业职业学院,001,,410,,ocr_extracted,,,241,ocr_2025_vocational,extracted
8076,北京农业职业学院,002,,398,,ocr_extracted,,,272,ocr_2025_vocational,extracted
8081,长春健康职业学院,001,,291,,ocr_extracted,,,71,ocr_2025_vocational,extracted
8081,长春健康职业学院,002,,297,,ocr_extracted,,,94,ocr_2025_vocational,extracted
8083,长春医学高等,001,,443,,ocr_extracted,,,284,ocr_2025_vocational,extracted
8087,滨州职业技术大学,001,,437,,ocr_extracted,,,281,ocr_2025_vocational,extracted
8089,长沙民政职业技术学院,003,,450,,ocr_extracted,,,244,ocr_2025_vocational,extracted
8089,长沙民政职业技术学院,010,,464,,ocr_extracted,,,271,ocr_2025_vocational,extracted
8090,长沙卫生职业学院,002,,472,,ocr_extracted,,,268,ocr_2025_vocational,extracted
8090,长沙卫生职业学院,003,,428,,ocr_extracted,,,286,ocr_2025_vocational,extracted
8091,常州工程职业技术学院,001,,433,,ocr_extracted,,,303,ocr_2025_vocational,extracted
8093,成都航空职业技术大学,001,,446,,ocr_extracted,,,283,ocr_2025_vocational,extracted
8094,郴州智能科技职业学院,001,,419,,ocr_extracted,,,286,ocr_2025_vocational,extracted
8094,郴州智能科技职业学院,002,,435,,ocr_extracted,,,286,ocr_2025_vocational,extracted
8094,郴州智能科技职业学院,003,,426,,ocr_extracted,,,273,ocr_2025_vocational,extracted
8094,郴州智能科技职业学院,004,,421,,ocr_extracted,,,275,ocr_2025_vocational,extracted
8094,郴州智能科技职业学院,005,,476,,ocr_extracted,,,245,ocr_2025_vocational,extracted
8095,郴州智能科技职业学院,001,,425,,ocr_extracted,,,286,ocr_2025_vocational,extracted
8096,郴州智能科技职业学院,002,,425,,ocr_extracted,,,286,ocr_2025_vocational,extracted
8099,重庆工商职业学院,001,,399,,ocr_extracted,,,282,ocr_2025_vocational,extracted
8099,重庆工商职业学院,002,,416,,ocr_extracted,,,262,ocr_2025_vocational,extracted
8101,重庆海联职业技术学院,001,,400,,ocr_extracted,,,238,ocr_2025_vocational,extracted
8102,重庆海联取业技术学院,005,,258,,ocr_extracted,,,46,ocr_2025_vocational,extracted
8104,重庆建筑科技职业学院,001,,287,,ocr_extracted,,,85,ocr_2025_vocational,extracted
8106,重庆科技职业学院,002,,327,,ocr_extracted,,,145,ocr_2025_vocational,extracted
8106,重庆科技职业学院,004,,247,,ocr_extracted,,,33,ocr_2025_vocational,extracted
8106,重庆科技职业学院,005,,337,,ocr_extracted,,,136,ocr_2025_vocational,extracted
8107,重庆轻工职业学院,002,,282,,ocr_extracted,,,77,ocr_2025_vocational,extracted
8107,重庆轻工职业学院,003,,321,,ocr_extracted,,,142,ocr_2025_vocational,extracted
8107,重庆轻工职业学院,004,,367,,ocr_extracted,,,219,ocr_2025_vocational,extracted
8109,重庆水利电力职业技术学院,002,,427,,ocr_extracted,,,260,ocr_2025_vocational,extracted
8110,重庆信息技术职业学院,002,,250,,ocr_extracted,,,33,ocr_2025_vocational,extracted
8110,重庆信息技术职业学院,005,,305,,ocr_extracted,,,114,ocr_2025_vocational,extracted
8111,重庆信息技术职业学院,002,,297,,ocr_extracted,,,94,ocr_2025_vocational,extracted
8112,重庆艺术工程职业学院,002,,465,,ocr_extracted,,,239,ocr_2025_vocational,extracted
8112,重庆艺术工程职业学院,003,,446,,ocr_extracted,,,283,ocr_2025_vocational,extracted
8112,重庆艺术工程职业学院,005,,449,,ocr_extracted,,,294,ocr_2025_vocational,extracted
8117,重庆智能工程职业学院,003,,299,,ocr_extracted,,,88,ocr_2025_vocational,extracted
8117,重庆智能工程职业学院,004,,404,,ocr_extracted,,,274,ocr_2025_vocational,extracted
8120,东莞职业技术学院,001,,404,,ocr_extracted,,,274,ocr_2025_vocational,extracted
8120,东莞职业技术学院,003,,409,,ocr_extracted,,,261,ocr_2025_vocational,extracted
8121,德阳城市轨道交通职业学院,001,,374,,ocr_extracted,,,220,ocr_2025_vocational,extracted
8121,德阳城市轨道交通职业学院,002,,381,,ocr_extracted,,,249,ocr_2025_vocational,extracted
8121,德阳城市轨道交通职业学院,004,,377,,ocr_extracted,,,230,ocr_2025_vocational,extracted
8123,德阳城市轨道交通职业学院,002,,382,,ocr_extracted,,,225,ocr_2025_vocational,extracted
8123,德阳城市轨道交通职业学院,003,,403,,ocr_extracted,,,267,ocr_2025_vocational,extracted
8124,恩施职业技术学院,001,,396,,ocr_extracted,,,254,ocr_2025_vocational,extracted
8125,抚州医药学院,001,,379,,ocr_extracted,,,250,ocr_2025_vocational,extracted
8125,抚州医药学院,002,,369,,ocr_extracted,,,237,ocr_2025_vocational,extracted
8125,抚州医药学院,005,,376,,ocr_extracted,,,262,ocr_2025_vocational,extracted
8126,隐南卫生健康职业学院,001,,407,,ocr_extracted,,,260,ocr_2025_vocational,extracted
8126,隐南卫生健康职业学院,003,,406,,ocr_extracted,,,266,ocr_2025_vocational,extracted
8126,隐南卫生健康职业学院,004,,402,,ocr_extracted,,,241,ocr_2025_vocational,extracted
8127,抚州职业技术学院,001,,315,,ocr_extracted,,,136,ocr_2025_vocational,extracted
8128,赣南卫生健康职业学院,001,,399,,ocr_extracted,,,282,ocr_2025_vocational,extracted
8129,甘肃建筑职业技术学院,001,,397,,ocr_extracted,,,273,ocr_2025_vocational,extracted
8129,甘肃建筑职业技术学院,002,,375,,ocr_extracted,,,214,ocr_2025_vocational,extracted
8129,甘肃建筑职业技术学院,004,,394,,ocr_extracted,,,259,ocr_2025_vocational,extracted
8129,甘肃建筑职业技术学院,005,,394,,ocr_extracted,,,259,ocr_2025_vocational,extracted
8129,甘肃建筑职业技术学院,006,,380,,ocr_extracted,,,253,ocr_2025_vocational,extracted
8130,赣西科技职业学院,001,,422,,ocr_extracted,,,272,ocr_2025_vocational,extracted
8133,广东工贸职业技术学院,001,,415,,ocr_extracted,,,279,ocr_2025_vocational,extracted
8133,广东工贸职业技术学院,003,,356,,ocr_extracted,,,215,ocr_2025_vocational,extracted
8134,广东机电职业技术学院,001,,427,,ocr_extracted,,,260,ocr_2025_vocational,extracted
8134,广东机电职业技术学院,002,,424,,ocr_extracted,,,310,ocr_2025_vocational,extracted
8134,广东机电职业技术学院,004,,405,,ocr_extracted,,,239,ocr_2025_vocational,extracted
8134,广东机电职业技术学院,005,,426,,ocr_extracted,,,273,ocr_2025_vocational,extracted
8135,广东岭南职业技术学院,001,,307,,ocr_extracted,,,125,ocr_2025_vocational,extracted
8135,广东岭南职业技术学院,002,,299,,ocr_extracted,,,88,ocr_2025_vocational,extracted
8135,广东岭南职业技术学院,003,,317,,ocr_extracted,,,134,ocr_2025_vocational,extracted
8135,广东岭南职业技术学院,004,,301,,ocr_extracted,,,95,ocr_2025_vocational,extracted
8137,广东岭南职业技术学院,001,,383,,ocr_extracted,,,255,ocr_2025_vocational,extracted
8137,广东岭南职业技术学院,002,,359,,ocr_extracted,,,213,ocr_2025_vocational,extracted
8137,广东岭南职业技术学院,004,,354,,ocr_extracted,,,222,ocr_2025_vocational,extracted
8137,广东岭南职业技术学院,008,,368,,ocr_extracted,,,226,ocr_2025_vocational,extracted
8138,广东岭南职业技术学院,002,,390,,ocr_extracted,,,243,ocr_2025_vocational,extracted
8138,广东岭南职业技术学院,003,,394,,ocr_extracted,,,259,ocr_2025_vocational,extracted
8138,广东岭南职业技术学院,004,,418,,ocr_extracted,,,239,ocr_2025_vocational,extracted
8139,广东生态工程职业学院,001,,409,,ocr_extracted,,,261,ocr_2025_vocational,extracted
8142,广西工业职业技术学院,001,,360,,ocr_extracted,,,216,ocr_2025_vocational,extracted
8142,广西工业职业技术学院,002,,388,,ocr_extracted,,,264,ocr_2025_vocational,extracted
8144,广西建设职业技术学院,001,,371,,ocr_extracted,,,240,ocr_2025_vocational,extracted
8145,广西工业职业技术学院,001,,341,,ocr_extracted,,,162,ocr_2025_vocational,extracted
8145,广西工业职业技术学院,004,,360,,ocr_extracted,,,216,ocr_2025_vocational,extracted
8145,广西工业职业技术学院,005,,409,,ocr_extracted,,,261,ocr_2025_vocational,extracted
8145,广西工业职业技术学院,006,,361,,ocr_extracted,,,221,ocr_2025_vocational,extracted
8147,广西国际商务职业技术学院,001,,349,,ocr_extracted,,,191,ocr_2025_vocational,extracted
8147,广西国际商务职业技术学院,002,,345,,ocr_extracted,,,193,ocr_2025_vocational,extracted
8147,广西国际商务职业技术学院,003,,345,,ocr_extracted,,,193,ocr_2025_vocational,extracted
8149,广西国际商务职业技术学院,001,,358,,ocr_extracted,,,219,ocr_2025_vocational,extracted
8151,广西国际商务职业技术学院,001,,414,,ocr_extracted,,,273,ocr_2025_vocational,extracted
8151,广西国际商务职业技术学院,002,,326,,ocr_extracted,,,163,ocr_2025_vocational,extracted
8152,广西物流职业技术学院,001,,428,,ocr_extracted,,,286,ocr_2025_vocational,extracted
8152,广西物流职业技术学院,004,,440,,ocr_extracted,,,283,ocr_2025_vocational,extracted
8152,广西物流职业技术学院,005,,424,,ocr_extracted,,,310,ocr_2025_vocational,extracted
8153,广州华立科技职业学院,001,,369,,ocr_extracted,,,237,ocr_2025_vocational,extracted
8153,广州华立科技职业学院,002,,353,,ocr_extracted,,,211,ocr_2025_vocational,extracted
8153,广州华立科技职业学院,005,,365,,ocr_extracted,,,235,ocr_2025_vocational,extracted
8153,广州华立科技职业学院,006,,290,,ocr_extracted,,,81,ocr_2025_vocational,extracted
8153,广州华立科技职业学院,007,,334,,ocr_extracted,,,162,ocr_2025_vocational,extracted
8154,广西物流职业技术学院,003,,310,,ocr_extracted,,,109,ocr_2025_vocational,extracted
8155,广西物流职业技术学院,001,,354,,ocr_extracted,,,222,ocr_2025_vocational,extracted
8155,广西物流职业技术学院,002,,343,,ocr_extracted,,,172,ocr_2025_vocational,extracted
8155,广西物流职业技术学院,003,,369,,ocr_extracted,,,237,ocr_2025_vocational,extracted
8156,广西物流职业技术学院,002,,396,,ocr_extracted,,,254,ocr_2025_vocational,extracted
8157,广西物流职业技术学院,001,,457,,ocr_extracted,,,261,ocr_2025_vocational,extracted
8157,广西物流职业技术学院,003,,440,,ocr_extracted,,,283,ocr_2025_vocational,extracted
8157,广西物流职业技术学院,007,,427,,ocr_extracted,,,260,ocr_2025_vocational,extracted
8159,广西物流职业技术学院,001,,459,,ocr_extracted,,,288,ocr_2025_vocational,extracted
8159,广西物流职业技术学院,002,,431,,ocr_extracted,,,249,ocr_2025_vocational,extracted
8168,贵阳幼儿师范高等专建科学校,001,,403,,ocr_extracted,,,267,ocr_2025_vocational,extracted
8168,贵阳幼儿师范高等专建科学校,002,,419,,ocr_extracted,,,286,ocr_2025_vocational,extracted
8168,贵阳幼儿师范高等专建科学校,003,,393,,ocr_extracted,,,240,ocr_2025_vocational,extracted
8170,贵州电子商务职业技术学院,001,,313,,ocr_extracted,,,120,ocr_2025_vocational,extracted
8173,贵州应用技术职业学院,001,,315,,ocr_extracted,,,136,ocr_2025_vocational,extracted
8173,贵州应用技术职业学院,004,,312,,ocr_extracted,,,134,ocr_2025_vocational,extracted
8175,贵州航天职业技术学院,001,,400,,ocr_extracted,,,238,ocr_2025_vocational,extracted
8179,贵州民用航空职业学院,003,,366,,ocr_extracted,,,186,ocr_2025_vocational,extracted
8182,贵州铜仁数据职业学院,003,,436,,ocr_extracted,,,268,ocr_2025_vocational,extracted
8186,河北交通职业技术学院,002,,346,,ocr_extracted,,,204,ocr_2025_vocational,extracted
8190,海南工商职业学院,001,,370,,ocr_extracted,,,216,ocr_2025_vocational,extracted
8191,海南软件职业技术学院,001,,363,,ocr_extracted,,,221,ocr_2025_vocational,extracted
8191,海南软件职业技术学院,003,,355,,ocr_extracted,,,197,ocr_2025_vocational,extracted
8198,黑龙江交通职业技术学院,003,,399,,ocr_extracted,,,282,ocr_2025_vocational,extracted
8202,河北能源职业技术学院,001,,291,,ocr_extracted,,,71,ocr_2025_vocational,extracted
8204,湖北城市建设职业技术,003,,368,,ocr_extracted,,,226,ocr_2025_vocational,extracted
8205,河南测绘职业学院,001,,401,,ocr_extracted,,,242,ocr_2025_vocational,extracted
8205,河南测绘职业学院,002,,387,,ocr_extracted,,,236,ocr_2025_vocational,extracted
8206,河南地矿职业学院,001,,406,,ocr_extracted,,,266,ocr_2025_vocational,extracted
8207,湖北科技职业学院,001,,377,,ocr_extracted,,,230,ocr_2025_vocational,extracted
8208,湖北轻工职业技术学院,001,,380,,ocr_extracted,,,253,ocr_2025_vocational,extracted
8209,河南地矿职业学院,001,,348,,ocr_extracted,,,196,ocr_2025_vocational,extracted
8210,河南地矿职业学院,001,,351,,ocr_extracted,,,180,ocr_2025_vocational,extracted
8211,和田职业技术学院,001,,347,,ocr_extracted,,,203,ocr_2025_vocational,extracted
8211,和田职业技术学院,002,,379,,ocr_extracted,,,250,ocr_2025_vocational,extracted
8213,黑龙江交通职业技术学院,001,,400,,ocr_extracted,,,238,ocr_2025_vocational,extracted
8213,黑龙江交通职业技术学院,002,,405,,ocr_extracted,,,239,ocr_2025_vocational,extracted
8213,黑龙江交通职业技术学院,003,,428,,ocr_extracted,,,286,ocr_2025_vocational,extracted
8213,黑龙江交通职业技术学院,004,,414,,ocr_extracted,,,273,ocr_2025_vocational,extracted
8216,黑龙江农垦职业学院,001,,427,,ocr_extracted,,,260,ocr_2025_vocational,extracted
8216,黑龙江农垦职业学院,002,,452,,ocr_extracted,,,266,ocr_2025_vocational,extracted
8216,黑龙江农垦职业学院,004,,396,,ocr_extracted,,,254,ocr_2025_vocational,extracted
8216,黑龙江农垦职业学院,005,,392,,ocr_extracted,,,259,ocr_2025_vocational,extracted
8216,黑龙江农垦职业学院,006,,412,,ocr_extracted,,,249,ocr_2025_vocational,extracted
8216,黑龙江农垦职业学院,007,,387,,ocr_extracted,,,236,ocr_2025_vocational,extracted
8217,黑龙江农业职业技术建学院,004,,448,,ocr_extracted,,,262,ocr_2025_vocational,extracted
8217,黑龙江农业职业技术建学院,005,,427,,ocr_extracted,,,260,ocr_2025_vocational,extracted
8218,湖南安全技术职业学院,001,,375,,ocr_extracted,,,214,ocr_2025_vocational,extracted
8218,湖南安全技术职业学院,002,,404,,ocr_extracted,,,274,ocr_2025_vocational,extracted
8220,黑龙江职业学院,001,,372,,ocr_extracted,,,227,ocr_2025_vocational,extracted
8223,湖北财税职业学院,001,,306,,ocr_extracted,,,108,ocr_2025_vocational,extracted
8224,湖北国土资源职业学院,001,,300,,ocr_extracted,,,84,ocr_2025_vocational,extracted
8225,湖北交通职业技术学院,004,,432,,ocr_extracted,,,321,ocr_2025_vocational,extracted
8225,湖北交通职业技术学院,005,,399,,ocr_extracted,,,282,ocr_2025_vocational,extracted
8225,湖北交通职业技术学院,016,,429,,ocr_extracted,,,267,ocr_2025_vocational,extracted
8225,湖北交通职业技术学院,019,,438,,ocr_extracted,,,274,ocr_2025_vocational,extracted
8226,湖南工程职业技术学院,001,,386,,ocr_extracted,,,201,ocr_2025_vocational,extracted
8226,湖南工程职业技术学院,002,,377,,ocr_extracted,,,230,ocr_2025_vocational,extracted
8226,湖南工程职业技术学院,003,,358,,ocr_extracted,,,219,ocr_2025_vocational,extracted
8226,湖南工程职业技术学院,004,,414,,ocr_extracted,,,273,ocr_2025_vocational,extracted
8226,湖南工程职业技术学院,005,,374,,ocr_extracted,,,220,ocr_2025_vocational,extracted
8226,湖南工程职业技术学院,006,,384,,ocr_extracted,,,249,ocr_2025_vocational,extracted
8226,湖南工程职业技术学院,007,,375,,ocr_extracted,,,214,ocr_2025_vocational,extracted
8226,湖南工程职业技术学院,008,,403,,ocr_extracted,,,267,ocr_2025_vocational,extracted
8226,湖南工程职业技术学院,009,,396,,ocr_extracted,,,254,ocr_2025_vocational,extracted
8226,湖南工程职业技术学院,010,,380,,ocr_extracted,,,253,ocr_2025_vocational,extracted
8230,湖北生物科技职业学院,001,,385,,ocr_extracted,,,276,ocr_2025_vocational,extracted
8232,湖北铁道运输职业学院,001,,353,,ocr_extracted,,,211,ocr_2025_vocational,extracted
8233,湖南交通职业技术学院,001,,386,,ocr_extracted,,,201,ocr_2025_vocational,extracted
8233,湖南交通职业技术学院,002,,397,,ocr_extracted,,,273,ocr_2025_vocational,extracted
8234,湖北铁道运输职业学院,001,,367,,ocr_extracted,,,219,ocr_2025_vocational,extracted
8236,湖北职业技术学院,003,,428,,ocr_extracted,,,286,ocr_2025_vocational,extracted
8236,湖北职业技术学院,004,,403,,ocr_extracted,,,267,ocr_2025_vocational,extracted
8237,湖南司法警官职业学院,001,,410,,ocr_extracted,,,241,ocr_2025_vocational,extracted
8237,湖南司法警官职业学院,002,,398,,ocr_extracted,,,272,ocr_2025_vocational,extracted
8237,湖南司法警官职业学院,003,,406,,ocr_extracted,,,266,ocr_2025_vocational,extracted
8237,湖南司法警官职业学院,004,,382,,ocr_extracted,,,225,ocr_2025_vocational,extracted
8238,湖北职业技术学院,001,,363,,ocr_extracted,,,221,ocr_2025_vocational,extracted
8238,湖北职业技术学院,006,,435,,ocr_extracted,,,286,ocr_2025_vocational,extracted
8239,湖北职业技术学院,008,,482,,ocr_extracted,,,251,ocr_2025_vocational,extracted
8239,湖北职业技术学院,009,,435,,ocr_extracted,,,286,ocr_2025_vocational,extracted
8239,湖北职业技术学院,010,,440,,ocr_extracted,,,283,ocr_2025_vocational,extracted
8239,湖北职业技术学院,011,,446,,ocr_extracted,,,283,ocr_2025_vocational,extracted
8239,湖北职业技术学院,014,,438,,ocr_extracted,,,274,ocr_2025_vocational,extracted
8240,湖北职业技术学院,001,,352,,ocr_extracted,,,200,ocr_2025_vocational,extracted
8241,湖南信息职业技术学院,001,,393,,ocr_extracted,,,240,ocr_2025_vocational,extracted
8241,湖南信息职业技术学院,002,,370,,ocr_extracted,,,216,ocr_2025_vocational,extracted
8246,湖南工业职业技术学院,001,,361,,ocr_extracted,,,221,ocr_2025_vocational,extracted
8246,湖南工业职业技术学院,002,,395,,ocr_extracted,,,281,ocr_2025_vocational,extracted
8246,湖南工业职业技术学院,004,,373,,ocr_extracted,,,234,ocr_2025_vocational,extracted
8250,湖南环境生物职业技术学院,001,,292,,ocr_extracted,,,100,ocr_2025_vocational,extracted
8252,湖南交通职业技术学院,004,,428,,ocr_extracted,,,286,ocr_2025_vocational,extracted
8252,湖南交通职业技术学院,005,,374,,ocr_extracted,,,220,ocr_2025_vocational,extracted
8253,湖南科技职业学院,001,,397,,ocr_extracted,,,273,ocr_2025_vocational,extracted
8254,湖南商务职业技术学院,001,,467,,ocr_extracted,,,286,ocr_2025_vocational,extracted
8255,湖南商务职业技术学院,001,,429,,ocr_extracted,,,267,ocr_2025_vocational,extracted
8255,湖南商务职业技术学院,003,,443,,ocr_extracted,,,284,ocr_2025_vocational,extracted
8255,湖南商务职业技术学院,004,,412,,ocr_extracted,,,249,ocr_2025_vocational,extracted
8256,湖南商务职业技术学院,001,,398,,ocr_extracted,,,272,ocr_2025_vocational,extracted
8256,湖南商务职业技术学院,003,,384,,ocr_extracted,,,249,ocr_2025_vocational,extracted
8256,湖南商务职业技术学院,004,,413,,ocr_extracted,,,275,ocr_2025_vocational,extracted
8257,滨州职业技术大学,001,,398,,ocr_extracted,,,272,ocr_2025_vocational,extracted
8257,滨州职业技术大学,002,,461,,ocr_extracted,,,273,ocr_2025_vocational,extracted
8257,滨州职业技术大学,003,,409,,ocr_extracted,,,261,ocr_2025_vocational,extracted
8258,湖南铁道职业技术学院,001,,448,,ocr_extracted,,,262,ocr_2025_vocational,extracted
8258,湖南铁道职业技术学院,002,,394,,ocr_extracted,,,259,ocr_2025_vocational,extracted
8258,湖南铁道职业技术学院,004,,407,,ocr_extracted,,,260,ocr_2025_vocational,extracted
8262,江西财经职业学院,004,,392,,ocr_extracted,,,259,ocr_2025_vocational,extracted
8263,江西传媒职业,002,,368,,ocr_extracted,,,226,ocr_2025_vocational,extracted
8263,江西传媒职业,003,,374,,ocr_extracted,,,220,ocr_2025_vocational,extracted
8266,吉安职业技术学院,001,,353,,ocr_extracted,,,211,ocr_2025_vocational,extracted
8266,吉安职业技术学院,002,,336,,ocr_extracted,,,175,ocr_2025_vocational,extracted
8266,吉安职业技术学院,004,,283,,ocr_extracted,,,69,ocr_2025_vocational,extracted
8266,吉安职业技术学院,005,,330,,ocr_extracted,,,160,ocr_2025_vocational,extracted
8266,吉安职业技术学院,006,,305,,ocr_extracted,,,114,ocr_2025_vocational,extracted
8268,吉林司法警官职业学院,002,,398,,ocr_extracted,,,272,ocr_2025_vocational,extracted
8268,吉林司法警官职业学院,005,,382,,ocr_extracted,,,225,ocr_2025_vocational,extracted
8269,江西工业职业技术学院,002,,353,,ocr_extracted,,,211,ocr_2025_vocational,extracted
8270,建东职业技术学院,001,,354,,ocr_extracted,,,222,ocr_2025_vocational,extracted
8270,建东职业技术学院,003,,358,,ocr_extracted,,,219,ocr_2025_vocational,extracted
8270,建东职业技术学院,006,,355,,ocr_extracted,,,197,ocr_2025_vocational,extracted
8270,建东职业技术学院,007,,350,,ocr_extracted,,,190,ocr_2025_vocational,extracted
8270,建东职业技术学院,008,,339,,ocr_extracted,,,184,ocr_2025_vocational,extracted
8270,建东职业技术学院,009,,316,,ocr_extracted,,,124,ocr_2025_vocational,extracted
8271,江海职业技术学院,001,,364,,ocr_extracted,,,238,ocr_2025_vocational,extracted
8271,江海职业技术学院,004,,358,,ocr_extracted,,,219,ocr_2025_vocational,extracted
8272,江西环境工程职业学院,001,,374,,ocr_extracted,,,220,ocr_2025_vocational,extracted
8272,江西环境工程职业学院,002,,360,,ocr_extracted,,,216,ocr_2025_vocational,extracted
8272,江西环境工程职业学院,003,,347,,ocr_extracted,,,203,ocr_2025_vocational,extracted
8273,江门职业技术学院,002,,384,,ocr_extracted,,,249,ocr_2025_vocational,extracted
8273,江门职业技术学院,003,,384,,ocr_extracted,,,249,ocr_2025_vocational,extracted
8273,江门职业技术学院,004,,399,,ocr_extracted,,,282,ocr_2025_vocational,extracted
8274,江门职业技术学院,003,,365,,ocr_extracted,,,235,ocr_2025_vocational,extracted
8274,江门职业技术学院,005,,393,,ocr_extracted,,,240,ocr_2025_vocational,extracted
8274,江门职业技术学院,006,,583,,ocr_extracted,,,106,ocr_2025_vocational,extracted
8276,江门职业技术学院,001,,354,,ocr_extracted,,,222,ocr_2025_vocational,extracted
8276,江门职业技术学院,002,,346,,ocr_extracted,,,204,ocr_2025_vocational,extracted
8276,江门职业技术学院,003,,345,,ocr_extracted,,,193,ocr_2025_vocational,extracted
8276,江门职业技术学院,004,,348,,ocr_extracted,,,196,ocr_2025_vocational,extracted
8277,江苏海事职业技术学院,001,,371,,ocr_extracted,,,240,ocr_2025_vocational,extracted
8277,江苏海事职业技术学院,003,,364,,ocr_extracted,,,238,ocr_2025_vocational,extracted
8277,江苏海事职业技术学院,004,,359,,ocr_extracted,,,213,ocr_2025_vocational,extracted
8277,江苏海事职业技术学院,005,,379,,ocr_extracted,,,250,ocr_2025_vocational,extracted
8278,江门职业技术学院,002,,407,,ocr_extracted,,,260,ocr_2025_vocational,extracted
8278,江门职业技术学院,003,,397,,ocr_extracted,,,273,ocr_2025_vocational,extracted
8278,江门职业技术学院,004,,369,,ocr_extracted,,,237,ocr_2025_vocational,extracted
8279,江门职业技术学院,002,,396,,ocr_extracted,,,254,ocr_2025_vocational,extracted
8280,江苏农牧科技职业学院,001,,429,,ocr_extracted,,,267,ocr_2025_vocational,extracted
8280,江苏农牧科技职业学院,004,,381,,ocr_extracted,,,249,ocr_2025_vocational,extracted
8280,江苏农牧科技职业学院,005,,392,,ocr_extracted,,,259,ocr_2025_vocational,extracted
8282,江西司法警官职业,002,,390,,ocr_extracted,,,243,ocr_2025_vocational,extracted
8282,江西司法警官职业,004,,402,,ocr_extracted,,,241,ocr_2025_vocational,extracted
8282,江西司法警官职业,005,,409,,ocr_extracted,,,261,ocr_2025_vocational,extracted
8282,江西司法警官职业,006,,425,,ocr_extracted,,,286,ocr_2025_vocational,extracted
8282,江西司法警官职业,008,,403,,ocr_extracted,,,267,ocr_2025_vocational,extracted
8285,江苏食品药品职业技术学院,001,,370,,ocr_extracted,,,216,ocr_2025_vocational,extracted
8285,江苏食品药品职业技术学院,002,,380,,ocr_extracted,,,253,ocr_2025_vocational,extracted
8285,江苏食品药品职业技术学院,003,,384,,ocr_extracted,,,249,ocr_2025_vocational,extracted
8285,江苏食品药品职业技术学院,004,,386,,ocr_extracted,,,201,ocr_2025_vocational,extracted
8285,江苏食品药品职业技术学院,006,,400,,ocr_extracted,,,238,ocr_2025_vocational,extracted
8285,江苏食品药品职业技术学院,007,,347,,ocr_extracted,,,203,ocr_2025_vocational,extracted
8285,江苏食品药品职业技术学院,008,,379,,ocr_extracted,,,250,ocr_2025_vocational,extracted
8285,江苏食品药品职业技术学院,010,,372,,ocr_extracted,,,227,ocr_2025_vocational,extracted
8285,江苏食品药品职业技术学院,011,,351,,ocr_extracted,,,180,ocr_2025_vocational,extracted
8286,江苏食品药品职业技术学院,001,,348,,ocr_extracted,,,196,ocr_2025_vocational,extracted
8286,江苏食品药品职业技术学院,002,,365,,ocr_extracted,,,235,ocr_2025_vocational,extracted
8286,江苏食品药品职业技术学院,004,,362,,ocr_extracted,,,206,ocr_2025_vocational,extracted
8287,江西电力职业技术学院,001,,387,,ocr_extracted,,,236,ocr_2025_vocational,extracted
8287,江西电力职业技术学院,003,,373,,ocr_extracted,,,234,ocr_2025_vocational,extracted
8290,江西工商职业技术学院,001,,407,,ocr_extracted,,,260,ocr_2025_vocational,extracted
8290,江西工商职业技术学院,002,,388,,ocr_extracted,,,264,ocr_2025_vocational,extracted
8290,江西工商职业技术学院,003,,387,,ocr_extracted,,,236,ocr_2025_vocational,extracted
8291,江西工商职业技术学院,001,,402,,ocr_extracted,,,241,ocr_2025_vocational,extracted
8291,江西工商职业技术学院,002,,437,,ocr_extracted,,,281,ocr_2025_vocational,extracted
8291,江西工商职业技术学院,004,,412,,ocr_extracted,,,249,ocr_2025_vocational,extracted
8291,江西工商职业技术学院,005,,431,,ocr_extracted,,,249,ocr_2025_vocational,extracted
8291,江西工商职业技术学院,006,,408,,ocr_extracted,,,268,ocr_2025_vocational,extracted
8292,江西工商职业技术学院,002,,384,,ocr_extracted,,,249,ocr_2025_vocational,extracted
8295,江西洪州职业学院,001,,474,,ocr_extracted,,,292,ocr_2025_vocational,extracted
8295,江西洪州职业学院,002,,470,,ocr_extracted,,,295,ocr_2025_vocational,extracted
8295,江西洪州职业学院,003,,447,,ocr_extracted,,,280,ocr_2025_vocational,extracted
8296,江西环境工程职业学院,001,,347,,ocr_extracted,,,203,ocr_2025_vocational,extracted
8297,江西机电职业技术学院,001,,394,,ocr_extracted,,,259,ocr_2025_vocational,extracted
8297,江西机电职业技术学院,002,,353,,ocr_extracted,,,211,ocr_2025_vocational,extracted
8298,江西建设职福业技术学院,001,,363,,ocr_extracted,,,221,ocr_2025_vocational,extracted
8298,江西建设职福业技术学院,002,,324,,ocr_extracted,,,141,ocr_2025_vocational,extracted
8300,江西科技职业学院,001,,381,,ocr_extracted,,,249,ocr_2025_vocational,extracted
8300,江西科技职业学院,002,,361,,ocr_extracted,,,221,ocr_2025_vocational,extracted
8300,江西科技职业学院,003,,403,,ocr_extracted,,,267,ocr_2025_vocational,extracted
8300,江西科技职业学院,004,,418,,ocr_extracted,,,239,ocr_2025_vocational,extracted
8300,江西科技职业学院,005,,396,,ocr_extracted,,,254,ocr_2025_vocational,extracted
8302,江西农业工程职业学院,001,,326,,ocr_extracted,,,163,ocr_2025_vocational,extracted
8302,江西农业工程职业学院,003,,352,,ocr_extracted,,,200,ocr_2025_vocational,extracted
8302,江西农业工程职业学院,004,,326,,ocr_extracted,,,163,ocr_2025_vocational,extracted
8302,江西农业工程职业学院,005,,321,,ocr_extracted,,,142,ocr_2025_vocational,extracted
8302,江西农业工程职业学院,006,,357,,ocr_extracted,,,178,ocr_2025_vocational,extracted
8302,江西农业工程职业学院,007,,270,,ocr_extracted,,,56,ocr_2025_vocational,extracted
8302,江西农业工程职业学院,008,,325,,ocr_extracted,,,152,ocr_2025_vocational,extracted
8302,江西农业工程职业学院,009,,310,,ocr_extracted,,,109,ocr_2025_vocational,extracted
8302,江西农业工程职业学院,010,,350,,ocr_extracted,,,190,ocr_2025_vocational,extracted
8303,江西农业工程职业学院,001,,414,,ocr_extracted,,,273,ocr_2025_vocational,extracted
8304,江西农业工程职业学院,002,,400,,ocr_extracted,,,238,ocr_2025_vocational,extracted
8304,江西农业工程职业学院,003,,402,,ocr_extracted,,,241,ocr_2025_vocational,extracted
8307,廊坊卫生职业学院,001,,412,,ocr_extracted,,,249,ocr_2025_vocational,extracted
8309,江西婺源茶业职业学院,001,,382,,ocr_extracted,,,225,ocr_2025_vocational,extracted
8309,江西婺源茶业职业学院,002,,408,,ocr_extracted,,,268,ocr_2025_vocational,extracted
8309,江西婺源茶业职业学院,003,,399,,ocr_extracted,,,282,ocr_2025_vocational,extracted
8310,连云港职业技术学院,001,,400,,ocr_extracted,,,238,ocr_2025_vocational,extracted
8311,江西信息应用职业技术学院,001,,356,,ocr_extracted,,,215,ocr_2025_vocational,extracted
8314,江西应用技术职业学院,001,,375,,ocr_extracted,,,214,ocr_2025_vocational,extracted
8314,江西应用技术职业学院,002,,376,,ocr_extracted,,,262,ocr_2025_vocational,extracted
8314,江西应用技术职业学院,003,,376,,ocr_extracted,,,262,ocr_2025_vocational,extracted
8316,柳州铁道职业技术学院,001,,414,,ocr_extracted,,,273,ocr_2025_vocational,extracted
8317,焦作大学,002,,331,,ocr_extracted,,,152,ocr_2025_vocational,extracted
8320,金华职业技术大学,001,,341,,ocr_extracted,,,162,ocr_2025_vocational,extracted
8320,金华职业技术大学,002,,289,,ocr_extracted,,,83,ocr_2025_vocational,extracted
8320,金华职业技术大学,003,,349,,ocr_extracted,,,191,ocr_2025_vocational,extracted
8320,金华职业技术大学,004,,347,,ocr_extracted,,,203,ocr_2025_vocational,extracted
8320,金华职业技术大学,005,,333,,ocr_extracted,,,153,ocr_2025_vocational,extracted
8320,金华职业技术大学,006,,333,,ocr_extracted,,,153,ocr_2025_vocational,extracted
8321,金华职业技术大学,001,,418,,ocr_extracted,,,239,ocr_2025_vocational,extracted
8321,金华职业技术大学,002,,384,,ocr_extracted,,,249,ocr_2025_vocational,extracted
8321,金华职业技术大学,003,,382,,ocr_extracted,,,225,ocr_2025_vocational,extracted
8321,金华职业技术大学,004,,375,,ocr_extracted,,,214,ocr_2025_vocational,extracted
8324,九江职业大学,001,,311,,ocr_extracted,,,126,ocr_2025_vocational,extracted
8324,九江职业大学,002,,241,,ocr_extracted,,,36,ocr_2025_vocational,extracted
8325,酒泉职业技术大学,001,,394,,ocr_extracted,,,259,ocr_2025_vocational,extracted
8325,酒泉职业技术大学,002,,394,,ocr_extracted,,,259,ocr_2025_vocational,extracted
8327,喀什职业技术学院,003,,403,,ocr_extracted,,,267,ocr_2025_vocational,extracted
8328,喀什职业技术学院,001,,418,,ocr_extracted,,,239,ocr_2025_vocational,extracted
8328,喀什职业技术学院,002,,405,,ocr_extracted,,,239,ocr_2025_vocational,extracted
8328,喀什职业技术学院,003,,388,,ocr_extracted,,,264,ocr_2025_vocational,extracted
8328,喀什职业技术学院,004,,380,,ocr_extracted,,,253,ocr_2025_vocational,extracted
8330,喀什职业技术学院,002,,453,,ocr_extracted,,,265,ocr_2025_vocational,extracted
8331,喀什职业技术学院,002,,397,,ocr_extracted,,,273,ocr_2025_vocational,extracted
8332,喀什职业技术学院,002,,429,,ocr_extracted,,,267,ocr_2025_vocational,extracted
8333,丽水职业技术学院,003,,399,,ocr_extracted,,,282,ocr_2025_vocational,extracted
8334,连云港职业技术学院,001,,344,,ocr_extracted,,,211,ocr_2025_vocational,extracted
8336,江西航空职业技术学院,001,,436,,ocr_extracted,,,268,ocr_2025_vocational,extracted
8342,柳州职业技术大学,001,,393,,ocr_extracted,,,240,ocr_2025_vocational,extracted
8342,柳州职业技术大学,002,,393,,ocr_extracted,,,240,ocr_2025_vocational,extracted
8342,柳州职业技术大学,003,,419,,ocr_extracted,,,286,ocr_2025_vocational,extracted
8342,柳州职业技术大学,004,,388,,ocr_extracted,,,264,ocr_2025_vocational,extracted
8344,青岛酒店管理职业技术学院,001,,345,,ocr_extracted,,,193,ocr_2025_vocational,extracted
8349,漯河职业技术学院,003,,315,,ocr_extracted,,,136,ocr_2025_vocational,extracted
8351,漯河职业技术学院,002,,337,,ocr_extracted,,,136,ocr_2025_vocational,extracted
8352,南昌健康职业技术学院,010,,366,,ocr_extracted,,,186,ocr_2025_vocational,extracted
8353,耳东传媒职业学院,001,,380,,ocr_extracted,,,253,ocr_2025_vocational,extracted
8353,耳东传媒职业学院,002,,391,,ocr_extracted,,,259,ocr_2025_vocational,extracted
8353,耳东传媒职业学院,004,,333,,ocr_extracted,,,153,ocr_2025_vocational,extracted
8354,山东工程职业技术大学,001,,274,,ocr_extracted,,,51,ocr_2025_vocational,extracted
8355,南昌健康职业技术学院,001,,386,,ocr_extracted,,,201,ocr_2025_vocational,extracted
8357,南昌健康职业技术学院,001,,342,,ocr_extracted,,,205,ocr_2025_vocational,extracted
8357,南昌健康职业技术学院,002,,389,,ocr_extracted,,,251,ocr_2025_vocational,extracted
8357,南昌健康职业技术学院,003,,278,,ocr_extracted,,,43,ocr_2025_vocational,extracted
8357,南昌健康职业技术学院,004,,365,,ocr_extracted,,,235,ocr_2025_vocational,extracted
8357,南昌健康职业技术学院,005,,350,,ocr_extracted,,,190,ocr_2025_vocational,extracted
8359,南昌健康职业技术学院,001,,373,,ocr_extracted,,,234,ocr_2025_vocational,extracted
8359,南昌健康职业技术学院,003,,371,,ocr_extracted,,,240,ocr_2025_vocational,extracted
8360,南昌健康职业技术学院,001,,400,,ocr_extracted,,,238,ocr_2025_vocational,extracted
8360,南昌健康职业技术学院,002,,396,,ocr_extracted,,,254,ocr_2025_vocational,extracted
8362,宁波城市职业技术学院,001,,390,,ocr_extracted,,,243,ocr_2025_vocational,extracted
8362,宁波城市职业技术学院,002,,371,,ocr_extracted,,,240,ocr_2025_vocational,extracted
8362,宁波城市职业技术学院,003,,392,,ocr_extracted,,,259,ocr_2025_vocational,extracted
8362,宁波城市职业技术学院,006,,373,,ocr_extracted,,,234,ocr_2025_vocational,extracted
8363,盘锦职业技术学院,001,,394,,ocr_extracted,,,259,ocr_2025_vocational,extracted
8364,萍乡卫生职业学院,001,,359,,ocr_extracted,,,213,ocr_2025_vocational,extracted
8364,萍乡卫生职业学院,002,,326,,ocr_extracted,,,163,ocr_2025_vocational,extracted
8364,萍乡卫生职业学院,003,,341,,ocr_extracted,,,162,ocr_2025_vocational,extracted
8364,萍乡卫生职业学院,004,,416,,ocr_extracted,,,262,ocr_2025_vocational,extracted
8364,萍乡卫生职业学院,005,,370,,ocr_extracted,,,216,ocr_2025_vocational,extracted
8364,萍乡卫生职业学院,006,,373,,ocr_extracted,,,234,ocr_2025_vocational,extracted
8365,山东职业学院,003,,430,,ocr_extracted,,,284,ocr_2025_vocational,extracted
8365,山东职业学院,004,,358,,ocr_extracted,,,219,ocr_2025_vocational,extracted
8365,山东职业学院,006,,376,,ocr_extracted,,,262,ocr_2025_vocational,extracted
8365,山东职业学院,011,,423,,ocr_extracted,,,294,ocr_2025_vocational,extracted
8365,山东职业学院,012,,396,,ocr_extracted,,,254,ocr_2025_vocational,extracted
8365,山东职业学院,013,,406,,ocr_extracted,,,266,ocr_2025_vocational,extracted
8365,山东职业学院,014,,370,,ocr_extracted,,,216,ocr_2025_vocational,extracted
8367,萍乡卫生职业学院,002,,389,,ocr_extracted,,,251,ocr_2025_vocational,extracted
8368,萍乡卫生职业学院,001,,400,,ocr_extracted,,,238,ocr_2025_vocational,extracted
8368,萍乡卫生职业学院,003,,384,,ocr_extracted,,,249,ocr_2025_vocational,extracted
8368,萍乡卫生职业学院,004,,388,,ocr_extracted,,,264,ocr_2025_vocational,extracted
8372,黔西南民族职业技术学院,001,,361,,ocr_extracted,,,221,ocr_2025_vocational,extracted
8373,黔西南民族职业技术学院,002,,291,,ocr_extracted,,,71,ocr_2025_vocational,extracted
8373,黔西南民族职业技术学院,003,,310,,ocr_extracted,,,109,ocr_2025_vocational,extracted
8373,黔西南民族职业技术学院,004,,329,,ocr_extracted,,,146,ocr_2025_vocational,extracted
8374,上海城建职业学院,001,,432,,ocr_extracted,,,321,ocr_2025_vocational,extracted
8374,上海城建职业学院,002,,440,,ocr_extracted,,,283,ocr_2025_vocational,extracted
8374,上海城建职业学院,003,,448,,ocr_extracted,,,262,ocr_2025_vocational,extracted
8374,上海城建职业学院,004,,430,,ocr_extracted,,,284,ocr_2025_vocational,extracted
8374,上海城建职业学院,005,,426,,ocr_extracted,,,273,ocr_2025_vocational,extracted
8378,黔西南民族职业技术学院,001,,307,,ocr_extracted,,,125,ocr_2025_vocational,extracted
8379,黔西南民族职业技术学院,001,,289,,ocr_extracted,,,83,ocr_2025_vocational,extracted
8381,三亚护理职业学院,001,,438,,ocr_extracted,,,274,ocr_2025_vocational,extracted
8381,三亚护理职业学院,002,,452,,ocr_extracted,,,266,ocr_2025_vocational,extracted
8381,三亚护理职业学院,003,,441,,ocr_extracted,,,277,ocr_2025_vocational,extracted
8381,三亚护理职业学院,004,,446,,ocr_extracted,,,283,ocr_2025_vocational,extracted
8382,三亚护理职业学院,001,,343,,ocr_extracted,,,172,ocr_2025_vocational,extracted
8382,三亚护理职业学院,002,,374,,ocr_extracted,,,220,ocr_2025_vocational,extracted
8385,上海科学技术职业,005,,421,,ocr_extracted,,,275,ocr_2025_vocational,extracted
8385,上海科学技术职业,006,,422,,ocr_extracted,,,272,ocr_2025_vocational,extracted
8385,上海科学技术职业,007,,408,,ocr_extracted,,,268,ocr_2025_vocational,extracted
8385,上海科学技术职业,009,,417,,ocr_extracted,,,235,ocr_2025_vocational,extracted
8387,上海民航职业技术学院,003,,429,,ocr_extracted,,,267,ocr_2025_vocational,extracted
8388,三亚护理职业学院,001,,370,,ocr_extracted,,,216,ocr_2025_vocational,extracted
8389,山东铝业职业学院,002,,400,,ocr_extracted,,,238,ocr_2025_vocational,extracted
8390,山东水利职业学院,002,,393,,ocr_extracted,,,240,ocr_2025_vocational,extracted
8392,山东文化产业职业学院,001,,365,,ocr_extracted,,,235,ocr_2025_vocational,extracted
8393,山东信息职业技术学院,001,,391,,ocr_extracted,,,259,ocr_2025_vocational,extracted
8394,上海震旦职业学院,001,,236,,ocr_extracted,,,18,ocr_2025_vocational,extracted
8395,山东药品食品职业学院,001,,396,,ocr_extracted,,,254,ocr_2025_vocational,extracted
8397,上人饶卫生健康职业学院,001,,398,,ocr_extracted,,,272,ocr_2025_vocational,extracted
8397,上人饶卫生健康职业学院,002,,396,,ocr_extracted,,,254,ocr_2025_vocational,extracted
8398,陕西机电职业技术学院,001,,400,,ocr_extracted,,,238,ocr_2025_vocational,extracted
8399,陕西交通职业技术学院,002,,334,,ocr_extracted,,,162,ocr_2025_vocational,extracted
8399,陕西交通职业技术学院,003,,306,,ocr_extracted,,,108,ocr_2025_vocational,extracted
8400,陕西旅游烹饪职业学院,001,,380,,ocr_extracted,,,253,ocr_2025_vocational,extracted
8403,陕西职业技术学院,002,,294,,ocr_extracted,,,84,ocr_2025_vocational,extracted
8406,上海出版印刷高等专建科学校,002,,402,,ocr_extracted,,,241,ocr_2025_vocational,extracted
8406,上海出版印刷高等专建科学校,005,,346,,ocr_extracted,,,204,ocr_2025_vocational,extracted
8406,上海出版印刷高等专建科学校,006,,389,,ocr_extracted,,,251,ocr_2025_vocational,extracted
8406,上海出版印刷高等专建科学校,007,,381,,ocr_extracted,,,249,ocr_2025_vocational,extracted
8406,上海出版印刷高等专建科学校,009,,300,,ocr_extracted,,,84,ocr_2025_vocational,extracted
8407,上海电影艺术职业学院,005,,488,,ocr_extracted,,,264,ocr_2025_vocational,extracted
8407,上海电影艺术职业学院,008,,455,,ocr_extracted,,,268,ocr_2025_vocational,extracted
8407,上海电影艺术职业学院,009,,459,,ocr_extracted,,,288,ocr_2025_vocational,extracted
8407,上海电影艺术职业学院,014,,468,,ocr_extracted,,,254,ocr_2025_vocational,extracted
8407,上海电影艺术职业学院,015,,463,,ocr_extracted,,,258,ocr_2025_vocational,extracted
8407,上海电影艺术职业学院,019,,477,,ocr_extracted,,,255,ocr_2025_vocational,extracted
8408,上海电子信息职业技术学院,002,,331,,ocr_extracted,,,152,ocr_2025_vocational,extracted
8408,上海电子信息职业技术学院,003,,267,,ocr_extracted,,,40,ocr_2025_vocational,extracted
8408,上海电子信息职业技术学院,005,,345,,ocr_extracted,,,193,ocr_2025_vocational,extracted
8409,上海东海职业技术学院,001,,255,,ocr_extracted,,,29,ocr_2025_vocational,extracted
8409,上海东海职业技术学院,002,,256,,ocr_extracted,,,25,ocr_2025_vocational,extracted
8409,上海东海职业技术学院,003,,294,,ocr_extracted,,,84,ocr_2025_vocational,extracted
8412,上海工艺美术职业学院,001,,427,,ocr_extracted,,,260,ocr_2025_vocational,extracted
8417,四川司法警官职业学院,001,,446,,ocr_extracted,,,283,ocr_2025_vocational,extracted
8422,上海南湖职业技术学院,001,,341,,ocr_extracted,,,162,ocr_2025_vocational,extracted
8422,上海南湖职业技术学院,002,,303,,ocr_extracted,,,108,ocr_2025_vocational,extracted
8423,上海南湖职业技术学院,002,,319,,ocr_extracted,,,127,ocr_2025_vocational,extracted
8423,上海南湖职业技术学院,003,,337,,ocr_extracted,,,136,ocr_2025_vocational,extracted
8423,上海南湖职业技术学院,006,,375,,ocr_extracted,,,214,ocr_2025_vocational,extracted
8424,上海南湖职业技术学院,003,,292,,ocr_extracted,,,100,ocr_2025_vocational,extracted
8424,上海南湖职业技术学院,004,,290,,ocr_extracted,,,81,ocr_2025_vocational,extracted
8424,上海南湖职业技术学院,005,,309,,ocr_extracted,,,106,ocr_2025_vocational,extracted
8424,上海南湖职业技术学院,006,,371,,ocr_extracted,,,240,ocr_2025_vocational,extracted
8424,上海南湖职业技术学院,007,,288,,ocr_extracted,,,72,ocr_2025_vocational,extracted
8426,上海中华职业技术学院,001,,304,,ocr_extracted,,,89,ocr_2025_vocational,extracted
8427,上海中华职业技术学院,001,,265,,ocr_extracted,,,44,ocr_2025_vocational,extracted
8429,上饶卫生健康职业学院,001,,357,,ocr_extracted,,,178,ocr_2025_vocational,extracted
8429,上饶卫生健康职业学院,002,,348,,ocr_extracted,,,196,ocr_2025_vocational,extracted
8429,上饶卫生健康职业学院,003,,392,,ocr_extracted,,,259,ocr_2025_vocational,extracted
8431,上饶职业技术学院,001,,318,,ocr_extracted,,,126,ocr_2025_vocational,extracted
8432,苏州百年职业学院,001,,283,,ocr_extracted,,,69,ocr_2025_vocational,extracted
8432,苏州百年职业学院,002,,241,,ocr_extracted,,,36,ocr_2025_vocational,extracted
8437,石家庄科技信息职业学院福,001,,438,,ocr_extracted,,,274,ocr_2025_vocational,extracted
8437,石家庄科技信息职业学院福,002,,441,,ocr_extracted,,,277,ocr_2025_vocational,extracted
8437,石家庄科技信息职业学院福,003,,447,,ocr_extracted,,,280,ocr_2025_vocational,extracted
8437,石家庄科技信息职业学院福,004,,441,,ocr_extracted,,,277,ocr_2025_vocational,extracted
8438,石家庄科技信息职业学院福,001,,277,,ocr_extracted,,,54,ocr_2025_vocational,extracted
8438,石家庄科技信息职业学院福,002,,431,,ocr_extracted,,,249,ocr_2025_vocational,extracted
8441,石家庄邮电职业技术学院,002,,304,,ocr_extracted,,,89,ocr_2025_vocational,extracted
8442,四川城市职业学院,002,,393,,ocr_extracted,,,240,ocr_2025_vocational,extracted
8445,四川航天职业技术学院,001,,316,,ocr_extracted,,,124,ocr_2025_vocational,extracted
8445,四川航天职业技术学院,002,,246,,ocr_extracted,,,26,ocr_2025_vocational,extracted
8446,四川建筑职业技术大学,002,,389,,ocr_extracted,,,251,ocr_2025_vocational,extracted
8447,四川交通职业技术大学,001,,374,,ocr_extracted,,,220,ocr_2025_vocational,extracted
8451,天津海运职业学院,001,,406,,ocr_extracted,,,266,ocr_2025_vocational,extracted
8452,四川司法警官职业学院,001,,391,,ocr_extracted,,,259,ocr_2025_vocational,extracted
8456,四川司法警官职业学院,001,,449,,ocr_extracted,,,294,ocr_2025_vocational,extracted
8459,四川现代职业学院,001,,398,,ocr_extracted,,,272,ocr_2025_vocational,extracted
8459,四川现代职业学院,002,,410,,ocr_extracted,,,241,ocr_2025_vocational,extracted
8459,四川现代职业学院,003,,378,,ocr_extracted,,,214,ocr_2025_vocational,extracted
8459,四川现代职业学院,004,,350,,ocr_extracted,,,190,ocr_2025_vocational,extracted
8459,四川现代职业学院,005,,418,,ocr_extracted,,,239,ocr_2025_vocational,extracted
8462,四川职业技术学院,001,,421,,ocr_extracted,,,275,ocr_2025_vocational,extracted
8462,四川职业技术学院,002,,385,,ocr_extracted,,,276,ocr_2025_vocational,extracted
8462,四川职业技术学院,003,,387,,ocr_extracted,,,236,ocr_2025_vocational,extracted
8462,四川职业技术学院,004,,465,,ocr_extracted,,,239,ocr_2025_vocational,extracted
8462,四川职业技术学院,005,,376,,ocr_extracted,,,262,ocr_2025_vocational,extracted
8463,吐鲁备职业技术学院,004,,298,,ocr_extracted,,,87,ocr_2025_vocational,extracted
8468,武昌职业学院,001,,532,,ocr_extracted,,,185,ocr_2025_vocational,extracted
8469,武汉城市职业学院,001,,436,,ocr_extracted,,,268,ocr_2025_vocational,extracted
8470,苏州旅游职业学院,001,,435,,ocr_extracted,,,286,ocr_2025_vocational,extracted
8471,共汉工程可业技术,003,,423,,ocr_extracted,,,294,ocr_2025_vocational,extracted
8471,共汉工程可业技术,004,,413,,ocr_extracted,,,275,ocr_2025_vocational,extracted
8471,共汉工程可业技术,006,,389,,ocr_extracted,,,251,ocr_2025_vocational,extracted
8472,苏州职业技术大学,001,,358,,ocr_extracted,,,219,ocr_2025_vocational,extracted
8472,苏州职业技术大学,002,,344,,ocr_extracted,,,211,ocr_2025_vocational,extracted
8472,苏州职业技术大学,003,,419,,ocr_extracted,,,286,ocr_2025_vocational,extracted
8472,苏州职业技术大学,004,,403,,ocr_extracted,,,267,ocr_2025_vocational,extracted
8472,苏州职业技术大学,005,,373,,ocr_extracted,,,234,ocr_2025_vocational,extracted
8472,苏州职业技术大学,006,,394,,ocr_extracted,,,259,ocr_2025_vocational,extracted
8472,苏州职业技术大学,007,,392,,ocr_extracted,,,259,ocr_2025_vocational,extracted
8473,遂宁职业学院,001,,386,,ocr_extracted,,,201,ocr_2025_vocational,extracted
8473,遂宁职业学院,002,,390,,ocr_extracted,,,243,ocr_2025_vocational,extracted
8473,遂宁职业学院,003,,404,,ocr_extracted,,,274,ocr_2025_vocational,extracted
8473,遂宁职业学院,004,,390,,ocr_extracted,,,243,ocr_2025_vocational,extracted
8473,遂宁职业学院,005,,428,,ocr_extracted,,,286,ocr_2025_vocational,extracted
8473,遂宁职业学院,006,,390,,ocr_extracted,,,243,ocr_2025_vocational,extracted
8473,遂宁职业学院,007,,423,,ocr_extracted,,,294,ocr_2025_vocational,extracted
8473,遂宁职业学院,009,,408,,ocr_extracted,,,268,ocr_2025_vocational,extracted
8473,遂宁职业学院,011,,426,,ocr_extracted,,,273,ocr_2025_vocational,extracted
8473,遂宁职业学院,012,,401,,ocr_extracted,,,242,ocr_2025_vocational,extracted
8473,遂宁职业学院,014,,409,,ocr_extracted,,,261,ocr_2025_vocational,extracted
8475,遂宁职业学院,001,,381,,ocr_extracted,,,249,ocr_2025_vocational,extracted
8475,遂宁职业学院,002,,395,,ocr_extracted,,,281,ocr_2025_vocational,extracted
8475,遂宁职业学院,003,,382,,ocr_extracted,,,225,ocr_2025_vocational,extracted
8475,遂宁职业学院,005,,400,,ocr_extracted,,,238,ocr_2025_vocational,extracted
8475,遂宁职业学院,006,,405,,ocr_extracted,,,239,ocr_2025_vocational,extracted
8475,遂宁职业学院,007,,387,,ocr_extracted,,,236,ocr_2025_vocational,extracted
8475,遂宁职业学院,008,,398,,ocr_extracted,,,272,ocr_2025_vocational,extracted
8475,遂宁职业学院,011,,368,,ocr_extracted,,,226,ocr_2025_vocational,extracted
8476,台州科技职业学院,001,,445,,ocr_extracted,,,315,ocr_2025_vocational,extracted
8476,台州科技职业学院,004,,447,,ocr_extracted,,,280,ocr_2025_vocational,extracted
8476,台州科技职业学院,005,,465,,ocr_extracted,,,239,ocr_2025_vocational,extracted
8476,台州科技职业学院,006,,440,,ocr_extracted,,,283,ocr_2025_vocational,extracted
8476,台州科技职业学院,007,,434,,ocr_extracted,,,290,ocr_2025_vocational,extracted
8476,台州科技职业学院,008,,446,,ocr_extracted,,,283,ocr_2025_vocational,extracted
8476,台州科技职业学院,009,,439,,ocr_extracted,,,268,ocr_2025_vocational,extracted
8476,台州科技职业学院,011,,448,,ocr_extracted,,,262,ocr_2025_vocational,extracted
8476,台州科技职业学院,012,,444,,ocr_extracted,,,278,ocr_2025_vocational,extracted
8476,台州科技职业学院,013,,442,,ocr_extracted,,,325,ocr_2025_vocational,extracted
8476,台州科技职业学院,018,,428,,ocr_extracted,,,286,ocr_2025_vocational,extracted
8476,台州科技职业学院,021,,458,,ocr_extracted,,,285,ocr_2025_vocational,extracted
8476,台州科技职业学院,023,,424,,ocr_extracted,,,310,ocr_2025_vocational,extracted
8476,台州科技职业学院,024,,445,,ocr_extracted,,,315,ocr_2025_vocational,extracted
8479,天府新区信息职业学院,001,,348,,ocr_extracted,,,196,ocr_2025_vocational,extracted
8479,天府新区信息职业学院,003,,359,,ocr_extracted,,,213,ocr_2025_vocational,extracted
8479,天府新区信息职业学院,004,,299,,ocr_extracted,,,88,ocr_2025_vocational,extracted
8479,天府新区信息职业学院,005,,334,,ocr_extracted,,,162,ocr_2025_vocational,extracted
8480,天府新区信息职业学院,001,,423,,ocr_extracted,,,294,ocr_2025_vocational,extracted
8481,天津城市职业学院,001,,284,,ocr_extracted,,,60,ocr_2025_vocational,extracted
8481,天津城市职业学院,002,,378,,ocr_extracted,,,214,ocr_2025_vocational,extracted
8482,西安铁路职业技术学院,001,,407,,ocr_extracted,,,260,ocr_2025_vocational,extracted
8482,西安铁路职业技术学院,002,,398,,ocr_extracted,,,272,ocr_2025_vocational,extracted
8482,西安铁路职业技术学院,003,,407,,ocr_extracted,,,260,ocr_2025_vocational,extracted
8482,西安铁路职业技术学院,004,,415,,ocr_extracted,,,279,ocr_2025_vocational,extracted
8484,天津国土资源和房屋职业学院,001,,367,,ocr_extracted,,,219,ocr_2025_vocational,extracted
8484,天津国土资源和房屋职业学院,002,,353,,ocr_extracted,,,211,ocr_2025_vocational,extracted
8484,天津国土资源和房屋职业学院,003,,379,,ocr_extracted,,,250,ocr_2025_vocational,extracted
8485,天津海运职业学院,001,,409,,ocr_extracted,,,261,ocr_2025_vocational,extracted
8485,天津海运职业学院,002,,375,,ocr_extracted,,,214,ocr_2025_vocational,extracted
8485,天津海运职业学院,003,,357,,ocr_extracted,,,178,ocr_2025_vocational,extracted
8486,天津交通职业学院,001,,445,,ocr_extracted,,,315,ocr_2025_vocational,extracted
8486,天津交通职业学院,002,,396,,ocr_extracted,,,254,ocr_2025_vocational,extracted
8486,天津交通职业学院,003,,396,,ocr_extracted,,,254,ocr_2025_vocational,extracted
8487,天津警察学院,001,,386,,ocr_extracted,,,201,ocr_2025_vocational,extracted
8487,天津警察学院,003,,394,,ocr_extracted,,,259,ocr_2025_vocational,extracted
8489,天津警察学院,001,,445,,ocr_extracted,,,315,ocr_2025_vocational,extracted
8489,天津警察学院,002,,315,,ocr_extracted,,,136,ocr_2025_vocational,extracted
8490,新疆司法区官职业学院,001,,436,,ocr_extracted,,,268,ocr_2025_vocational,extracted
8490,新疆司法区官职业学院,003,,435,,ocr_extracted,,,286,ocr_2025_vocational,extracted
8490,新疆司法区官职业学院,004,,375,,ocr_extracted,,,214,ocr_2025_vocational,extracted
8491,天津铁道职业技术学院,001,,400,,ocr_extracted,,,238,ocr_2025_vocational,extracted
8491,天津铁道职业技术学院,002,,379,,ocr_extracted,,,250,ocr_2025_vocational,extracted
8491,天津铁道职业技术学院,003,,362,,ocr_extracted,,,206,ocr_2025_vocational,extracted
8491,天津铁道职业技术学院,004,,412,,ocr_extracted,,,249,ocr_2025_vocational,extracted
8491,天津铁道职业技术学院,005,,338,,ocr_extracted,,,169,ocr_2025_vocational,extracted
8491,天津铁道职业技术学院,006,,246,,ocr_extracted,,,26,ocr_2025_vocational,extracted
8492,天津现代职业技术学院,001,,405,,ocr_extracted,,,239,ocr_2025_vocational,extracted
8494,盐城幼儿师范高等专科学校,003,,407,,ocr_extracted,,,260,ocr_2025_vocational,extracted
8494,盐城幼儿师范高等专科学校,004,,424,,ocr_extracted,,,310,ocr_2025_vocational,extracted
8494,盐城幼儿师范高等专科学校,005,,390,,ocr_extracted,,,243,ocr_2025_vocational,extracted
8496,天津职业大学,001,,330,,ocr_extracted,,,160,ocr_2025_vocational,extracted
8500,温州科技职业学院,001,,399,,ocr_extracted,,,282,ocr_2025_vocational,extracted
8500,温州科技职业学院,002,,346,,ocr_extracted,,,204,ocr_2025_vocational,extracted
8500,温州科技职业学院,006,,394,,ocr_extracted,,,259,ocr_2025_vocational,extracted
8501,文包工商到业技术学院,001,,409,,ocr_extracted,,,261,ocr_2025_vocational,extracted
8501,文包工商到业技术学院,002,,427,,ocr_extracted,,,260,ocr_2025_vocational,extracted
8502,威海职业学院,,,002,,462,,ocr_extracted,8,,,ocr_2025_vocational,extracted
8502,威海职业学院,,,003,,431,,ocr_extracted,8,,,ocr_2025_vocational,extracted
8503,武汉城市职业学院,001,,353,,ocr_extracted,,,211,ocr_2025_vocational,extracted
8503,武汉城市职业学院,002,,328,,ocr_extracted,,,130,ocr_2025_vocational,extracted
8505,武汉工程职业技术学院,001,,314,,ocr_extracted,,,118,ocr_2025_vocational,extracted
8505,武汉工程职业技术学院,003,,426,,ocr_extracted,,,273,ocr_2025_vocational,extracted
8506,武汉航海职业技术学院,001,,367,,ocr_extracted,,,219,ocr_2025_vocational,extracted
8506,武汉航海职业技术学院,002,,383,,ocr_extracted,,,255,ocr_2025_vocational,extracted
8507,武汉交通职业学院,001,,289,,ocr_extracted,,,83,ocr_2025_vocational,extracted
8508,武汉交通职业学院,001,,278,,ocr_extracted,,,43,ocr_2025_vocational,extracted
8508,武汉交通职业学院,002,,289,,ocr_extracted,,,83,ocr_2025_vocational,extracted
8508,武汉交通职业学院,003,,284,,ocr_extracted,,,60,ocr_2025_vocational,extracted
8509,武汉软件工程职业学院,001,,363,,ocr_extracted,,,221,ocr_2025_vocational,extracted
8509,武汉软件工程职业学院,003,,379,,ocr_extracted,,,250,ocr_2025_vocational,extracted
8510,武汉铁路桥梁职业学院,001,,322,,ocr_extracted,,,154,ocr_2025_vocational,extracted
8512,武汉信息传播职业技术学院,001,,360,,ocr_extracted,,,216,ocr_2025_vocational,extracted
8512,武汉信息传播职业技术学院,002,,380,,ocr_extracted,,,253,ocr_2025_vocational,extracted
8512,武汉信息传播职业技术学院,003,,404,,ocr_extracted,,,274,ocr_2025_vocational,extracted
8512,武汉信息传播职业技术学院,004,,370,,ocr_extracted,,,216,ocr_2025_vocational,extracted
8513,梧州职业学院,001,,280,,ocr_extracted,,,58,ocr_2025_vocational,extracted
8514,西安海棠职业学院,001,,368,,ocr_extracted,,,226,ocr_2025_vocational,extracted
8514,西安海棠职业学院,002,,439,,ocr_extracted,,,268,ocr_2025_vocational,extracted
8516,西安海棠职业学院,001,,430,,ocr_extracted,,,284,ocr_2025_vocational,extracted
8518,浙江建设职业技术学院,005,,433,,ocr_extracted,,,303,ocr_2025_vocational,extracted
8518,浙江建设职业技术学院,006,,410,,ocr_extracted,,,241,ocr_2025_vocational,extracted
8518,浙江建设职业技术学院,007,,448,,ocr_extracted,,,262,ocr_2025_vocational,extracted
8518,浙江建设职业技术学院,008,,438,,ocr_extracted,,,274,ocr_2025_vocational,extracted
8521,西安铁路职业技术学院,001,,448,,ocr_extracted,,,262,ocr_2025_vocational,extracted
8522,襄阳汽车职业技术学院,002,,456,,ocr_extracted,,,256,ocr_2025_vocational,extracted
8523,襄阳职业技术大学,001,,436,,ocr_extracted,,,268,ocr_2025_vocational,extracted
8523,襄阳职业技术大学,002,,424,,ocr_extracted,,,310,ocr_2025_vocational,extracted
8524,襄阳职业技术大学,001,,385,,ocr_extracted,,,276,ocr_2025_vocational,extracted
8527,信阳职业技术学院,001,,385,,ocr_extracted,,,276,ocr_2025_vocational,extracted
8528,周口职业技术学院,001,,314,,ocr_extracted,,,118,ocr_2025_vocational,extracted
8528,周口职业技术学院,002,,350,,ocr_extracted,,,190,ocr_2025_vocational,extracted
8528,周口职业技术学院,003,,350,,ocr_extracted,,,190,ocr_2025_vocational,extracted
8529,珠海艺术职业学院,001,,274,,ocr_extracted,,,51,ocr_2025_vocational,extracted
8531,信阳职业技术学院,001,,303,,ocr_extracted,,,108,ocr_2025_vocational,extracted
8531,信阳职业技术学院,002,,342,,ocr_extracted,,,205,ocr_2025_vocational,extracted
9476,武汉铁路职业技术,014,,445,,ocr_extracted,,,315,ocr_2025_vocational,extracted
