college_code,college_name,major_group_code,subject_requirement,min_score,source_image,status,estimated_cumulative_rank_from_score_distribution,rank_source,rank_status
1001,福建福耀科技大学,500,选考化学,629,001.jpg,visual_ocr_needs_spotcheck,5008,fujian_2025_physics_undergrad_admission_images,ocr_needs_spotcheck
1002,福建技术师范学院,500,选考化学,504,001.jpg,visual_ocr_needs_spotcheck,66452,fujian_2025_physics_undergrad_admission_images,ocr_needs_spotcheck
1002,福建技术师范学院,999,不限选考科目,498,001.jpg,visual_ocr_needs_spotcheck,71202,fujian_2025_physics_undergrad_admission_images,ocr_needs_spotcheck
1003,福建技术师范学院（闽台合作）,500,选考化学,489,001.jpg,visual_ocr_needs_spotcheck,78616,fujian_2025_physics_undergrad_admission_images,ocr_needs_spotcheck
1004,福建江夏学院,500,选考化学,521,001.jpg,visual_ocr_needs_spotcheck,53711,fujian_2025_physics_undergrad_admission_images,ocr_needs_spotcheck
1004,福建江夏学院,999,不限选考科目,512,001.jpg,visual_ocr_needs_spotcheck,60283,fujian_2025_physics_undergrad_admission_images,ocr_needs_spotcheck
1005,福建江夏学院（国际课程项目）,999,不限选考科目,484,001.jpg,visual_ocr_needs_spotcheck,82760,fujian_2025_physics_undergrad_admission_images,ocr_needs_spotcheck
1006,福建江夏学院（闽台合作）,500,选考化学,514,001.jpg,visual_ocr_needs_spotcheck,58785,fujian_2025_physics_undergrad_admission_images,ocr_needs_spotcheck
1006,福建江夏学院（闽台合作）,999,不限选考科目,502,001.jpg,visual_ocr_needs_spotcheck,67989,fujian_2025_physics_undergrad_admission_images,ocr_needs_spotcheck
1008,福建警察学院,500,选考化学,524,001.jpg,visual_ocr_needs_spotcheck,51599,fujian_2025_physics_undergrad_admission_images,ocr_needs_spotcheck
1008,福建警察学院,999,不限选考科目,521,001.jpg,visual_ocr_needs_spotcheck,53711,fujian_2025_physics_undergrad_admission_images,ocr_needs_spotcheck
1030,福建理工大学,500,选考化学,546,001.jpg,visual_ocr_needs_spotcheck,37396,fujian_2025_physics_undergrad_admission_images,ocr_needs_spotcheck
1030,福建理工大学,999,不限选考科目,538,001.jpg,visual_ocr_needs_spotcheck,42366,fujian_2025_physics_undergrad_admission_images,ocr_needs_spotcheck
1031,福建理工大学（闽台合作）,500,选考化学,535,001.jpg,visual_ocr_needs_spotcheck,44290,fujian_2025_physics_undergrad_admission_images,ocr_needs_spotcheck
1031,福建理工大学（闽台合作）,999,不限选考科目,528,001.jpg,visual_ocr_needs_spotcheck,48837,fujian_2025_physics_undergrad_admission_images,ocr_needs_spotcheck
1032,福建理工大学（中外合作）,500,选考化学,514,001.jpg,visual_ocr_needs_spotcheck,58785,fujian_2025_physics_undergrad_admission_images,ocr_needs_spotcheck
1033,福建农林大学,500,选考化学,542,001.jpg,visual_ocr_needs_spotcheck,39897,fujian_2025_physics_undergrad_admission_images,ocr_needs_spotcheck
1033,福建农林大学,600,选考生物学,550,001.jpg,visual_ocr_needs_spotcheck,35037,fujian_2025_physics_undergrad_admission_images,ocr_needs_spotcheck
1033,福建农林大学,999,不限选考科目,541,001.jpg,visual_ocr_needs_spotcheck,40511,fujian_2025_physics_undergrad_admission_images,ocr_needs_spotcheck
1034,福建农林大学（定向专业，长乐区）,500,选考化学,600,001.jpg,visual_ocr_needs_spotcheck,12735,fujian_2025_physics_undergrad_admission_images,ocr_needs_spotcheck
1035,福建农林大学（定向专业，长汀县）,500,选考化学,576,001.jpg,visual_ocr_needs_spotcheck,22059,fujian_2025_physics_undergrad_admission_images,ocr_needs_spotcheck
1036,福建农林大学（定向专业，福清市）,500,选考化学,616,001.jpg,visual_ocr_needs_spotcheck,7919,fujian_2025_physics_undergrad_admission_images,ocr_needs_spotcheck
1037,福建农林大学（定向专业，华安县）,500,选考化学,582,001.jpg,visual_ocr_needs_spotcheck,19495,fujian_2025_physics_undergrad_admission_images,ocr_needs_spotcheck
1038,福建农林大学（定向专业，建宁县）,500,选考化学,582,001.jpg,visual_ocr_needs_spotcheck,19495,fujian_2025_physics_undergrad_admission_images,ocr_needs_spotcheck
1039,福建农林大学（定向专业，连城县）,500,选考化学,561,001.jpg,visual_ocr_needs_spotcheck,29212,fujian_2025_physics_undergrad_admission_images,ocr_needs_spotcheck
1040,福建农林大学（定向专业，闽侯县）,500,选考化学,595,001.jpg,visual_ocr_needs_spotcheck,14450,fujian_2025_physics_undergrad_admission_images,ocr_needs_spotcheck
1041,福建农林大学（定向专业，闽清县）,500,选考化学,609,001.jpg,visual_ocr_needs_spotcheck,9900,fujian_2025_physics_undergrad_admission_images,ocr_needs_spotcheck
1042,福建农林大学（定向专业，明溪县）,500,选考化学,569,001.jpg,visual_ocr_needs_spotcheck,25291,fujian_2025_physics_undergrad_admission_images,ocr_needs_spotcheck
1043,福建农林大学（定向专业，宁化县）,500,选考化学,584,002.jpg,visual_ocr_needs_spotcheck,18650,fujian_2025_physics_undergrad_admission_images,ocr_needs_spotcheck
1044,福建农林大学（定向专业，上杭县）,500,选考化学,584,002.jpg,visual_ocr_needs_spotcheck,18650,fujian_2025_physics_undergrad_admission_images,ocr_needs_spotcheck
1045,福建农林大学（定向专业，邵武市）,500,选考化学,580,002.jpg,visual_ocr_needs_spotcheck,20313,fujian_2025_physics_undergrad_admission_images,ocr_needs_spotcheck
1046,福建农林大学（定向专业，新罗区）,500,选考化学,574,002.jpg,visual_ocr_needs_spotcheck,22981,fujian_2025_physics_undergrad_admission_images,ocr_needs_spotcheck
1047,福建农林大学（定向专业，永定区）,500,选考化学,583,002.jpg,visual_ocr_needs_spotcheck,19062,fujian_2025_physics_undergrad_admission_images,ocr_needs_spotcheck
1048,福建农林大学（定向专业，永泰县）,500,选考化学,570,002.jpg,visual_ocr_needs_spotcheck,24825,fujian_2025_physics_undergrad_admission_images,ocr_needs_spotcheck
1049,福建农林大学（定向专业，尤溪县）,500,选考化学,586,002.jpg,visual_ocr_needs_spotcheck,17831,fujian_2025_physics_undergrad_admission_images,ocr_needs_spotcheck
1050,福建农林大学（定向专业，漳平市）,500,选考化学,590,002.jpg,visual_ocr_needs_spotcheck,16253,fujian_2025_physics_undergrad_admission_images,ocr_needs_spotcheck
1051,福建农林大学（闽台合作）,500,选考化学,548,002.jpg,visual_ocr_needs_spotcheck,36213,fujian_2025_physics_undergrad_admission_images,ocr_needs_spotcheck
1051,福建农林大学（闽台合作）,999,不限选考科目,541,002.jpg,visual_ocr_needs_spotcheck,40511,fujian_2025_physics_undergrad_admission_images,ocr_needs_spotcheck
1052,福建农林大学（中外合作）,500,选考化学,525,002.jpg,visual_ocr_needs_spotcheck,50881,fujian_2025_physics_undergrad_admission_images,ocr_needs_spotcheck
1052,福建农林大学（中外合作）,999,不限选考科目,507,002.jpg,visual_ocr_needs_spotcheck,64125,fujian_2025_physics_undergrad_admission_images,ocr_needs_spotcheck
1053,福建农林大学金山学院,500,选考化学,474,002.jpg,visual_ocr_needs_spotcheck,91278,fujian_2025_physics_undergrad_admission_images,ocr_needs_spotcheck
1053,福建农林大学金山学院,600,选考生物学,473,002.jpg,visual_ocr_needs_spotcheck,92111,fujian_2025_physics_undergrad_admission_images,ocr_needs_spotcheck
1053,福建农林大学金山学院,999,不限选考科目,472,002.jpg,visual_ocr_needs_spotcheck,92964,fujian_2025_physics_undergrad_admission_images,ocr_needs_spotcheck
1054,福建农林大学金山学院（闽台合作）,999,不限选考科目,470,002.jpg,visual_ocr_needs_spotcheck,94712,fujian_2025_physics_undergrad_admission_images,ocr_needs_spotcheck
1055,福建农林大学金山学院（中外合作）,999,不限选考科目,467,002.jpg,visual_ocr_needs_spotcheck,97377,fujian_2025_physics_undergrad_admission_images,ocr_needs_spotcheck
1056,福建商学院,500,选考化学,499,002.jpg,visual_ocr_needs_spotcheck,70339,fujian_2025_physics_undergrad_admission_images,ocr_needs_spotcheck
1056,福建商学院,999,不限选考科目,491,002.jpg,visual_ocr_needs_spotcheck,76979,fujian_2025_physics_undergrad_admission_images,ocr_needs_spotcheck
1058,福建商学院（闽台合作）,500,选考化学,493,002.jpg,visual_ocr_needs_spotcheck,75303,fujian_2025_physics_undergrad_admission_images,ocr_needs_spotcheck
1058,福建商学院（闽台合作）,999,不限选考科目,483,002.jpg,visual_ocr_needs_spotcheck,83635,fujian_2025_physics_undergrad_admission_images,ocr_needs_spotcheck
1059,福建师范大学,500,选考化学,576,002.jpg,visual_ocr_needs_spotcheck,22059,fujian_2025_physics_undergrad_admission_images,ocr_needs_spotcheck
1059,福建师范大学,516,选考化学且生物学,562,002.jpg,visual_ocr_needs_spotcheck,28701,fujian_2025_physics_undergrad_admission_images,ocr_needs_spotcheck
1059,福建师范大学,900,选考地理,571,002.jpg,visual_ocr_needs_spotcheck,24364,fujian_2025_physics_undergrad_admission_images,ocr_needs_spotcheck
1059,福建师范大学,999,不限选考科目,567,002.jpg,visual_ocr_needs_spotcheck,26218,fujian_2025_physics_undergrad_admission_images,ocr_needs_spotcheck
1070,福建师范大学（闽台合作）,999,不限选考科目,523,002.jpg,visual_ocr_needs_spotcheck,52278,fujian_2025_physics_undergrad_admission_images,ocr_needs_spotcheck
1072,福建师范大学（中日合作）,500,选考化学,557,002.jpg,visual_ocr_needs_spotcheck,31329,fujian_2025_physics_undergrad_admission_images,ocr_needs_spotcheck
1074,福建师范大学（中英合作）,500,选考化学,554,002.jpg,visual_ocr_needs_spotcheck,32905,fujian_2025_physics_undergrad_admission_images,ocr_needs_spotcheck
1075,福建师范大学协和学院,500,选考化学,480,003.jpg,visual_ocr_needs_spotcheck,86154,fujian_2025_physics_undergrad_admission_images,ocr_needs_spotcheck
1075,福建师范大学协和学院,999,不限选考科目,475,003.jpg,visual_ocr_needs_spotcheck,90360,fujian_2025_physics_undergrad_admission_images,ocr_needs_spotcheck
1076,福建师范大学协和学院（国际课程项目）,999,不限选考科目,469,003.jpg,visual_ocr_needs_spotcheck,95545,fujian_2025_physics_undergrad_admission_images,ocr_needs_spotcheck
1077,福建医科大学（临床医学5+3一体化）,516,选考化学且生物学,617,003.jpg,visual_ocr_needs_spotcheck,7670,fujian_2025_physics_undergrad_admission_images,ocr_needs_spotcheck
1078,福建医科大学,500,选考化学,526,003.jpg,visual_ocr_needs_spotcheck,50184,fujian_2025_physics_undergrad_admission_images,ocr_needs_spotcheck
1078,福建医科大学,516,选考化学且生物学,545,003.jpg,visual_ocr_needs_spotcheck,37957,fujian_2025_physics_undergrad_admission_images,ocr_needs_spotcheck
1078,福建医科大学,999,不限选考科目,534,003.jpg,visual_ocr_needs_spotcheck,44918,fujian_2025_physics_undergrad_admission_images,ocr_needs_spotcheck
1085,福建中医药大学,500,选考化学,525,003.jpg,visual_ocr_needs_spotcheck,50881,fujian_2025_physics_undergrad_admission_images,ocr_needs_spotcheck
1085,福建中医药大学,600,选考生物学,534,003.jpg,visual_ocr_needs_spotcheck,44918,fujian_2025_physics_undergrad_admission_images,ocr_needs_spotcheck
1085,福建中医药大学,999,不限选考科目,522,003.jpg,visual_ocr_needs_spotcheck,53007,fujian_2025_physics_undergrad_admission_images,ocr_needs_spotcheck
1090,福建中医药大学（护理学）,600,选考生物学,520,003.jpg,visual_ocr_needs_spotcheck,54409,fujian_2025_physics_undergrad_admission_images,ocr_needs_spotcheck
1091,福建中医药大学（闽台合作）,500,选考化学,516,003.jpg,visual_ocr_needs_spotcheck,57329,fujian_2025_physics_undergrad_admission_images,ocr_needs_spotcheck
1091,福建中医药大学（闽台合作）,999,不限选考科目,508,003.jpg,visual_ocr_needs_spotcheck,63376,fujian_2025_physics_undergrad_admission_images,ocr_needs_spotcheck
1092,福建中医药大学（中外合作）,600,选考生物学,498,003.jpg,visual_ocr_needs_spotcheck,71202,fujian_2025_physics_undergrad_admission_images,ocr_needs_spotcheck
1093,福州大学,500,选考化学,600,003.jpg,visual_ocr_needs_spotcheck,12735,fujian_2025_physics_undergrad_admission_images,ocr_needs_spotcheck
1093,福州大学,516,选考化学且生物学,616,003.jpg,visual_ocr_needs_spotcheck,7919,fujian_2025_physics_undergrad_admission_images,ocr_needs_spotcheck
1093,福州大学,900,选考地理,593,003.jpg,visual_ocr_needs_spotcheck,15145,fujian_2025_physics_undergrad_admission_images,ocr_needs_spotcheck
1093,福州大学,999,不限选考科目,594,003.jpg,visual_ocr_needs_spotcheck,14801,fujian_2025_physics_undergrad_admission_images,ocr_needs_spotcheck
1094,福州大学（地矿专业）,500,选考化学,580,003.jpg,visual_ocr_needs_spotcheck,20313,fujian_2025_physics_undergrad_admission_images,ocr_needs_spotcheck
1095,福州大学（面向福州）,500,选考化学,615,003.jpg,visual_ocr_needs_spotcheck,8194,fujian_2025_physics_undergrad_admission_images,ocr_needs_spotcheck
1096,福州大学（面向泉州）,500,选考化学,596,003.jpg,visual_ocr_needs_spotcheck,14083,fujian_2025_physics_undergrad_admission_images,ocr_needs_spotcheck
1098,福州大学（闽台合作）,500,选考化学,592,003.jpg,visual_ocr_needs_spotcheck,15507,fujian_2025_physics_undergrad_admission_images,ocr_needs_spotcheck
1098,福州大学（闽台合作）,999,不限选考科目,572,003.jpg,visual_ocr_needs_spotcheck,23889,fujian_2025_physics_undergrad_admission_images,ocr_needs_spotcheck
1099,福州大学（中外合作）,500,选考化学,585,003.jpg,visual_ocr_needs_spotcheck,18234,fujian_2025_physics_undergrad_admission_images,ocr_needs_spotcheck
1100,福州大学至诚学院,500,选考化学,480,003.jpg,visual_ocr_needs_spotcheck,86154,fujian_2025_physics_undergrad_admission_images,ocr_needs_spotcheck
1100,福州大学至诚学院,999,不限选考科目,481,003.jpg,visual_ocr_needs_spotcheck,85345,fujian_2025_physics_undergrad_admission_images,ocr_needs_spotcheck
1101,福州工商学院,500,选考化学,441,003.jpg,visual_ocr_needs_spotcheck,119155,fujian_2025_physics_undergrad_admission_images,ocr_needs_spotcheck
1101,福州工商学院,999,不限选考科目,441,003.jpg,visual_ocr_needs_spotcheck,119155,fujian_2025_physics_undergrad_admission_images,ocr_needs_spotcheck
1102,福州理工学院,500,选考化学,441,004.jpg,visual_ocr_needs_spotcheck,119155,fujian_2025_physics_undergrad_admission_images,ocr_needs_spotcheck
1102,福州理工学院,999,不限选考科目,441,004.jpg,visual_ocr_needs_spotcheck,119155,fujian_2025_physics_undergrad_admission_images,ocr_needs_spotcheck
1103,福州外语外贸学院,500,选考化学,441,004.jpg,visual_ocr_needs_spotcheck,119155,fujian_2025_physics_undergrad_admission_images,ocr_needs_spotcheck
1103,福州外语外贸学院,999,不限选考科目,441,004.jpg,visual_ocr_needs_spotcheck,119155,fujian_2025_physics_undergrad_admission_images,ocr_needs_spotcheck
1105,华侨大学,500,选考化学,572,004.jpg,visual_ocr_needs_spotcheck,23889,fujian_2025_physics_undergrad_admission_images,ocr_needs_spotcheck
1105,华侨大学,999,不限选考科目,546,004.jpg,visual_ocr_needs_spotcheck,37396,fujian_2025_physics_undergrad_admission_images,ocr_needs_spotcheck
1106,华侨大学（临床医学）,500,选考化学,571,004.jpg,visual_ocr_needs_spotcheck,24364,fujian_2025_physics_undergrad_admission_images,ocr_needs_spotcheck
1107,华侨大学（面向泉州）,500,选考化学,570,004.jpg,visual_ocr_needs_spotcheck,24825,fujian_2025_physics_undergrad_admission_images,ocr_needs_spotcheck
1107,华侨大学（面向泉州）,999,不限选考科目,548,004.jpg,visual_ocr_needs_spotcheck,36213,fujian_2025_physics_undergrad_admission_images,ocr_needs_spotcheck
1108,华侨大学（面向泉州，中外联培项目）,999,不限选考科目,527,004.jpg,visual_ocr_needs_spotcheck,49465,fujian_2025_physics_undergrad_admission_images,ocr_needs_spotcheck
1109,华侨大学（面向厦门）,500,选考化学,566,004.jpg,visual_ocr_needs_spotcheck,26736,fujian_2025_physics_undergrad_admission_images,ocr_needs_spotcheck
1109,华侨大学（面向厦门）,999,不限选考科目,548,004.jpg,visual_ocr_needs_spotcheck,36213,fujian_2025_physics_undergrad_admission_images,ocr_needs_spotcheck
1110,华侨大学（面向厦门，中外联培项目）,999,不限选考科目,542,004.jpg,visual_ocr_needs_spotcheck,39897,fujian_2025_physics_undergrad_admission_images,ocr_needs_spotcheck
1111,集美大学,500,选考化学,549,004.jpg,visual_ocr_needs_spotcheck,35614,fujian_2025_physics_undergrad_admission_images,ocr_needs_spotcheck
1111,集美大学,516,选考化学且生物学,542,004.jpg,visual_ocr_needs_spotcheck,39897,fujian_2025_physics_undergrad_admission_images,ocr_needs_spotcheck
1111,集美大学,900,选考地理,557,004.jpg,visual_ocr_needs_spotcheck,31329,fujian_2025_physics_undergrad_admission_images,ocr_needs_spotcheck
1111,集美大学,999,不限选考科目,548,004.jpg,visual_ocr_needs_spotcheck,36213,fujian_2025_physics_undergrad_admission_images,ocr_needs_spotcheck
1113,集美大学（面向厦门）,500,选考化学,554,004.jpg,visual_ocr_needs_spotcheck,32905,fujian_2025_physics_undergrad_admission_images,ocr_needs_spotcheck
1113,集美大学（面向厦门）,516,选考化学且生物学,542,004.jpg,visual_ocr_needs_spotcheck,39897,fujian_2025_physics_undergrad_admission_images,ocr_needs_spotcheck
1113,集美大学（面向厦门）,900,选考地理,551,004.jpg,visual_ocr_needs_spotcheck,34510,fujian_2025_physics_undergrad_admission_images,ocr_needs_spotcheck
1113,集美大学（面向厦门）,999,不限选考科目,550,004.jpg,visual_ocr_needs_spotcheck,35037,fujian_2025_physics_undergrad_admission_images,ocr_needs_spotcheck
1114,集美大学诚毅学院,500,选考化学,479,004.jpg,visual_ocr_needs_spotcheck,86939,fujian_2025_physics_undergrad_admission_images,ocr_needs_spotcheck
1114,集美大学诚毅学院,999,不限选考科目,482,004.jpg,visual_ocr_needs_spotcheck,84464,fujian_2025_physics_undergrad_admission_images,ocr_needs_spotcheck
1116,黎明职业大学,999,不限选考科目,494,004.jpg,visual_ocr_needs_spotcheck,74485,fujian_2025_physics_undergrad_admission_images,ocr_needs_spotcheck
1119,龙岩学院,500,选考化学,495,004.jpg,visual_ocr_needs_spotcheck,73670,fujian_2025_physics_undergrad_admission_images,ocr_needs_spotcheck
1119,龙岩学院,999,不限选考科目,496,004.jpg,visual_ocr_needs_spotcheck,72818,fujian_2025_physics_undergrad_admission_images,ocr_needs_spotcheck
1120,龙岩学院（面向龙岩）,500,选考化学,492,004.jpg,visual_ocr_needs_spotcheck,76112,fujian_2025_physics_undergrad_admission_images,ocr_needs_spotcheck
1120,龙岩学院（面向龙岩）,999,不限选考科目,492,004.jpg,visual_ocr_needs_spotcheck,76112,fujian_2025_physics_undergrad_admission_images,ocr_needs_spotcheck
1121,闽江学院,500,选考化学,533,005.jpg,visual_ocr_needs_spotcheck,45540,fujian_2025_physics_undergrad_admission_images,ocr_needs_spotcheck
1121,闽江学院,900,选考地理,520,005.jpg,visual_ocr_needs_spotcheck,54409,fujian_2025_physics_undergrad_admission_images,ocr_needs_spotcheck
1121,闽江学院,999,不限选考科目,523,005.jpg,visual_ocr_needs_spotcheck,52278,fujian_2025_physics_undergrad_admission_images,ocr_needs_spotcheck
1122,闽江学院（面向福州）,500,选考化学,527,005.jpg,visual_ocr_needs_spotcheck,49465,fujian_2025_physics_undergrad_admission_images,ocr_needs_spotcheck
1122,闽江学院（面向福州）,900,选考地理,521,005.jpg,visual_ocr_needs_spotcheck,53711,fujian_2025_physics_undergrad_admission_images,ocr_needs_spotcheck
1122,闽江学院（面向福州）,999,不限选考科目,527,005.jpg,visual_ocr_needs_spotcheck,49465,fujian_2025_physics_undergrad_admission_images,ocr_needs_spotcheck
1123,闽江学院（闽台合作）,999,不限选考科目,508,005.jpg,visual_ocr_needs_spotcheck,63376,fujian_2025_physics_undergrad_admission_images,ocr_needs_spotcheck
1124,闽江学院（新华都商学院）,999,不限选考科目,530,005.jpg,visual_ocr_needs_spotcheck,47532,fujian_2025_physics_undergrad_admission_images,ocr_needs_spotcheck
1125,闽江学院（中外合作）,500,选考化学,497,005.jpg,visual_ocr_needs_spotcheck,72041,fujian_2025_physics_undergrad_admission_images,ocr_needs_spotcheck
1125,闽江学院（中外合作）,999,不限选考科目,479,005.jpg,visual_ocr_needs_spotcheck,86939,fujian_2025_physics_undergrad_admission_images,ocr_needs_spotcheck
1126,闽南科技学院,500,选考化学,455,005.jpg,visual_ocr_needs_spotcheck,107492,fujian_2025_physics_undergrad_admission_images,ocr_needs_spotcheck
1126,闽南科技学院,999,不限选考科目,459,005.jpg,visual_ocr_needs_spotcheck,104060,fujian_2025_physics_undergrad_admission_images,ocr_needs_spotcheck
1127,闽南理工学院,500,选考化学,450,005.jpg,visual_ocr_needs_spotcheck,111729,fujian_2025_physics_undergrad_admission_images,ocr_needs_spotcheck
1127,闽南理工学院,999,不限选考科目,443,005.jpg,visual_ocr_needs_spotcheck,117511,fujian_2025_physics_undergrad_admission_images,ocr_needs_spotcheck
1128,闽南师范大学,500,选考化学,523,005.jpg,visual_ocr_needs_spotcheck,52278,fujian_2025_physics_undergrad_admission_images,ocr_needs_spotcheck
1128,闽南师范大学,600,选考生物学,510,005.jpg,visual_ocr_needs_spotcheck,61799,fujian_2025_physics_undergrad_admission_images,ocr_needs_spotcheck
1128,闽南师范大学,999,不限选考科目,518,005.jpg,visual_ocr_needs_spotcheck,55877,fujian_2025_physics_undergrad_admission_images,ocr_needs_spotcheck
1129,闽南师范大学（闽台合作）,999,不限选考科目,504,005.jpg,visual_ocr_needs_spotcheck,66452,fujian_2025_physics_undergrad_admission_images,ocr_needs_spotcheck
1130,闽南师范大学（中高计划1）,500,选考化学,479,005.jpg,visual_ocr_needs_spotcheck,86939,fujian_2025_physics_undergrad_admission_images,ocr_needs_spotcheck
1130,闽南师范大学（中高计划1）,999,不限选考科目,471,005.jpg,visual_ocr_needs_spotcheck,93819,fujian_2025_physics_undergrad_admission_images,ocr_needs_spotcheck
1131,闽南师范大学（中高计划2）,999,不限选考科目,461,005.jpg,visual_ocr_needs_spotcheck,102421,fujian_2025_physics_undergrad_admission_images,ocr_needs_spotcheck
1132,闽南师范大学（中美合作）,500,选考化学,472,005.jpg,visual_ocr_needs_spotcheck,92964,fujian_2025_physics_undergrad_admission_images,ocr_needs_spotcheck
1132,闽南师范大学（中美合作）,999,不限选考科目,455,005.jpg,visual_ocr_needs_spotcheck,107492,fujian_2025_physics_undergrad_admission_images,ocr_needs_spotcheck
1134,宁德师范学院,500,选考化学,503,005.jpg,visual_ocr_needs_spotcheck,67246,fujian_2025_physics_undergrad_admission_images,ocr_needs_spotcheck
1134,宁德师范学院,600,选考生物学,498,005.jpg,visual_ocr_needs_spotcheck,71202,fujian_2025_physics_undergrad_admission_images,ocr_needs_spotcheck
1134,宁德师范学院,999,不限选考科目,502,005.jpg,visual_ocr_needs_spotcheck,67989,fujian_2025_physics_undergrad_admission_images,ocr_needs_spotcheck
1135,宁德师范学院（面向宁德）,500,选考化学,493,005.jpg,visual_ocr_needs_spotcheck,75303,fujian_2025_physics_undergrad_admission_images,ocr_needs_spotcheck
1135,宁德师范学院（面向宁德）,600,选考生物学,489,005.jpg,visual_ocr_needs_spotcheck,78616,fujian_2025_physics_undergrad_admission_images,ocr_needs_spotcheck
1135,宁德师范学院（面向宁德）,999,不限选考科目,492,006.jpg,visual_ocr_needs_spotcheck,76112,fujian_2025_physics_undergrad_admission_images,ocr_needs_spotcheck
1136,宁德师范学院（闽台合作）,500,选考化学,487,006.jpg,visual_ocr_needs_spotcheck,80259,fujian_2025_physics_undergrad_admission_images,ocr_needs_spotcheck
1136,宁德师范学院（闽台合作）,999,不限选考科目,485,006.jpg,visual_ocr_needs_spotcheck,81945,fujian_2025_physics_undergrad_admission_images,ocr_needs_spotcheck
1137,莆田学院,500,选考化学,510,006.jpg,visual_ocr_needs_spotcheck,61799,fujian_2025_physics_undergrad_admission_images,ocr_needs_spotcheck
1137,莆田学院,600,选考生物学,497,006.jpg,visual_ocr_needs_spotcheck,72041,fujian_2025_physics_undergrad_admission_images,ocr_needs_spotcheck
1137,莆田学院,999,不限选考科目,506,006.jpg,visual_ocr_needs_spotcheck,64873,fujian_2025_physics_undergrad_admission_images,ocr_needs_spotcheck
1142,莆田学院（临床及口腔）,500,选考化学,532,006.jpg,visual_ocr_needs_spotcheck,46183,fujian_2025_physics_undergrad_admission_images,ocr_needs_spotcheck
1143,莆田学院（面向莆田）,500,选考化学,510,006.jpg,visual_ocr_needs_spotcheck,61799,fujian_2025_physics_undergrad_admission_images,ocr_needs_spotcheck
1143,莆田学院（面向莆田）,600,选考生物学,488,006.jpg,visual_ocr_needs_spotcheck,79451,fujian_2025_physics_undergrad_admission_images,ocr_needs_spotcheck
1143,莆田学院（面向莆田）,999,不限选考科目,503,006.jpg,visual_ocr_needs_spotcheck,67246,fujian_2025_physics_undergrad_admission_images,ocr_needs_spotcheck
1144,莆田学院（面向莆田、临床及口腔）,500,选考化学,527,006.jpg,visual_ocr_needs_spotcheck,49465,fujian_2025_physics_undergrad_admission_images,ocr_needs_spotcheck
1145,莆田学院（闽台合作）,600,选考生物学,494,006.jpg,visual_ocr_needs_spotcheck,74485,fujian_2025_physics_undergrad_admission_images,ocr_needs_spotcheck
1146,莆田学院（中外合作）,999,不限选考科目,481,006.jpg,visual_ocr_needs_spotcheck,85345,fujian_2025_physics_undergrad_admission_images,ocr_needs_spotcheck
1147,泉州师范学院,500,选考化学,520,006.jpg,visual_ocr_needs_spotcheck,54409,fujian_2025_physics_undergrad_admission_images,ocr_needs_spotcheck
1147,泉州师范学院,900,选考地理,512,006.jpg,visual_ocr_needs_spotcheck,60283,fujian_2025_physics_undergrad_admission_images,ocr_needs_spotcheck
1147,泉州师范学院,999,不限选考科目,511,006.jpg,visual_ocr_needs_spotcheck,61013,fujian_2025_physics_undergrad_admission_images,ocr_needs_spotcheck
1149,泉州师范学院（面向泉州）,500,选考化学,518,006.jpg,visual_ocr_needs_spotcheck,55877,fujian_2025_physics_undergrad_admission_images,ocr_needs_spotcheck
1149,泉州师范学院（面向泉州）,900,选考地理,510,006.jpg,visual_ocr_needs_spotcheck,61799,fujian_2025_physics_undergrad_admission_images,ocr_needs_spotcheck
1149,泉州师范学院（面向泉州）,999,不限选考科目,512,006.jpg,visual_ocr_needs_spotcheck,60283,fujian_2025_physics_undergrad_admission_images,ocr_needs_spotcheck
1150,泉州师范学院（闽台合作）,500,选考化学,495,006.jpg,visual_ocr_needs_spotcheck,73670,fujian_2025_physics_undergrad_admission_images,ocr_needs_spotcheck
1150,泉州师范学院（闽台合作）,999,不限选考科目,486,006.jpg,visual_ocr_needs_spotcheck,81079,fujian_2025_physics_undergrad_admission_images,ocr_needs_spotcheck
1151,泉州师范学院（软件类）,500,选考化学,522,006.jpg,visual_ocr_needs_spotcheck,53007,fujian_2025_physics_undergrad_admission_images,ocr_needs_spotcheck
1152,泉州信息工程学院,500,选考化学,461,006.jpg,visual_ocr_needs_spotcheck,102421,fujian_2025_physics_undergrad_admission_images,ocr_needs_spotcheck
1152,泉州信息工程学院,999,不限选考科目,464,006.jpg,visual_ocr_needs_spotcheck,99902,fujian_2025_physics_undergrad_admission_images,ocr_needs_spotcheck
1153,泉州信息工程学院（中外合作）,500,选考化学,459,006.jpg,visual_ocr_needs_spotcheck,104060,fujian_2025_physics_undergrad_admission_images,ocr_needs_spotcheck
1154,泉州职业技术大学,999,不限选考科目,448,006.jpg,visual_ocr_needs_spotcheck,113439,fujian_2025_physics_undergrad_admission_images,ocr_needs_spotcheck
1155,三明学院,500,选考化学,499,006.jpg,visual_ocr_needs_spotcheck,70339,fujian_2025_physics_undergrad_admission_images,ocr_needs_spotcheck
1155,三明学院,999,不限选考科目,496,006.jpg,visual_ocr_needs_spotcheck,72818,fujian_2025_physics_undergrad_admission_images,ocr_needs_spotcheck
1159,三明学院（国际课程项目）,500,选考化学,468,007.jpg,visual_ocr_needs_spotcheck,96446,fujian_2025_physics_undergrad_admission_images,ocr_needs_spotcheck
1159,三明学院（国际课程项目）,999,不限选考科目,490,007.jpg,visual_ocr_needs_spotcheck,77780,fujian_2025_physics_undergrad_admission_images,ocr_needs_spotcheck
1160,三明学院（面向三明）,500,选考化学,488,007.jpg,visual_ocr_needs_spotcheck,79451,fujian_2025_physics_undergrad_admission_images,ocr_needs_spotcheck
1160,三明学院（面向三明）,999,不限选考科目,486,007.jpg,visual_ocr_needs_spotcheck,81079,fujian_2025_physics_undergrad_admission_images,ocr_needs_spotcheck
1161,三明学院（闽台合作）,500,选考化学,483,007.jpg,visual_ocr_needs_spotcheck,83635,fujian_2025_physics_undergrad_admission_images,ocr_needs_spotcheck
1161,三明学院（闽台合作）,999,不限选考科目,498,007.jpg,visual_ocr_needs_spotcheck,71202,fujian_2025_physics_undergrad_admission_images,ocr_needs_spotcheck
1162,武夷学院,500,选考化学,491,007.jpg,visual_ocr_needs_spotcheck,76979,fujian_2025_physics_undergrad_admission_images,ocr_needs_spotcheck
1162,武夷学院,999,不限选考科目,494,007.jpg,visual_ocr_needs_spotcheck,74485,fujian_2025_physics_undergrad_admission_images,ocr_needs_spotcheck
1166,武夷学院（面向南平）,500,选考化学,488,007.jpg,visual_ocr_needs_spotcheck,79451,fujian_2025_physics_undergrad_admission_images,ocr_needs_spotcheck
1166,武夷学院（面向南平）,999,不限选考科目,488,007.jpg,visual_ocr_needs_spotcheck,79451,fujian_2025_physics_undergrad_admission_images,ocr_needs_spotcheck
1167,武夷学院（闽台合作）,500,选考化学,486,007.jpg,visual_ocr_needs_spotcheck,81079,fujian_2025_physics_undergrad_admission_images,ocr_needs_spotcheck
1167,武夷学院（闽台合作）,999,不限选考科目,484,007.jpg,visual_ocr_needs_spotcheck,82760,fujian_2025_physics_undergrad_admission_images,ocr_needs_spotcheck
1168,厦门大学,500,选考化学,640,007.jpg,visual_ocr_needs_spotcheck,3113,fujian_2025_physics_undergrad_admission_images,ocr_needs_spotcheck
1168,厦门大学,700,选考思想政治,627,007.jpg,visual_ocr_needs_spotcheck,5412,fujian_2025_physics_undergrad_admission_images,ocr_needs_spotcheck
1168,厦门大学,999,不限选考科目,630,007.jpg,visual_ocr_needs_spotcheck,4805,fujian_2025_physics_undergrad_admission_images,ocr_needs_spotcheck
1169,厦门大学（马来西亚分校）,500,选考化学,589,007.jpg,visual_ocr_needs_spotcheck,16625,fujian_2025_physics_undergrad_admission_images,ocr_needs_spotcheck
1169,厦门大学（马来西亚分校）,999,不限选考科目,596,007.jpg,visual_ocr_needs_spotcheck,14083,fujian_2025_physics_undergrad_admission_images,ocr_needs_spotcheck
1170,厦门大学（面向厦门）,500,选考化学,637,007.jpg,visual_ocr_needs_spotcheck,3545,fujian_2025_physics_undergrad_admission_images,ocr_needs_spotcheck
1171,厦门大学（面向漳州）,500,选考化学,631,007.jpg,visual_ocr_needs_spotcheck,4611,fujian_2025_physics_undergrad_admission_images,ocr_needs_spotcheck
1172,厦门大学（试验班）,500,选考化学,629,007.jpg,visual_ocr_needs_spotcheck,5008,fujian_2025_physics_undergrad_admission_images,ocr_needs_spotcheck
1173,厦门大学（医学类）,500,选考化学,617,007.jpg,visual_ocr_needs_spotcheck,7670,fujian_2025_physics_undergrad_admission_images,ocr_needs_spotcheck
1174,厦门大学嘉庚学院,500,选考化学,485,007.jpg,visual_ocr_needs_spotcheck,81945,fujian_2025_physics_undergrad_admission_images,ocr_needs_spotcheck
1174,厦门大学嘉庚学院,999,不限选考科目,482,007.jpg,visual_ocr_needs_spotcheck,84464,fujian_2025_physics_undergrad_admission_images,ocr_needs_spotcheck
1175,厦门工学院,500,选考化学,441,007.jpg,visual_ocr_needs_spotcheck,119155,fujian_2025_physics_undergrad_admission_images,ocr_needs_spotcheck
1175,厦门工学院,999,不限选考科目,441,007.jpg,visual_ocr_needs_spotcheck,119155,fujian_2025_physics_undergrad_admission_images,ocr_needs_spotcheck
1176,厦门华厦学院,500,选考化学,441,007.jpg,visual_ocr_needs_spotcheck,119155,fujian_2025_physics_undergrad_admission_images,ocr_needs_spotcheck
1176,厦门华厦学院,999,不限选考科目,441,007.jpg,visual_ocr_needs_spotcheck,119155,fujian_2025_physics_undergrad_admission_images,ocr_needs_spotcheck
1177,厦门理工学院,500,选考化学,540,007.jpg,visual_ocr_needs_spotcheck,41148,fujian_2025_physics_undergrad_admission_images,ocr_needs_spotcheck
1177,厦门理工学院,999,不限选考科目,533,008.jpg,visual_ocr_needs_spotcheck,45540,fujian_2025_physics_undergrad_admission_images,ocr_needs_spotcheck
1178,厦门理工学院（国际课程项目）,500,选考化学,536,008.jpg,visual_ocr_needs_spotcheck,43666,fujian_2025_physics_undergrad_admission_images,ocr_needs_spotcheck
1178,厦门理工学院（国际课程项目）,999,不限选考科目,519,008.jpg,visual_ocr_needs_spotcheck,55133,fujian_2025_physics_undergrad_admission_images,ocr_needs_spotcheck
1179,厦门理工学院（面向厦门）,500,选考化学,528,008.jpg,visual_ocr_needs_spotcheck,48837,fujian_2025_physics_undergrad_admission_images,ocr_needs_spotcheck
1179,厦门理工学院（面向厦门）,999,不限选考科目,526,008.jpg,visual_ocr_needs_spotcheck,50184,fujian_2025_physics_undergrad_admission_images,ocr_needs_spotcheck
1181,厦门理工学院（闽台合作）,999,不限选考科目,522,008.jpg,visual_ocr_needs_spotcheck,53007,fujian_2025_physics_undergrad_admission_images,ocr_needs_spotcheck
1182,厦门理工学院（闽台合作，面向厦门）,999,不限选考科目,520,008.jpg,visual_ocr_needs_spotcheck,54409,fujian_2025_physics_undergrad_admission_images,ocr_needs_spotcheck
1184,厦门医学院,500,选考化学,508,008.jpg,visual_ocr_needs_spotcheck,63376,fujian_2025_physics_undergrad_admission_images,ocr_needs_spotcheck
1184,厦门医学院,600,选考生物学,505,008.jpg,visual_ocr_needs_spotcheck,65653,fujian_2025_physics_undergrad_admission_images,ocr_needs_spotcheck
1184,厦门医学院,999,不限选考科目,517,008.jpg,visual_ocr_needs_spotcheck,56618,fujian_2025_physics_undergrad_admission_images,ocr_needs_spotcheck
1189,仰恩大学,500,选考化学,469,008.jpg,visual_ocr_needs_spotcheck,95545,fujian_2025_physics_undergrad_admission_images,ocr_needs_spotcheck
1189,仰恩大学,999,不限选考科目,466,008.jpg,visual_ocr_needs_spotcheck,98212,fujian_2025_physics_undergrad_admission_images,ocr_needs_spotcheck
1190,阳光学院,500,选考化学,441,008.jpg,visual_ocr_needs_spotcheck,119155,fujian_2025_physics_undergrad_admission_images,ocr_needs_spotcheck
1190,阳光学院,999,不限选考科目,441,008.jpg,visual_ocr_needs_spotcheck,119155,fujian_2025_physics_undergrad_admission_images,ocr_needs_spotcheck
1191,阳光学院（中外合作）,999,不限选考科目,445,008.jpg,visual_ocr_needs_spotcheck,115833,fujian_2025_physics_undergrad_admission_images,ocr_needs_spotcheck
2192,安徽财经大学,500,选考化学,547,008.jpg,visual_ocr_needs_spotcheck,36813,fujian_2025_physics_undergrad_admission_images,ocr_needs_spotcheck
2192,安徽财经大学,999,不限选考科目,524,008.jpg,visual_ocr_needs_spotcheck,51599,fujian_2025_physics_undergrad_admission_images,ocr_needs_spotcheck
2193,安徽大学,500,选考化学,601,008.jpg,visual_ocr_needs_spotcheck,12436,fujian_2025_physics_undergrad_admission_images,ocr_needs_spotcheck
2194,安徽大学（中外合作）,500,选考化学,581,008.jpg,visual_ocr_needs_spotcheck,19899,fujian_2025_physics_undergrad_admission_images,ocr_needs_spotcheck
2195,安徽工程大学,500,选考化学,522,008.jpg,visual_ocr_needs_spotcheck,53007,fujian_2025_physics_undergrad_admission_images,ocr_needs_spotcheck
2195,安徽工程大学,999,不限选考科目,518,008.jpg,visual_ocr_needs_spotcheck,55877,fujian_2025_physics_undergrad_admission_images,ocr_needs_spotcheck
2196,安徽工程大学（中外合作）,500,选考化学,530,008.jpg,visual_ocr_needs_spotcheck,47532,fujian_2025_physics_undergrad_admission_images,ocr_needs_spotcheck
2197,安徽工业大学,500,选考化学,540,008.jpg,visual_ocr_needs_spotcheck,41148,fujian_2025_physics_undergrad_admission_images,ocr_needs_spotcheck
2197,安徽工业大学,999,不限选考科目,541,008.jpg,visual_ocr_needs_spotcheck,40511,fujian_2025_physics_undergrad_admission_images,ocr_needs_spotcheck
2198,安徽建筑大学,500,选考化学,520,008.jpg,visual_ocr_needs_spotcheck,54409,fujian_2025_physics_undergrad_admission_images,ocr_needs_spotcheck
2198,安徽建筑大学,999,不限选考科目,513,008.jpg,visual_ocr_needs_spotcheck,59514,fujian_2025_physics_undergrad_admission_images,ocr_needs_spotcheck
2199,安徽科技学院,500,选考化学,501,008.jpg,visual_ocr_needs_spotcheck,68791,fujian_2025_physics_undergrad_admission_images,ocr_needs_spotcheck
2199,安徽科技学院,900,选考地理,508,008.jpg,visual_ocr_needs_spotcheck,63376,fujian_2025_physics_undergrad_admission_images,ocr_needs_spotcheck
2199,安徽科技学院,999,不限选考科目,503,009.jpg,visual_ocr_needs_spotcheck,67246,fujian_2025_physics_undergrad_admission_images,ocr_needs_spotcheck
2200,安徽理工大学,500,选考化学,543,009.jpg,visual_ocr_needs_spotcheck,39235,fujian_2025_physics_undergrad_admission_images,ocr_needs_spotcheck
2200,安徽理工大学,999,不限选考科目,527,009.jpg,visual_ocr_needs_spotcheck,49465,fujian_2025_physics_undergrad_admission_images,ocr_needs_spotcheck
2201,安徽理工大学（中外合作）,500,选考化学,544,009.jpg,visual_ocr_needs_spotcheck,38598,fujian_2025_physics_undergrad_admission_images,ocr_needs_spotcheck
2202,安徽农业大学,500,选考化学,524,009.jpg,visual_ocr_needs_spotcheck,51599,fujian_2025_physics_undergrad_admission_images,ocr_needs_spotcheck
2202,安徽农业大学,999,不限选考科目,535,009.jpg,visual_ocr_needs_spotcheck,44290,fujian_2025_physics_undergrad_admission_images,ocr_needs_spotcheck
2203,安徽师范大学,500,选考化学,523,009.jpg,visual_ocr_needs_spotcheck,52278,fujian_2025_physics_undergrad_admission_images,ocr_needs_spotcheck
2203,安徽师范大学,999,不限选考科目,519,009.jpg,visual_ocr_needs_spotcheck,55133,fujian_2025_physics_undergrad_admission_images,ocr_needs_spotcheck
2204,安徽外国语学院,999,不限选考科目,458,009.jpg,visual_ocr_needs_spotcheck,104965,fujian_2025_physics_undergrad_admission_images,ocr_needs_spotcheck
2205,安徽新华学院,500,选考化学,466,009.jpg,visual_ocr_needs_spotcheck,98212,fujian_2025_physics_undergrad_admission_images,ocr_needs_spotcheck
2205,安徽新华学院,999,不限选考科目,448,009.jpg,visual_ocr_needs_spotcheck,113439,fujian_2025_physics_undergrad_admission_images,ocr_needs_spotcheck
2206,安徽信息工程学院,500,选考化学,462,009.jpg,visual_ocr_needs_spotcheck,101574,fujian_2025_physics_undergrad_admission_images,ocr_needs_spotcheck
2207,安徽医科大学,500,选考化学,523,009.jpg,visual_ocr_needs_spotcheck,52278,fujian_2025_physics_undergrad_admission_images,ocr_needs_spotcheck
2207,安徽医科大学,999,不限选考科目,517,009.jpg,visual_ocr_needs_spotcheck,56618,fujian_2025_physics_undergrad_admission_images,ocr_needs_spotcheck
2208,安徽医科大学临床医学院,500,选考化学,486,009.jpg,visual_ocr_needs_spotcheck,81079,fujian_2025_physics_undergrad_admission_images,ocr_needs_spotcheck
2210,安徽中医药大学,500,选考化学,520,009.jpg,visual_ocr_needs_spotcheck,54409,fujian_2025_physics_undergrad_admission_images,ocr_needs_spotcheck
2210,安徽中医药大学,999,不限选考科目,518,009.jpg,visual_ocr_needs_spotcheck,55877,fujian_2025_physics_undergrad_admission_images,ocr_needs_spotcheck
2211,安康学院,500,选考化学,487,009.jpg,visual_ocr_needs_spotcheck,80259,fujian_2025_physics_undergrad_admission_images,ocr_needs_spotcheck
2213,安庆师范大学（中外合作）,500,选考化学,492,009.jpg,visual_ocr_needs_spotcheck,76112,fujian_2025_physics_undergrad_admission_images,ocr_needs_spotcheck
2214,鞍山师范学院,500,选考化学,493,009.jpg,visual_ocr_needs_spotcheck,75303,fujian_2025_physics_undergrad_admission_images,ocr_needs_spotcheck
2214,鞍山师范学院,700,选考思想政治,502,009.jpg,visual_ocr_needs_spotcheck,67989,fujian_2025_physics_undergrad_admission_images,ocr_needs_spotcheck
2214,鞍山师范学院,999,不限选考科目,536,009.jpg,visual_ocr_needs_spotcheck,43666,fujian_2025_physics_undergrad_admission_images,ocr_needs_spotcheck
2215,安顺学院,500,选考化学,495,009.jpg,visual_ocr_needs_spotcheck,73670,fujian_2025_physics_undergrad_admission_images,ocr_needs_spotcheck
2215,安顺学院,999,不限选考科目,496,009.jpg,visual_ocr_needs_spotcheck,72818,fujian_2025_physics_undergrad_admission_images,ocr_needs_spotcheck
2216,安阳工学院,500,选考化学,489,009.jpg,visual_ocr_needs_spotcheck,78616,fujian_2025_physics_undergrad_admission_images,ocr_needs_spotcheck
2217,安阳工学院（中外合作）,500,选考化学,482,009.jpg,visual_ocr_needs_spotcheck,84464,fujian_2025_physics_undergrad_admission_images,ocr_needs_spotcheck
2217,安阳工学院（中外合作）,999,不限选考科目,470,009.jpg,visual_ocr_needs_spotcheck,94712,fujian_2025_physics_undergrad_admission_images,ocr_needs_spotcheck
2218,安阳师范学院,500,选考化学,496,009.jpg,visual_ocr_needs_spotcheck,72818,fujian_2025_physics_undergrad_admission_images,ocr_needs_spotcheck
2219,白城师范学院,500,选考化学,485,010.jpg,visual_ocr_needs_spotcheck,81945,fujian_2025_physics_undergrad_admission_images,ocr_needs_spotcheck
2219,白城师范学院,900,选考地理,489,010.jpg,visual_ocr_needs_spotcheck,78616,fujian_2025_physics_undergrad_admission_images,ocr_needs_spotcheck
2219,白城师范学院,999,不限选考科目,487,010.jpg,visual_ocr_needs_spotcheck,80259,fujian_2025_physics_undergrad_admission_images,ocr_needs_spotcheck
2221,百色学院,500,选考化学,489,010.jpg,visual_ocr_needs_spotcheck,78616,fujian_2025_physics_undergrad_admission_images,ocr_needs_spotcheck
2221,百色学院,999,不限选考科目,493,010.jpg,visual_ocr_needs_spotcheck,75303,fujian_2025_physics_undergrad_admission_images,ocr_needs_spotcheck
2222,蚌埠工商学院,999,不限选考科目,481,010.jpg,visual_ocr_needs_spotcheck,85345,fujian_2025_physics_undergrad_admission_images,ocr_needs_spotcheck
2223,蚌埠学院,500,选考化学,499,010.jpg,visual_ocr_needs_spotcheck,70339,fujian_2025_physics_undergrad_admission_images,ocr_needs_spotcheck
2223,蚌埠学院,999,不限选考科目,501,010.jpg,visual_ocr_needs_spotcheck,68791,fujian_2025_physics_undergrad_admission_images,ocr_needs_spotcheck
2224,蚌埠医科大学,500,选考化学,559,010.jpg,visual_ocr_needs_spotcheck,30293,fujian_2025_physics_undergrad_admission_images,ocr_needs_spotcheck
2225,保定理工学院,500,选考化学,465,010.jpg,visual_ocr_needs_spotcheck,99057,fujian_2025_physics_undergrad_admission_images,ocr_needs_spotcheck
2225,保定理工学院,999,不限选考科目,455,010.jpg,visual_ocr_needs_spotcheck,107492,fujian_2025_physics_undergrad_admission_images,ocr_needs_spotcheck
2226,保定学院,500,选考化学,491,010.jpg,visual_ocr_needs_spotcheck,76979,fujian_2025_physics_undergrad_admission_images,ocr_needs_spotcheck
2226,保定学院,999,不限选考科目,496,010.jpg,visual_ocr_needs_spotcheck,72818,fujian_2025_physics_undergrad_admission_images,ocr_needs_spotcheck
2227,宝鸡文理学院,500,选考化学,497,010.jpg,visual_ocr_needs_spotcheck,72041,fujian_2025_physics_undergrad_admission_images,ocr_needs_spotcheck
2228,北部湾大学,500,选考化学,512,010.jpg,visual_ocr_needs_spotcheck,60283,fujian_2025_physics_undergrad_admission_images,ocr_needs_spotcheck
2228,北部湾大学,999,不限选考科目,510,010.jpg,visual_ocr_needs_spotcheck,61799,fujian_2025_physics_undergrad_admission_images,ocr_needs_spotcheck
2229,北部湾大学（中外合作）,500,选考化学,491,010.jpg,visual_ocr_needs_spotcheck,76979,fujian_2025_physics_undergrad_admission_images,ocr_needs_spotcheck
2230,北方工业大学,500,选考化学,584,010.jpg,visual_ocr_needs_spotcheck,18650,fujian_2025_physics_undergrad_admission_images,ocr_needs_spotcheck
2231,北方工业大学（中外合作）,500,选考化学,565,010.jpg,visual_ocr_needs_spotcheck,27225,fujian_2025_physics_undergrad_admission_images,ocr_needs_spotcheck
2232,北方民族大学,500,选考化学,507,010.jpg,visual_ocr_needs_spotcheck,64125,fujian_2025_physics_undergrad_admission_images,ocr_needs_spotcheck
2232,北方民族大学,999,不限选考科目,489,010.jpg,visual_ocr_needs_spotcheck,78616,fujian_2025_physics_undergrad_admission_images,ocr_needs_spotcheck
2233,北方民族大学（中外合作）,500,选考化学,515,010.jpg,visual_ocr_needs_spotcheck,58055,fujian_2025_physics_undergrad_admission_images,ocr_needs_spotcheck
2234,北海艺术设计学院,999,不限选考科目,441,010.jpg,visual_ocr_needs_spotcheck,119155,fujian_2025_physics_undergrad_admission_images,ocr_needs_spotcheck
2235,北华大学,500,选考化学,494,010.jpg,visual_ocr_needs_spotcheck,74485,fujian_2025_physics_undergrad_admission_images,ocr_needs_spotcheck
2235,北华大学,516,选考化学且生物学,547,010.jpg,visual_ocr_needs_spotcheck,36813,fujian_2025_physics_undergrad_admission_images,ocr_needs_spotcheck
2235,北华大学,999,不限选考科目,487,010.jpg,visual_ocr_needs_spotcheck,80259,fujian_2025_physics_undergrad_admission_images,ocr_needs_spotcheck
2236,北华大学（国创）,999,不限选考科目,502,010.jpg,visual_ocr_needs_spotcheck,67989,fujian_2025_physics_undergrad_admission_images,ocr_needs_spotcheck
2237,北华大学（中外合作）,500,选考化学,520,010.jpg,visual_ocr_needs_spotcheck,54409,fujian_2025_physics_undergrad_admission_images,ocr_needs_spotcheck
2238,北华航天工业学院,500,选考化学,521,011.jpg,visual_ocr_needs_spotcheck,53711,fujian_2025_physics_undergrad_admission_images,ocr_needs_spotcheck
2238,北华航天工业学院,999,不限选考科目,502,011.jpg,visual_ocr_needs_spotcheck,67989,fujian_2025_physics_undergrad_admission_images,ocr_needs_spotcheck
2239,北京城市学院,500,选考化学,466,011.jpg,visual_ocr_needs_spotcheck,98212,fujian_2025_physics_undergrad_admission_images,ocr_needs_spotcheck
2240,北京大学,500,选考化学,686,011.jpg,visual_ocr_needs_spotcheck,73,fujian_2025_physics_undergrad_admission_images,ocr_needs_spotcheck
2241,北京大学医学部,500,选考化学,667,011.jpg,visual_ocr_needs_spotcheck,577,fujian_2025_physics_undergrad_admission_images,ocr_needs_spotcheck
2241,北京大学医学部,999,不限选考科目,670,011.jpg,visual_ocr_needs_spotcheck,458,fujian_2025_physics_undergrad_admission_images,ocr_needs_spotcheck
2242,北京第二外国语学院,999,不限选考科目,564,011.jpg,visual_ocr_needs_spotcheck,27712,fujian_2025_physics_undergrad_admission_images,ocr_needs_spotcheck
2243,北京电影学院,999,不限选考科目,579,011.jpg,visual_ocr_needs_spotcheck,20738,fujian_2025_physics_undergrad_admission_images,ocr_needs_spotcheck
2245,北京电影学院（艺术学门类）,999,不限选考科目,582,011.jpg,visual_ocr_needs_spotcheck,19495,fujian_2025_physics_undergrad_admission_images,ocr_needs_spotcheck
2248,北京服装学院,500,选考化学,559,011.jpg,visual_ocr_needs_spotcheck,30293,fujian_2025_physics_undergrad_admission_images,ocr_needs_spotcheck
2249,北京工商大学,500,选考化学,561,011.jpg,visual_ocr_needs_spotcheck,29212,fujian_2025_physics_undergrad_admission_images,ocr_needs_spotcheck
2250,北京工业大学,500,选考化学,620,011.jpg,visual_ocr_needs_spotcheck,6942,fujian_2025_physics_undergrad_admission_images,ocr_needs_spotcheck
2251,北京工业大学（中外合作）,999,不限选考科目,579,011.jpg,visual_ocr_needs_spotcheck,20738,fujian_2025_physics_undergrad_admission_images,ocr_needs_spotcheck
2252,北京工业大学耿丹学院,500,选考化学,483,011.jpg,visual_ocr_needs_spotcheck,83635,fujian_2025_physics_undergrad_admission_images,ocr_needs_spotcheck
2252,北京工业大学耿丹学院,999,不限选考科目,463,011.jpg,visual_ocr_needs_spotcheck,100752,fujian_2025_physics_undergrad_admission_images,ocr_needs_spotcheck
2253,北京航空航天大学,500,选考化学,661,011.jpg,visual_ocr_needs_spotcheck,891,fujian_2025_physics_undergrad_admission_images,ocr_needs_spotcheck
2254,北京航空航天大学（中外合作）,500,选考化学,642,011.jpg,visual_ocr_needs_spotcheck,2817,fujian_2025_physics_undergrad_admission_images,ocr_needs_spotcheck
2256,北京化工大学（物化组1）,500,选考化学,614,011.jpg,visual_ocr_needs_spotcheck,8461,fujian_2025_physics_undergrad_admission_images,ocr_needs_spotcheck
2257,北京化工大学（物化组2）,500,选考化学,606,011.jpg,visual_ocr_needs_spotcheck,10843,fujian_2025_physics_undergrad_admission_images,ocr_needs_spotcheck
2258,北京化工大学（物化组3）,500,选考化学,610,011.jpg,visual_ocr_needs_spotcheck,9599,fujian_2025_physics_undergrad_admission_images,ocr_needs_spotcheck
2259,北京化工大学（中外合作）,500,选考化学,583,011.jpg,visual_ocr_needs_spotcheck,19062,fujian_2025_physics_undergrad_admission_images,ocr_needs_spotcheck
2260,北京建筑大学,500,选考化学,556,011.jpg,visual_ocr_needs_spotcheck,31880,fujian_2025_physics_undergrad_admission_images,ocr_needs_spotcheck
2260,北京建筑大学,999,不限选考科目,566,011.jpg,visual_ocr_needs_spotcheck,26736,fujian_2025_physics_undergrad_admission_images,ocr_needs_spotcheck
2261,北京交通大学,500,选考化学,626,011.jpg,visual_ocr_needs_spotcheck,5610,fujian_2025_physics_undergrad_admission_images,ocr_needs_spotcheck
2262,北京交通大学（詹天佑试点班1）,500,选考化学,641,011.jpg,visual_ocr_needs_spotcheck,2960,fujian_2025_physics_undergrad_admission_images,ocr_needs_spotcheck
2263,北京交通大学（詹天佑试点班2）,500,选考化学,641,011.jpg,visual_ocr_needs_spotcheck,2960,fujian_2025_physics_undergrad_admission_images,ocr_needs_spotcheck
2264,北京交通大学（中外合作1）,500,选考化学,608,011.jpg,visual_ocr_needs_spotcheck,10196,fujian_2025_physics_undergrad_admission_images,ocr_needs_spotcheck
2265,北京交通大学（中外合作2）,500,选考化学,609,011.jpg,visual_ocr_needs_spotcheck,9900,fujian_2025_physics_undergrad_admission_images,ocr_needs_spotcheck
2266,北京交通大学（中外合作3）,500,选考化学,609,012.jpg,visual_ocr_needs_spotcheck,9900,fujian_2025_physics_undergrad_admission_images,ocr_needs_spotcheck
2267,北京交通大学(威海校区),500,选考化学,583,012.jpg,visual_ocr_needs_spotcheck,19062,fujian_2025_physics_undergrad_admission_images,ocr_needs_spotcheck
2267,北京交通大学(威海校区),999,不限选考科目,588,012.jpg,visual_ocr_needs_spotcheck,17024,fujian_2025_physics_undergrad_admission_images,ocr_needs_spotcheck
2268,北京科技大学,999,不限选考科目,620,012.jpg,visual_ocr_needs_spotcheck,6942,fujian_2025_physics_undergrad_admission_images,ocr_needs_spotcheck
2269,北京科技大学（物化组1）,500,选考化学,625,012.jpg,visual_ocr_needs_spotcheck,5813,fujian_2025_physics_undergrad_admission_images,ocr_needs_spotcheck
2270,北京科技大学（物化组2）,500,选考化学,622,012.jpg,visual_ocr_needs_spotcheck,6483,fujian_2025_physics_undergrad_admission_images,ocr_needs_spotcheck
2271,北京科技大学天津学院,999,不限选考科目,478,012.jpg,visual_ocr_needs_spotcheck,87828,fujian_2025_physics_undergrad_admission_images,ocr_needs_spotcheck
2272,北京理工大学,500,选考化学,659,012.jpg,visual_ocr_needs_spotcheck,1024,fujian_2025_physics_undergrad_admission_images,ocr_needs_spotcheck
2273,北京理工大学（物化组1）,500,选考化学,665,012.jpg,visual_ocr_needs_spotcheck,662,fujian_2025_physics_undergrad_admission_images,ocr_needs_spotcheck
2274,北京理工大学（中外合作）,500,选考化学,634,012.jpg,visual_ocr_needs_spotcheck,4065,fujian_2025_physics_undergrad_admission_images,ocr_needs_spotcheck
2274,北京理工大学（中外合作）,999,不限选考科目,625,012.jpg,visual_ocr_needs_spotcheck,5813,fujian_2025_physics_undergrad_admission_images,ocr_needs_spotcheck
2275,北京联合大学,500,选考化学,573,012.jpg,visual_ocr_needs_spotcheck,23443,fujian_2025_physics_undergrad_admission_images,ocr_needs_spotcheck
2275,北京联合大学,900,选考地理,562,012.jpg,visual_ocr_needs_spotcheck,28701,fujian_2025_physics_undergrad_admission_images,ocr_needs_spotcheck
2279,北京林业大学（物理组1）,500,选考化学,586,012.jpg,visual_ocr_needs_spotcheck,17831,fujian_2025_physics_undergrad_admission_images,ocr_needs_spotcheck
2279,北京林业大学（物理组1）,600,选考生物学,594,012.jpg,visual_ocr_needs_spotcheck,14801,fujian_2025_physics_undergrad_admission_images,ocr_needs_spotcheck
2279,北京林业大学（物理组1）,900,选考地理,593,012.jpg,visual_ocr_needs_spotcheck,15145,fujian_2025_physics_undergrad_admission_images,ocr_needs_spotcheck
2279,北京林业大学（物理组1）,999,不限选考科目,589,012.jpg,visual_ocr_needs_spotcheck,16625,fujian_2025_physics_undergrad_admission_images,ocr_needs_spotcheck
2280,北京林业大学（物理组2）,500,选考化学,609,012.jpg,visual_ocr_needs_spotcheck,9900,fujian_2025_physics_undergrad_admission_images,ocr_needs_spotcheck
2280,北京林业大学（物理组2）,999,不限选考科目,592,012.jpg,visual_ocr_needs_spotcheck,15507,fujian_2025_physics_undergrad_admission_images,ocr_needs_spotcheck
2281,北京林业大学（物理组3）,500,选考化学,589,012.jpg,visual_ocr_needs_spotcheck,16625,fujian_2025_physics_undergrad_admission_images,ocr_needs_spotcheck
2282,北京林业大学（中外合作）,500,选考化学,573,012.jpg,visual_ocr_needs_spotcheck,23443,fujian_2025_physics_undergrad_admission_images,ocr_needs_spotcheck
2283,北京师范大学,500,选考化学,633,012.jpg,visual_ocr_needs_spotcheck,4244,fujian_2025_physics_undergrad_admission_images,ocr_needs_spotcheck
2283,北京师范大学,700,选考思想政治,626,012.jpg,visual_ocr_needs_spotcheck,5610,fujian_2025_physics_undergrad_admission_images,ocr_needs_spotcheck
2283,北京师范大学,999,不限选考科目,630,012.jpg,visual_ocr_needs_spotcheck,4805,fujian_2025_physics_undergrad_admission_images,ocr_needs_spotcheck
2285,北京师范大学（珠海校区）,500,选考化学,630,012.jpg,visual_ocr_needs_spotcheck,4805,fujian_2025_physics_undergrad_admission_images,ocr_needs_spotcheck
2285,北京师范大学（珠海校区）,999,不限选考科目,632,012.jpg,visual_ocr_needs_spotcheck,4442,fujian_2025_physics_undergrad_admission_images,ocr_needs_spotcheck
2286,北京石油化工学院,500,选考化学,553,012.jpg,visual_ocr_needs_spotcheck,33405,fujian_2025_physics_undergrad_admission_images,ocr_needs_spotcheck
2287,北京体育大学,500,选考化学,593,012.jpg,visual_ocr_needs_spotcheck,15145,fujian_2025_physics_undergrad_admission_images,ocr_needs_spotcheck
2287,北京体育大学,999,不限选考科目,588,013.jpg,visual_ocr_needs_spotcheck,17024,fujian_2025_physics_undergrad_admission_images,ocr_needs_spotcheck
2288,北京体育大学（中外合作）,999,不限选考科目,541,013.jpg,visual_ocr_needs_spotcheck,40511,fujian_2025_physics_undergrad_admission_images,ocr_needs_spotcheck
2289,北京外国语大学,500,选考化学,619,013.jpg,visual_ocr_needs_spotcheck,7186,fujian_2025_physics_undergrad_admission_images,ocr_needs_spotcheck
2289,北京外国语大学,700,选考思想政治,609,013.jpg,visual_ocr_needs_spotcheck,9900,fujian_2025_physics_undergrad_admission_images,ocr_needs_spotcheck
2289,北京外国语大学,999,不限选考科目,613,013.jpg,visual_ocr_needs_spotcheck,8716,fujian_2025_physics_undergrad_admission_images,ocr_needs_spotcheck
2293,北京物资学院,500,选考化学,548,013.jpg,visual_ocr_needs_spotcheck,36213,fujian_2025_physics_undergrad_admission_images,ocr_needs_spotcheck
2294,北京协和医学院,500,选考化学,602,013.jpg,visual_ocr_needs_spotcheck,12115,fujian_2025_physics_undergrad_admission_images,ocr_needs_spotcheck
2295,北京信息科技大学,500,选考化学,594,013.jpg,visual_ocr_needs_spotcheck,14801,fujian_2025_physics_undergrad_admission_images,ocr_needs_spotcheck
2295,北京信息科技大学,999,不限选考科目,588,013.jpg,visual_ocr_needs_spotcheck,17024,fujian_2025_physics_undergrad_admission_images,ocr_needs_spotcheck
2296,北京信息科技大学（中外合作）,500,选考化学,565,013.jpg,visual_ocr_needs_spotcheck,27225,fujian_2025_physics_undergrad_admission_images,ocr_needs_spotcheck
2297,北京印刷学院,500,选考化学,532,013.jpg,visual_ocr_needs_spotcheck,46183,fujian_2025_physics_undergrad_admission_images,ocr_needs_spotcheck
2297,北京印刷学院,999,不限选考科目,545,013.jpg,visual_ocr_needs_spotcheck,37957,fujian_2025_physics_undergrad_admission_images,ocr_needs_spotcheck
2298,北京邮电大学,500,选考化学,641,013.jpg,visual_ocr_needs_spotcheck,2960,fujian_2025_physics_undergrad_admission_images,ocr_needs_spotcheck
2299,北京邮电大学（元班）,500,选考化学,655,013.jpg,visual_ocr_needs_spotcheck,1362,fujian_2025_physics_undergrad_admission_images,ocr_needs_spotcheck
2300,北京邮电大学（中外合作1）,500,选考化学,626,013.jpg,visual_ocr_needs_spotcheck,5610,fujian_2025_physics_undergrad_admission_images,ocr_needs_spotcheck
2301,北京邮电大学（中外合作2）,500,选考化学,603,013.jpg,visual_ocr_needs_spotcheck,11774,fujian_2025_physics_undergrad_admission_images,ocr_needs_spotcheck
2302,北京语言大学,500,选考化学,592,013.jpg,visual_ocr_needs_spotcheck,15507,fujian_2025_physics_undergrad_admission_images,ocr_needs_spotcheck
2302,北京语言大学,999,不限选考科目,577,013.jpg,visual_ocr_needs_spotcheck,21588,fujian_2025_physics_undergrad_admission_images,ocr_needs_spotcheck
2303,北京语言大学（中外合作）,999,不限选考科目,508,013.jpg,visual_ocr_needs_spotcheck,63376,fujian_2025_physics_undergrad_admission_images,ocr_needs_spotcheck
2304,北京中医药大学,500,选考化学,594,013.jpg,visual_ocr_needs_spotcheck,14801,fujian_2025_physics_undergrad_admission_images,ocr_needs_spotcheck
2304,北京中医药大学,999,不限选考科目,595,013.jpg,visual_ocr_needs_spotcheck,14450,fujian_2025_physics_undergrad_admission_images,ocr_needs_spotcheck
2305,北京中医药大学东方学院,500,选考化学,473,013.jpg,visual_ocr_needs_spotcheck,92111,fujian_2025_physics_undergrad_admission_images,ocr_needs_spotcheck
2305,北京中医药大学东方学院,600,选考生物学,487,013.jpg,visual_ocr_needs_spotcheck,80259,fujian_2025_physics_undergrad_admission_images,ocr_needs_spotcheck
2305,北京中医药大学东方学院,999,不限选考科目,484,013.jpg,visual_ocr_needs_spotcheck,82760,fujian_2025_physics_undergrad_admission_images,ocr_needs_spotcheck
2306,北师香港浸会大学,500,选考化学,563,013.jpg,visual_ocr_needs_spotcheck,28208,fujian_2025_physics_undergrad_admission_images,ocr_needs_spotcheck
2306,北师香港浸会大学,999,不限选考科目,555,013.jpg,visual_ocr_needs_spotcheck,32381,fujian_2025_physics_undergrad_admission_images,ocr_needs_spotcheck
2307,滨州医学院,500,选考化学,514,013.jpg,visual_ocr_needs_spotcheck,58785,fujian_2025_physics_undergrad_admission_images,ocr_needs_spotcheck
2308,渤海大学,999,不限选考科目,523,013.jpg,visual_ocr_needs_spotcheck,52278,fujian_2025_physics_undergrad_admission_images,ocr_needs_spotcheck
2310,渤海大学（物理组1）,500,选考化学,517,014.jpg,visual_ocr_needs_spotcheck,56618,fujian_2025_physics_undergrad_admission_images,ocr_needs_spotcheck
2311,沧州交通学院,500,选考化学,460,014.jpg,visual_ocr_needs_spotcheck,103242,fujian_2025_physics_undergrad_admission_images,ocr_needs_spotcheck
2311,沧州交通学院,999,不限选考科目,457,014.jpg,visual_ocr_needs_spotcheck,105800,fujian_2025_physics_undergrad_admission_images,ocr_needs_spotcheck
2312,沧州师范学院,500,选考化学,496,014.jpg,visual_ocr_needs_spotcheck,72818,fujian_2025_physics_undergrad_admission_images,ocr_needs_spotcheck
2312,沧州师范学院,999,不限选考科目,483,014.jpg,visual_ocr_needs_spotcheck,83635,fujian_2025_physics_undergrad_admission_images,ocr_needs_spotcheck
2313,长安大学,500,选考化学,593,014.jpg,visual_ocr_needs_spotcheck,15145,fujian_2025_physics_undergrad_admission_images,ocr_needs_spotcheck
2313,长安大学,999,不限选考科目,585,014.jpg,visual_ocr_needs_spotcheck,18234,fujian_2025_physics_undergrad_admission_images,ocr_needs_spotcheck
2314,长安大学（中爱合作）,500,选考化学,567,014.jpg,visual_ocr_needs_spotcheck,26218,fujian_2025_physics_undergrad_admission_images,ocr_needs_spotcheck
2315,长安大学（中法合作）,500,选考化学,580,014.jpg,visual_ocr_needs_spotcheck,20313,fujian_2025_physics_undergrad_admission_images,ocr_needs_spotcheck
2316,长春财经学院,999,不限选考科目,445,014.jpg,visual_ocr_needs_spotcheck,115833,fujian_2025_physics_undergrad_admission_images,ocr_needs_spotcheck
2317,长春大学,500,选考化学,518,014.jpg,visual_ocr_needs_spotcheck,55877,fujian_2025_physics_undergrad_admission_images,ocr_needs_spotcheck
2317,长春大学,999,不限选考科目,522,014.jpg,visual_ocr_needs_spotcheck,53007,fujian_2025_physics_undergrad_admission_images,ocr_needs_spotcheck
2318,长春大学（中俄）,999,不限选考科目,479,014.jpg,visual_ocr_needs_spotcheck,86939,fujian_2025_physics_undergrad_admission_images,ocr_needs_spotcheck
2319,长春大学（中外合作1）,500,选考化学,494,014.jpg,visual_ocr_needs_spotcheck,74485,fujian_2025_physics_undergrad_admission_images,ocr_needs_spotcheck
2320,长春大学（中外合作2）,500,选考化学,474,014.jpg,visual_ocr_needs_spotcheck,91278,fujian_2025_physics_undergrad_admission_images,ocr_needs_spotcheck
2321,长春大学旅游学院,500,选考化学,452,014.jpg,visual_ocr_needs_spotcheck,110007,fujian_2025_physics_undergrad_admission_images,ocr_needs_spotcheck
2321,长春大学旅游学院,999,不限选考科目,441,014.jpg,visual_ocr_needs_spotcheck,119155,fujian_2025_physics_undergrad_admission_images,ocr_needs_spotcheck
2322,长春电子科技学院,500,选考化学,445,014.jpg,visual_ocr_needs_spotcheck,115833,fujian_2025_physics_undergrad_admission_images,ocr_needs_spotcheck
2323,长春工程学院,500,选考化学,482,014.jpg,visual_ocr_needs_spotcheck,84464,fujian_2025_physics_undergrad_admission_images,ocr_needs_spotcheck
2323,长春工程学院,999,不限选考科目,479,014.jpg,visual_ocr_needs_spotcheck,86939,fujian_2025_physics_undergrad_admission_images,ocr_needs_spotcheck
2324,长春工程学院（中外合作）,500,选考化学,460,014.jpg,visual_ocr_needs_spotcheck,103242,fujian_2025_physics_undergrad_admission_images,ocr_needs_spotcheck
2325,长春工业大学,500,选考化学,509,014.jpg,visual_ocr_needs_spotcheck,62571,fujian_2025_physics_undergrad_admission_images,ocr_needs_spotcheck
2325,长春工业大学,999,不限选考科目,511,014.jpg,visual_ocr_needs_spotcheck,61013,fujian_2025_physics_undergrad_admission_images,ocr_needs_spotcheck
2326,长春工业大学（中外合作）,500,选考化学,533,014.jpg,visual_ocr_needs_spotcheck,45540,fujian_2025_physics_undergrad_admission_images,ocr_needs_spotcheck
2326,长春工业大学（中外合作）,999,不限选考科目,525,014.jpg,visual_ocr_needs_spotcheck,50881,fujian_2025_physics_undergrad_admission_images,ocr_needs_spotcheck
2327,长春工业大学人文信息学院,500,选考化学,446,014.jpg,visual_ocr_needs_spotcheck,115031,fujian_2025_physics_undergrad_admission_images,ocr_needs_spotcheck
2327,长春工业大学人文信息学院,999,不限选考科目,441,014.jpg,visual_ocr_needs_spotcheck,119155,fujian_2025_physics_undergrad_admission_images,ocr_needs_spotcheck
2328,长春光华学院,500,选考化学,448,014.jpg,visual_ocr_needs_spotcheck,113439,fujian_2025_physics_undergrad_admission_images,ocr_needs_spotcheck
2328,长春光华学院,999,不限选考科目,457,015.jpg,visual_ocr_needs_spotcheck,105800,fujian_2025_physics_undergrad_admission_images,ocr_needs_spotcheck
2329,长春建筑学院,500,选考化学,441,015.jpg,visual_ocr_needs_spotcheck,119155,fujian_2025_physics_undergrad_admission_images,ocr_needs_spotcheck
2329,长春建筑学院,999,不限选考科目,441,015.jpg,visual_ocr_needs_spotcheck,119155,fujian_2025_physics_undergrad_admission_images,ocr_needs_spotcheck
2330,长春科技学院,500,选考化学,453,015.jpg,visual_ocr_needs_spotcheck,109170,fujian_2025_physics_undergrad_admission_images,ocr_needs_spotcheck
2330,长春科技学院,999,不限选考科目,475,015.jpg,visual_ocr_needs_spotcheck,90360,fujian_2025_physics_undergrad_admission_images,ocr_needs_spotcheck
2331,长春理工大学,500,选考化学,547,015.jpg,visual_ocr_needs_spotcheck,36813,fujian_2025_physics_undergrad_admission_images,ocr_needs_spotcheck
2331,长春理工大学,999,不限选考科目,528,015.jpg,visual_ocr_needs_spotcheck,48837,fujian_2025_physics_undergrad_admission_images,ocr_needs_spotcheck
2332,长春理工大学（中外合作1）,500,选考化学,542,015.jpg,visual_ocr_needs_spotcheck,39897,fujian_2025_physics_undergrad_admission_images,ocr_needs_spotcheck
2333,长春理工大学（中外合作2）,500,选考化学,504,015.jpg,visual_ocr_needs_spotcheck,66452,fujian_2025_physics_undergrad_admission_images,ocr_needs_spotcheck
2334,长春汽车职业技术大学,999,不限选考科目,498,015.jpg,visual_ocr_needs_spotcheck,71202,fujian_2025_physics_undergrad_admission_images,ocr_needs_spotcheck
2335,长春人文学院,500,选考化学,469,015.jpg,visual_ocr_needs_spotcheck,95545,fujian_2025_physics_undergrad_admission_images,ocr_needs_spotcheck
2335,长春人文学院,999,不限选考科目,,015.jpg,visual_ocr_needs_spotcheck,,fujian_2025_physics_undergrad_admission_images,ocr_needs_spotcheck
2336,长春师范大学,500,选考化学,517,015.jpg,visual_ocr_needs_spotcheck,56618,fujian_2025_physics_undergrad_admission_images,ocr_needs_spotcheck
2336,长春师范大学,900,选考地理,521,015.jpg,visual_ocr_needs_spotcheck,53711,fujian_2025_physics_undergrad_admission_images,ocr_needs_spotcheck
2336,长春师范大学,999,不限选考科目,494,015.jpg,visual_ocr_needs_spotcheck,74485,fujian_2025_physics_undergrad_admission_images,ocr_needs_spotcheck
2337,长春中医药大学,500,选考化学,553,015.jpg,visual_ocr_needs_spotcheck,33405,fujian_2025_physics_undergrad_admission_images,ocr_needs_spotcheck
2337,长春中医药大学,999,不限选考科目,542,015.jpg,visual_ocr_needs_spotcheck,39897,fujian_2025_physics_undergrad_admission_images,ocr_needs_spotcheck
2338,常德学院,500,选考化学,454,015.jpg,visual_ocr_needs_spotcheck,108322,fujian_2025_physics_undergrad_admission_images,ocr_needs_spotcheck
2339,昌吉学院,500,选考化学,482,015.jpg,visual_ocr_needs_spotcheck,84464,fujian_2025_physics_undergrad_admission_images,ocr_needs_spotcheck
2340,长江大学,500,选考化学,540,015.jpg,visual_ocr_needs_spotcheck,41148,fujian_2025_physics_undergrad_admission_images,ocr_needs_spotcheck
2341,长江大学（中外合作）,500,选考化学,498,015.jpg,visual_ocr_needs_spotcheck,71202,fujian_2025_physics_undergrad_admission_images,ocr_needs_spotcheck
2342,长江大学文理学院,500,选考化学,484,015.jpg,visual_ocr_needs_spotcheck,82760,fujian_2025_physics_undergrad_admission_images,ocr_needs_spotcheck
2342,长江大学文理学院,999,不限选考科目,483,015.jpg,visual_ocr_needs_spotcheck,83635,fujian_2025_physics_undergrad_admission_images,ocr_needs_spotcheck
2343,长江师范学院,500,选考化学,501,015.jpg,visual_ocr_needs_spotcheck,68791,fujian_2025_physics_undergrad_admission_images,ocr_needs_spotcheck
2343,长江师范学院,999,不限选考科目,505,015.jpg,visual_ocr_needs_spotcheck,65653,fujian_2025_physics_undergrad_admission_images,ocr_needs_spotcheck
2344,长沙工业学院,500,选考化学,516,015.jpg,visual_ocr_needs_spotcheck,57329,fujian_2025_physics_undergrad_admission_images,ocr_needs_spotcheck
2345,长沙理工大学,500,选考化学,559,015.jpg,visual_ocr_needs_spotcheck,30293,fujian_2025_physics_undergrad_admission_images,ocr_needs_spotcheck
2345,长沙理工大学,999,不限选考科目,557,015.jpg,visual_ocr_needs_spotcheck,31329,fujian_2025_physics_undergrad_admission_images,ocr_needs_spotcheck
2346,长沙师范学院,500,选考化学,517,016.jpg,visual_ocr_needs_spotcheck,56618,fujian_2025_physics_undergrad_admission_images,ocr_needs_spotcheck
2346,长沙师范学院,999,不限选考科目,510,016.jpg,visual_ocr_needs_spotcheck,61799,fujian_2025_physics_undergrad_admission_images,ocr_needs_spotcheck
2347,长沙学院,500,选考化学,527,016.jpg,visual_ocr_needs_spotcheck,49465,fujian_2025_physics_undergrad_admission_images,ocr_needs_spotcheck
2348,长沙医学院,500,选考化学,477,016.jpg,visual_ocr_needs_spotcheck,88668,fujian_2025_physics_undergrad_admission_images,ocr_needs_spotcheck
2348,长沙医学院,999,不限选考科目,488,016.jpg,visual_ocr_needs_spotcheck,79451,fujian_2025_physics_undergrad_admission_images,ocr_needs_spotcheck
2349,长治学院,500,选考化学,488,016.jpg,visual_ocr_needs_spotcheck,79451,fujian_2025_physics_undergrad_admission_images,ocr_needs_spotcheck
2349,长治学院,999,不限选考科目,490,016.jpg,visual_ocr_needs_spotcheck,77780,fujian_2025_physics_undergrad_admission_images,ocr_needs_spotcheck
2350,长治医学院,500,选考化学,517,016.jpg,visual_ocr_needs_spotcheck,56618,fujian_2025_physics_undergrad_admission_images,ocr_needs_spotcheck
2350,长治医学院,600,选考生物学,500,016.jpg,visual_ocr_needs_spotcheck,69546,fujian_2025_physics_undergrad_admission_images,ocr_needs_spotcheck
2350,长治医学院,999,不限选考科目,498,016.jpg,visual_ocr_needs_spotcheck,71202,fujian_2025_physics_undergrad_admission_images,ocr_needs_spotcheck
2351,常州大学,500,选考化学,549,016.jpg,visual_ocr_needs_spotcheck,35614,fujian_2025_physics_undergrad_admission_images,ocr_needs_spotcheck
2351,常州大学,999,不限选考科目,545,016.jpg,visual_ocr_needs_spotcheck,37957,fujian_2025_physics_undergrad_admission_images,ocr_needs_spotcheck
2352,常州大学怀德学院,500,选考化学,470,016.jpg,visual_ocr_needs_spotcheck,94712,fujian_2025_physics_undergrad_admission_images,ocr_needs_spotcheck
2353,常州工学院,500,选考化学,522,016.jpg,visual_ocr_needs_spotcheck,53007,fujian_2025_physics_undergrad_admission_images,ocr_needs_spotcheck
2353,常州工学院,999,不限选考科目,514,016.jpg,visual_ocr_needs_spotcheck,58785,fujian_2025_physics_undergrad_admission_images,ocr_needs_spotcheck
2354,承德医学院,500,选考化学,547,016.jpg,visual_ocr_needs_spotcheck,36813,fujian_2025_physics_undergrad_admission_images,ocr_needs_spotcheck
2354,承德医学院,600,选考生物学,503,016.jpg,visual_ocr_needs_spotcheck,67246,fujian_2025_physics_undergrad_admission_images,ocr_needs_spotcheck
2355,成都大学,500,选考化学,560,016.jpg,visual_ocr_needs_spotcheck,29717,fujian_2025_physics_undergrad_admission_images,ocr_needs_spotcheck
2355,成都大学,700,选考思想政治,573,016.jpg,visual_ocr_needs_spotcheck,23443,fujian_2025_physics_undergrad_admission_images,ocr_needs_spotcheck
2355,成都大学,999,不限选考科目,552,016.jpg,visual_ocr_needs_spotcheck,33956,fujian_2025_physics_undergrad_admission_images,ocr_needs_spotcheck
2356,成都大学（中外合作1）,500,选考化学,542,016.jpg,visual_ocr_needs_spotcheck,39897,fujian_2025_physics_undergrad_admission_images,ocr_needs_spotcheck
2356,成都大学（中外合作1）,999,不限选考科目,531,016.jpg,visual_ocr_needs_spotcheck,46854,fujian_2025_physics_undergrad_admission_images,ocr_needs_spotcheck
2357,成都大学（中外合作2）,500,选考化学,553,016.jpg,visual_ocr_needs_spotcheck,33405,fujian_2025_physics_undergrad_admission_images,ocr_needs_spotcheck
2358,成都东软学院,500,选考化学,473,016.jpg,visual_ocr_needs_spotcheck,92111,fujian_2025_physics_undergrad_admission_images,ocr_needs_spotcheck
2358,成都东软学院,999,不限选考科目,472,016.jpg,visual_ocr_needs_spotcheck,92964,fujian_2025_physics_undergrad_admission_images,ocr_needs_spotcheck
2359,成都工业学院,500,选考化学,536,016.jpg,visual_ocr_needs_spotcheck,43666,fujian_2025_physics_undergrad_admission_images,ocr_needs_spotcheck
2360,成都锦城学院,500,选考化学,482,016.jpg,visual_ocr_needs_spotcheck,84464,fujian_2025_physics_undergrad_admission_images,ocr_needs_spotcheck
2360,成都锦城学院,999,不限选考科目,476,016.jpg,visual_ocr_needs_spotcheck,89467,fujian_2025_physics_undergrad_admission_images,ocr_needs_spotcheck
2361,成都理工大学,500,选考化学,569,017.jpg,visual_ocr_needs_spotcheck,25291,fujian_2025_physics_undergrad_admission_images,ocr_needs_spotcheck
2361,成都理工大学,999,不限选考科目,560,017.jpg,visual_ocr_needs_spotcheck,29717,fujian_2025_physics_undergrad_admission_images,ocr_needs_spotcheck
2362,成都理工大学工程技术学院,500,选考化学,480,017.jpg,visual_ocr_needs_spotcheck,86154,fujian_2025_physics_undergrad_admission_images,ocr_needs_spotcheck
2363,成都师范学院,500,选考化学,511,017.jpg,visual_ocr_needs_spotcheck,61013,fujian_2025_physics_undergrad_admission_images,ocr_needs_spotcheck
2363,成都师范学院,999,不限选考科目,518,017.jpg,visual_ocr_needs_spotcheck,55877,fujian_2025_physics_undergrad_admission_images,ocr_needs_spotcheck
2364,成都体育学院,500,选考化学,509,017.jpg,visual_ocr_needs_spotcheck,62571,fujian_2025_physics_undergrad_admission_images,ocr_needs_spotcheck
2364,成都体育学院,999,不限选考科目,509,017.jpg,visual_ocr_needs_spotcheck,62571,fujian_2025_physics_undergrad_admission_images,ocr_needs_spotcheck
2365,成都外国语学院,999,不限选考科目,462,017.jpg,visual_ocr_needs_spotcheck,101574,fujian_2025_physics_undergrad_admission_images,ocr_needs_spotcheck
2366,成都文理学院,500,选考化学,469,017.jpg,visual_ocr_needs_spotcheck,95545,fujian_2025_physics_undergrad_admission_images,ocr_needs_spotcheck
2366,成都文理学院,999,不限选考科目,467,017.jpg,visual_ocr_needs_spotcheck,97377,fujian_2025_physics_undergrad_admission_images,ocr_needs_spotcheck
2367,成都信息工程大学,500,选考化学,585,017.jpg,visual_ocr_needs_spotcheck,18234,fujian_2025_physics_undergrad_admission_images,ocr_needs_spotcheck
2367,成都信息工程大学,999,不限选考科目,456,017.jpg,visual_ocr_needs_spotcheck,106608,fujian_2025_physics_undergrad_admission_images,ocr_needs_spotcheck
2370,成都医学院,500,选考化学,515,017.jpg,visual_ocr_needs_spotcheck,58055,fujian_2025_physics_undergrad_admission_images,ocr_needs_spotcheck
2370,成都医学院,516,选考化学且生物学,524,017.jpg,visual_ocr_needs_spotcheck,51599,fujian_2025_physics_undergrad_admission_images,ocr_needs_spotcheck
2371,成都银杏酒店管理学院,600,选考生物学,457,017.jpg,visual_ocr_needs_spotcheck,105800,fujian_2025_physics_undergrad_admission_images,ocr_needs_spotcheck
2371,成都银杏酒店管理学院,999,不限选考科目,459,017.jpg,visual_ocr_needs_spotcheck,104060,fujian_2025_physics_undergrad_admission_images,ocr_needs_spotcheck
2372,成都中医药大学,500,选考化学,544,017.jpg,visual_ocr_needs_spotcheck,38598,fujian_2025_physics_undergrad_admission_images,ocr_needs_spotcheck
2372,成都中医药大学,999,不限选考科目,587,017.jpg,visual_ocr_needs_spotcheck,17424,fujian_2025_physics_undergrad_admission_images,ocr_needs_spotcheck
2373,成都中医药大学（中高计划）,500,选考化学,539,017.jpg,visual_ocr_needs_spotcheck,41729,fujian_2025_physics_undergrad_admission_images,ocr_needs_spotcheck
2374,成都中医药大学（中外合作）,500,选考化学,520,017.jpg,visual_ocr_needs_spotcheck,54409,fujian_2025_physics_undergrad_admission_images,ocr_needs_spotcheck
2375,池州学院,500,选考化学,504,017.jpg,visual_ocr_needs_spotcheck,66452,fujian_2025_physics_undergrad_admission_images,ocr_needs_spotcheck
2376,重庆财经学院,500,选考化学,484,017.jpg,visual_ocr_needs_spotcheck,82760,fujian_2025_physics_undergrad_admission_images,ocr_needs_spotcheck
2376,重庆财经学院,999,不限选考科目,504,017.jpg,visual_ocr_needs_spotcheck,66452,fujian_2025_physics_undergrad_admission_images,ocr_needs_spotcheck
2378,重庆大学,500,选考化学,628,017.jpg,visual_ocr_needs_spotcheck,5221,fujian_2025_physics_undergrad_admission_images,ocr_needs_spotcheck
2379,重庆大学（边防子女预科班）,500,选考化学,574,017.jpg,visual_ocr_needs_spotcheck,22981,fujian_2025_physics_undergrad_admission_images,ocr_needs_spotcheck
2381,重庆大学（中外合作）,500,选考化学,618,017.jpg,visual_ocr_needs_spotcheck,7421,fujian_2025_physics_undergrad_admission_images,ocr_needs_spotcheck
2382,重庆第二师范学院,500,选考化学,519,017.jpg,visual_ocr_needs_spotcheck,55133,fujian_2025_physics_undergrad_admission_images,ocr_needs_spotcheck
2382,重庆第二师范学院,999,不限选考科目,502,017.jpg,visual_ocr_needs_spotcheck,67989,fujian_2025_physics_undergrad_admission_images,ocr_needs_spotcheck
2383,重庆对外经贸学院,500,选考化学,474,018.jpg,visual_ocr_needs_spotcheck,91278,fujian_2025_physics_undergrad_admission_images,ocr_needs_spotcheck
2383,重庆对外经贸学院,900,选考地理,472,018.jpg,visual_ocr_needs_spotcheck,92964,fujian_2025_physics_undergrad_admission_images,ocr_needs_spotcheck
2383,重庆对外经贸学院,999,不限选考科目,470,018.jpg,visual_ocr_needs_spotcheck,94712,fujian_2025_physics_undergrad_admission_images,ocr_needs_spotcheck
2384,重庆工程学院,500,选考化学,489,018.jpg,visual_ocr_needs_spotcheck,78616,fujian_2025_physics_undergrad_admission_images,ocr_needs_spotcheck
2384,重庆工程学院,999,不限选考科目,490,018.jpg,visual_ocr_needs_spotcheck,77780,fujian_2025_physics_undergrad_admission_images,ocr_needs_spotcheck
2385,重庆工商大学,500,选考化学,543,018.jpg,visual_ocr_needs_spotcheck,39235,fujian_2025_physics_undergrad_admission_images,ocr_needs_spotcheck
2385,重庆工商大学,600,选考生物学,522,018.jpg,visual_ocr_needs_spotcheck,53007,fujian_2025_physics_undergrad_admission_images,ocr_needs_spotcheck
2385,重庆工商大学,999,不限选考科目,532,018.jpg,visual_ocr_needs_spotcheck,46183,fujian_2025_physics_undergrad_admission_images,ocr_needs_spotcheck
2386,重庆工商大学（中外）,999,不限选考科目,529,018.jpg,visual_ocr_needs_spotcheck,48168,fujian_2025_physics_undergrad_admission_images,ocr_needs_spotcheck
2387,重庆机电职业技术大学,999,不限选考科目,479,018.jpg,visual_ocr_needs_spotcheck,86939,fujian_2025_physics_undergrad_admission_images,ocr_needs_spotcheck
2388,重庆交通大学,500,选考化学,561,018.jpg,visual_ocr_needs_spotcheck,29212,fujian_2025_physics_undergrad_admission_images,ocr_needs_spotcheck
2388,重庆交通大学,999,不限选考科目,518,018.jpg,visual_ocr_needs_spotcheck,55877,fujian_2025_physics_undergrad_admission_images,ocr_needs_spotcheck
2389,重庆科技大学,500,选考化学,536,018.jpg,visual_ocr_needs_spotcheck,43666,fujian_2025_physics_undergrad_admission_images,ocr_needs_spotcheck
2389,重庆科技大学,999,不限选考科目,525,018.jpg,visual_ocr_needs_spotcheck,50881,fujian_2025_physics_undergrad_admission_images,ocr_needs_spotcheck
2390,重庆理工大学,500,选考化学,562,018.jpg,visual_ocr_needs_spotcheck,28701,fujian_2025_physics_undergrad_admission_images,ocr_needs_spotcheck
2390,重庆理工大学,999,不限选考科目,554,018.jpg,visual_ocr_needs_spotcheck,32905,fujian_2025_physics_undergrad_admission_images,ocr_needs_spotcheck
2391,重庆人文科技学院,500,选考化学,483,018.jpg,visual_ocr_needs_spotcheck,83635,fujian_2025_physics_undergrad_admission_images,ocr_needs_spotcheck
2391,重庆人文科技学院,999,不限选考科目,474,018.jpg,visual_ocr_needs_spotcheck,91278,fujian_2025_physics_undergrad_admission_images,ocr_needs_spotcheck
2392,重庆三峡学院,500,选考化学,514,018.jpg,visual_ocr_needs_spotcheck,58785,fujian_2025_physics_undergrad_admission_images,ocr_needs_spotcheck
2392,重庆三峡学院,999,不限选考科目,512,018.jpg,visual_ocr_needs_spotcheck,60283,fujian_2025_physics_undergrad_admission_images,ocr_needs_spotcheck
2393,重庆师范大学,500,选考化学,537,018.jpg,visual_ocr_needs_spotcheck,43014,fujian_2025_physics_undergrad_admission_images,ocr_needs_spotcheck
2393,重庆师范大学,700,选考思想政治,570,018.jpg,visual_ocr_needs_spotcheck,24825,fujian_2025_physics_undergrad_admission_images,ocr_needs_spotcheck
2393,重庆师范大学,900,选考地理,563,018.jpg,visual_ocr_needs_spotcheck,28208,fujian_2025_physics_undergrad_admission_images,ocr_needs_spotcheck
2393,重庆师范大学,999,不限选考科目,539,018.jpg,visual_ocr_needs_spotcheck,41729,fujian_2025_physics_undergrad_admission_images,ocr_needs_spotcheck
2394,重庆外语外事学院,999,不限选考科目,467,018.jpg,visual_ocr_needs_spotcheck,97377,fujian_2025_physics_undergrad_admission_images,ocr_needs_spotcheck
2395,重庆文理学院,500,选考化学,513,018.jpg,visual_ocr_needs_spotcheck,59514,fujian_2025_physics_undergrad_admission_images,ocr_needs_spotcheck
2395,重庆文理学院,600,选考生物学,507,018.jpg,visual_ocr_needs_spotcheck,64125,fujian_2025_physics_undergrad_admission_images,ocr_needs_spotcheck
2395,重庆文理学院,999,不限选考科目,505,018.jpg,visual_ocr_needs_spotcheck,65653,fujian_2025_physics_undergrad_admission_images,ocr_needs_spotcheck
2396,重庆文理学院（中外合作1）,500,选考化学,480,019.jpg,visual_ocr_needs_spotcheck,86154,fujian_2025_physics_undergrad_admission_images,ocr_needs_spotcheck
2397,重庆文理学院（中外合作2）,500,选考化学,478,019.jpg,visual_ocr_needs_spotcheck,87828,fujian_2025_physics_undergrad_admission_images,ocr_needs_spotcheck
2398,重庆医科大学,500,选考化学,562,019.jpg,visual_ocr_needs_spotcheck,28701,fujian_2025_physics_undergrad_admission_images,ocr_needs_spotcheck
2399,重庆医科大学（中外合作）,500,选考化学,566,019.jpg,visual_ocr_needs_spotcheck,26736,fujian_2025_physics_undergrad_admission_images,ocr_needs_spotcheck
2400,重庆移通学院,500,选考化学,476,019.jpg,visual_ocr_needs_spotcheck,89467,fujian_2025_physics_undergrad_admission_images,ocr_needs_spotcheck
2400,重庆移通学院,999,不限选考科目,476,019.jpg,visual_ocr_needs_spotcheck,89467,fujian_2025_physics_undergrad_admission_images,ocr_needs_spotcheck
2401,重庆邮电大学,500,选考化学,586,019.jpg,visual_ocr_needs_spotcheck,17831,fujian_2025_physics_undergrad_admission_images,ocr_needs_spotcheck
2402,重庆邮电大学（中外合作）,500,选考化学,574,019.jpg,visual_ocr_needs_spotcheck,22981,fujian_2025_physics_undergrad_admission_images,ocr_needs_spotcheck
2403,重庆中医药学院,999,不限选考科目,543,019.jpg,visual_ocr_needs_spotcheck,39235,fujian_2025_physics_undergrad_admission_images,ocr_needs_spotcheck
2404,楚雄师范学院,500,选考化学,487,019.jpg,visual_ocr_needs_spotcheck,80259,fujian_2025_physics_undergrad_admission_images,ocr_needs_spotcheck
2404,楚雄师范学院,900,选考地理,497,019.jpg,visual_ocr_needs_spotcheck,72041,fujian_2025_physics_undergrad_admission_images,ocr_needs_spotcheck
2404,楚雄师范学院,999,不限选考科目,489,019.jpg,visual_ocr_needs_spotcheck,78616,fujian_2025_physics_undergrad_admission_images,ocr_needs_spotcheck
2405,川北医学院,500,选考化学,551,019.jpg,visual_ocr_needs_spotcheck,34510,fujian_2025_physics_undergrad_admission_images,ocr_needs_spotcheck
2405,川北医学院,600,选考生物学,532,019.jpg,visual_ocr_needs_spotcheck,46183,fujian_2025_physics_undergrad_admission_images,ocr_needs_spotcheck
2405,川北医学院,999,不限选考科目,491,019.jpg,visual_ocr_needs_spotcheck,76979,fujian_2025_physics_undergrad_admission_images,ocr_needs_spotcheck
2406,大理大学,500,选考化学,520,019.jpg,visual_ocr_needs_spotcheck,54409,fujian_2025_physics_undergrad_admission_images,ocr_needs_spotcheck
2406,大理大学,600,选考生物学,511,019.jpg,visual_ocr_needs_spotcheck,61013,fujian_2025_physics_undergrad_admission_images,ocr_needs_spotcheck
2406,大理大学,999,不限选考科目,515,019.jpg,visual_ocr_needs_spotcheck,58055,fujian_2025_physics_undergrad_admission_images,ocr_needs_spotcheck
2407,大连财经学院,999,不限选考科目,456,019.jpg,visual_ocr_needs_spotcheck,106608,fujian_2025_physics_undergrad_admission_images,ocr_needs_spotcheck
2408,大连大学,500,选考化学,510,019.jpg,visual_ocr_needs_spotcheck,61799,fujian_2025_physics_undergrad_admission_images,ocr_needs_spotcheck
2408,大连大学,999,不限选考科目,511,019.jpg,visual_ocr_needs_spotcheck,61013,fujian_2025_physics_undergrad_admission_images,ocr_needs_spotcheck
2409,大连东软信息学院,500,选考化学,463,019.jpg,visual_ocr_needs_spotcheck,100752,fujian_2025_physics_undergrad_admission_images,ocr_needs_spotcheck
2409,大连东软信息学院,999,不限选考科目,442,019.jpg,visual_ocr_needs_spotcheck,118298,fujian_2025_physics_undergrad_admission_images,ocr_needs_spotcheck
2410,大连工业大学,500,选考化学,525,019.jpg,visual_ocr_needs_spotcheck,50881,fujian_2025_physics_undergrad_admission_images,ocr_needs_spotcheck
2410,大连工业大学,999,不限选考科目,501,019.jpg,visual_ocr_needs_spotcheck,68791,fujian_2025_physics_undergrad_admission_images,ocr_needs_spotcheck
2411,大连工业大学（中外合作）,500,选考化学,527,019.jpg,visual_ocr_needs_spotcheck,49465,fujian_2025_physics_undergrad_admission_images,ocr_needs_spotcheck
2412,大连海事大学,500,选考化学,597,019.jpg,visual_ocr_needs_spotcheck,13740,fujian_2025_physics_undergrad_admission_images,ocr_needs_spotcheck
2412,大连海事大学,999,不限选考科目,596,019.jpg,visual_ocr_needs_spotcheck,14083,fujian_2025_physics_undergrad_admission_images,ocr_needs_spotcheck
2413,大连海事大学（中外合作）,500,选考化学,567,020.jpg,visual_ocr_needs_spotcheck,26218,fujian_2025_physics_undergrad_admission_images,ocr_needs_spotcheck
2413,大连海事大学（中外合作）,999,不限选考科目,586,020.jpg,visual_ocr_needs_spotcheck,17831,fujian_2025_physics_undergrad_admission_images,ocr_needs_spotcheck
2414,大连海洋大学,500,选考化学,503,020.jpg,visual_ocr_needs_spotcheck,67246,fujian_2025_physics_undergrad_admission_images,ocr_needs_spotcheck
2415,大连海洋大学（物化组1）,500,选考化学,510,020.jpg,visual_ocr_needs_spotcheck,61799,fujian_2025_physics_undergrad_admission_images,ocr_needs_spotcheck
2416,大连交通大学,500,选考化学,533,020.jpg,visual_ocr_needs_spotcheck,45540,fujian_2025_physics_undergrad_admission_images,ocr_needs_spotcheck
2416,大连交通大学,999,不限选考科目,546,020.jpg,visual_ocr_needs_spotcheck,37396,fujian_2025_physics_undergrad_admission_images,ocr_needs_spotcheck
2417,大连交通大学（高收费）,500,选考化学,538,020.jpg,visual_ocr_needs_spotcheck,42366,fujian_2025_physics_undergrad_admission_images,ocr_needs_spotcheck
2418,大连交通大学（中外合作）,500,选考化学,524,020.jpg,visual_ocr_needs_spotcheck,51599,fujian_2025_physics_undergrad_admission_images,ocr_needs_spotcheck
2418,大连交通大学（中外合作）,999,不限选考科目,520,020.jpg,visual_ocr_needs_spotcheck,54409,fujian_2025_physics_undergrad_admission_images,ocr_needs_spotcheck
2419,大连理工大学,500,选考化学,642,020.jpg,visual_ocr_needs_spotcheck,2817,fujian_2025_physics_undergrad_admission_images,ocr_needs_spotcheck
2420,大连理工大学（中外合作1）,500,选考化学,615,020.jpg,visual_ocr_needs_spotcheck,8194,fujian_2025_physics_undergrad_admission_images,ocr_needs_spotcheck
2421,大连理工大学（中外合作2）,500,选考化学,623,020.jpg,visual_ocr_needs_spotcheck,6240,fujian_2025_physics_undergrad_admission_images,ocr_needs_spotcheck
2422,大连理工大学（中外合作3）,500,选考化学,613,020.jpg,visual_ocr_needs_spotcheck,8716,fujian_2025_physics_undergrad_admission_images,ocr_needs_spotcheck
2423,大连理工大学（盘锦校区）,500,选考化学,620,020.jpg,visual_ocr_needs_spotcheck,6942,fujian_2025_physics_undergrad_admission_images,ocr_needs_spotcheck
2423,大连理工大学（盘锦校区）,999,不限选考科目,612,020.jpg,visual_ocr_needs_spotcheck,9021,fujian_2025_physics_undergrad_admission_images,ocr_needs_spotcheck
2424,大连理工大学（盘锦校区）（中外合作）,500,选考化学,588,020.jpg,visual_ocr_needs_spotcheck,17024,fujian_2025_physics_undergrad_admission_images,ocr_needs_spotcheck
2425,大连理工大学城市学院,500,选考化学,469,020.jpg,visual_ocr_needs_spotcheck,95545,fujian_2025_physics_undergrad_admission_images,ocr_needs_spotcheck
2425,大连理工大学城市学院,999,不限选考科目,461,020.jpg,visual_ocr_needs_spotcheck,102421,fujian_2025_physics_undergrad_admission_images,ocr_needs_spotcheck
2426,大连民族大学,500,选考化学,532,020.jpg,visual_ocr_needs_spotcheck,46183,fujian_2025_physics_undergrad_admission_images,ocr_needs_spotcheck
2426,大连民族大学,999,不限选考科目,521,020.jpg,visual_ocr_needs_spotcheck,53711,fujian_2025_physics_undergrad_admission_images,ocr_needs_spotcheck
2427,大连外国语大学,999,不限选考科目,531,020.jpg,visual_ocr_needs_spotcheck,46854,fujian_2025_physics_undergrad_admission_images,ocr_needs_spotcheck
2428,大连外国语大学（英语）,999,不限选考科目,551,020.jpg,visual_ocr_needs_spotcheck,34510,fujian_2025_physics_undergrad_admission_images,ocr_needs_spotcheck
2429,大连医科大学,500,选考化学,538,020.jpg,visual_ocr_needs_spotcheck,42366,fujian_2025_physics_undergrad_admission_images,ocr_needs_spotcheck
2430,大连医科大学（临床医学5+3一体化）,500,选考化学,619,020.jpg,visual_ocr_needs_spotcheck,7186,fujian_2025_physics_undergrad_admission_images,ocr_needs_spotcheck
2431,大连医科大学中山学院,500,选考化学,471,020.jpg,visual_ocr_needs_spotcheck,93819,fujian_2025_physics_undergrad_admission_images,ocr_needs_spotcheck
2431,大连医科大学中山学院,999,不限选考科目,455,020.jpg,visual_ocr_needs_spotcheck,107492,fujian_2025_physics_undergrad_admission_images,ocr_needs_spotcheck
2433,德州学院,500,选考化学,494,020.jpg,visual_ocr_needs_spotcheck,74485,fujian_2025_physics_undergrad_admission_images,ocr_needs_spotcheck
2434,滇池学院,500,选考化学,460,020.jpg,visual_ocr_needs_spotcheck,103242,fujian_2025_physics_undergrad_admission_images,ocr_needs_spotcheck
2434,滇池学院,999,不限选考科目,452,021.jpg,visual_ocr_needs_spotcheck,110007,fujian_2025_physics_undergrad_admission_images,ocr_needs_spotcheck
2435,滇西应用技术大学,500,选考化学,490,021.jpg,visual_ocr_needs_spotcheck,77780,fujian_2025_physics_undergrad_admission_images,ocr_needs_spotcheck
2436,电子科技大学,500,选考化学,651,021.jpg,visual_ocr_needs_spotcheck,1719,fujian_2025_physics_undergrad_admission_images,ocr_needs_spotcheck
2437,电子科技大学（沙河校区）,500,选考化学,647,021.jpg,visual_ocr_needs_spotcheck,2159,fujian_2025_physics_undergrad_admission_images,ocr_needs_spotcheck
2438,电子科技大学（沙河校区）（临床医学）,500,选考化学,620,021.jpg,visual_ocr_needs_spotcheck,6942,fujian_2025_physics_undergrad_admission_images,ocr_needs_spotcheck
2439,电子科技大学成都学院,500,选考化学,494,021.jpg,visual_ocr_needs_spotcheck,74485,fujian_2025_physics_undergrad_admission_images,ocr_needs_spotcheck
2440,电子科技大学中山学院,500,选考化学,480,021.jpg,visual_ocr_needs_spotcheck,86154,fujian_2025_physics_undergrad_admission_images,ocr_needs_spotcheck
2440,电子科技大学中山学院,999,不限选考科目,465,021.jpg,visual_ocr_needs_spotcheck,99057,fujian_2025_physics_undergrad_admission_images,ocr_needs_spotcheck
2441,东北财经大学,999,不限选考科目,566,021.jpg,visual_ocr_needs_spotcheck,26736,fujian_2025_physics_undergrad_admission_images,ocr_needs_spotcheck
2442,东北财经大学（中外合作1）,999,不限选考科目,575,021.jpg,visual_ocr_needs_spotcheck,22544,fujian_2025_physics_undergrad_admission_images,ocr_needs_spotcheck
2443,东北财经大学（中外合作2）,999,不限选考科目,572,021.jpg,visual_ocr_needs_spotcheck,23889,fujian_2025_physics_undergrad_admission_images,ocr_needs_spotcheck
2444,东北大学,500,选考化学,621,021.jpg,visual_ocr_needs_spotcheck,6705,fujian_2025_physics_undergrad_admission_images,ocr_needs_spotcheck
2444,东北大学,999,不限选考科目,614,021.jpg,visual_ocr_needs_spotcheck,8461,fujian_2025_physics_undergrad_admission_images,ocr_needs_spotcheck
2445,东北大学秦皇岛分校,500,选考化学,620,021.jpg,visual_ocr_needs_spotcheck,6942,fujian_2025_physics_undergrad_admission_images,ocr_needs_spotcheck
2445,东北大学秦皇岛分校,999,不限选考科目,600,021.jpg,visual_ocr_needs_spotcheck,12735,fujian_2025_physics_undergrad_admission_images,ocr_needs_spotcheck
2446,东北大学秦皇岛分校（中外合作）,500,选考化学,599,021.jpg,visual_ocr_needs_spotcheck,13078,fujian_2025_physics_undergrad_admission_images,ocr_needs_spotcheck
2447,东北电力大学,500,选考化学,568,021.jpg,visual_ocr_needs_spotcheck,25776,fujian_2025_physics_undergrad_admission_images,ocr_needs_spotcheck
2448,东北电力大学（国创）,500,选考化学,573,021.jpg,visual_ocr_needs_spotcheck,23443,fujian_2025_physics_undergrad_admission_images,ocr_needs_spotcheck
2448,东北电力大学（国创）,999,不限选考科目,523,021.jpg,visual_ocr_needs_spotcheck,52278,fujian_2025_physics_undergrad_admission_images,ocr_needs_spotcheck
2449,东北电力大学（中美合作）,500,选考化学,512,021.jpg,visual_ocr_needs_spotcheck,60283,fujian_2025_physics_undergrad_admission_images,ocr_needs_spotcheck
2450,东北电力大学（中英合作）,500,选考化学,593,021.jpg,visual_ocr_needs_spotcheck,15145,fujian_2025_physics_undergrad_admission_images,ocr_needs_spotcheck
2451,东北林业大学,500,选考化学,572,021.jpg,visual_ocr_needs_spotcheck,23889,fujian_2025_physics_undergrad_admission_images,ocr_needs_spotcheck
2451,东北林业大学,999,不限选考科目,567,021.jpg,visual_ocr_needs_spotcheck,26218,fujian_2025_physics_undergrad_admission_images,ocr_needs_spotcheck
2452,东北林业大学（中外合作）,500,选考化学,549,021.jpg,visual_ocr_needs_spotcheck,35614,fujian_2025_physics_undergrad_admission_images,ocr_needs_spotcheck
2453,东北农业大学,500,选考化学,566,021.jpg,visual_ocr_needs_spotcheck,26736,fujian_2025_physics_undergrad_admission_images,ocr_needs_spotcheck
2454,东北农业大学（中美合作）,500,选考化学,545,021.jpg,visual_ocr_needs_spotcheck,37957,fujian_2025_physics_undergrad_admission_images,ocr_needs_spotcheck
2455,东北师范大学,500,选考化学,600,021.jpg,visual_ocr_needs_spotcheck,12735,fujian_2025_physics_undergrad_admission_images,ocr_needs_spotcheck
2456,东北石油大学,500,选考化学,548,021.jpg,visual_ocr_needs_spotcheck,36213,fujian_2025_physics_undergrad_admission_images,ocr_needs_spotcheck
2457,东北石油大学（中外合作）,500,选考化学,523,022.jpg,visual_ocr_needs_spotcheck,52278,fujian_2025_physics_undergrad_admission_images,ocr_needs_spotcheck
2458,东华大学,500,选考化学,607,022.jpg,visual_ocr_needs_spotcheck,10504,fujian_2025_physics_undergrad_admission_images,ocr_needs_spotcheck
2459,东华理工大学,500,选考化学,546,022.jpg,visual_ocr_needs_spotcheck,37396,fujian_2025_physics_undergrad_admission_images,ocr_needs_spotcheck
2460,东南大学,500,选考化学,655,022.jpg,visual_ocr_needs_spotcheck,1362,fujian_2025_physics_undergrad_admission_images,ocr_needs_spotcheck
2461,东南大学成贤学院,500,选考化学,486,022.jpg,visual_ocr_needs_spotcheck,81079,fujian_2025_physics_undergrad_admission_images,ocr_needs_spotcheck
2461,东南大学成贤学院,999,不限选考科目,490,022.jpg,visual_ocr_needs_spotcheck,77780,fujian_2025_physics_undergrad_admission_images,ocr_needs_spotcheck
2462,东莞城市学院,500,选考化学,441,022.jpg,visual_ocr_needs_spotcheck,119155,fujian_2025_physics_undergrad_admission_images,ocr_needs_spotcheck
2462,东莞城市学院,900,选考地理,454,022.jpg,visual_ocr_needs_spotcheck,108322,fujian_2025_physics_undergrad_admission_images,ocr_needs_spotcheck
2462,东莞城市学院,999,不限选考科目,450,022.jpg,visual_ocr_needs_spotcheck,111729,fujian_2025_physics_undergrad_admission_images,ocr_needs_spotcheck
2463,东莞理工学院,500,选考化学,529,022.jpg,visual_ocr_needs_spotcheck,48168,fujian_2025_physics_undergrad_admission_images,ocr_needs_spotcheck
2464,对外经济贸易大学,500,选考化学,621,022.jpg,visual_ocr_needs_spotcheck,6705,fujian_2025_physics_undergrad_admission_images,ocr_needs_spotcheck
2464,对外经济贸易大学,999,不限选考科目,619,022.jpg,visual_ocr_needs_spotcheck,7186,fujian_2025_physics_undergrad_admission_images,ocr_needs_spotcheck
2465,对外经济贸易大学（中外合作）,500,选考化学,596,022.jpg,visual_ocr_needs_spotcheck,14083,fujian_2025_physics_undergrad_admission_images,ocr_needs_spotcheck
2466,防灾科技学院,500,选考化学,505,022.jpg,visual_ocr_needs_spotcheck,65653,fujian_2025_physics_undergrad_admission_images,ocr_needs_spotcheck
2466,防灾科技学院,999,不限选考科目,502,022.jpg,visual_ocr_needs_spotcheck,67989,fujian_2025_physics_undergrad_admission_images,ocr_needs_spotcheck
2467,佛山大学,500,选考化学,522,022.jpg,visual_ocr_needs_spotcheck,53007,fujian_2025_physics_undergrad_admission_images,ocr_needs_spotcheck
2467,佛山大学,999,不限选考科目,518,022.jpg,visual_ocr_needs_spotcheck,55877,fujian_2025_physics_undergrad_admission_images,ocr_needs_spotcheck
2468,复旦大学,500,选考化学,673,022.jpg,visual_ocr_needs_spotcheck,340,fujian_2025_physics_undergrad_admission_images,ocr_needs_spotcheck
2469,复旦大学医学院,500,选考化学,650,022.jpg,visual_ocr_needs_spotcheck,1821,fujian_2025_physics_undergrad_admission_images,ocr_needs_spotcheck
2470,复旦大学医学院（临床8年制）,500,选考化学,673,022.jpg,visual_ocr_needs_spotcheck,340,fujian_2025_physics_undergrad_admission_images,ocr_needs_spotcheck
2471,阜阳理工学院,500,选考化学,472,022.jpg,visual_ocr_needs_spotcheck,92964,fujian_2025_physics_undergrad_admission_images,ocr_needs_spotcheck
2472,阜阳师范大学,500,选考化学,499,022.jpg,visual_ocr_needs_spotcheck,70339,fujian_2025_physics_undergrad_admission_images,ocr_needs_spotcheck
2472,阜阳师范大学,999,不限选考科目,506,022.jpg,visual_ocr_needs_spotcheck,64873,fujian_2025_physics_undergrad_admission_images,ocr_needs_spotcheck
2473,赣东学院,500,选考化学,512,022.jpg,visual_ocr_needs_spotcheck,60283,fujian_2025_physics_undergrad_admission_images,ocr_needs_spotcheck
2473,赣东学院,999,不限选考科目,502,022.jpg,visual_ocr_needs_spotcheck,67989,fujian_2025_physics_undergrad_admission_images,ocr_needs_spotcheck
2474,赣南科技学院,500,选考化学,503,022.jpg,visual_ocr_needs_spotcheck,67246,fujian_2025_physics_undergrad_admission_images,ocr_needs_spotcheck
2474,赣南科技学院,999,不限选考科目,497,022.jpg,visual_ocr_needs_spotcheck,72041,fujian_2025_physics_undergrad_admission_images,ocr_needs_spotcheck
2475,赣南师范大学,500,选考化学,523,022.jpg,visual_ocr_needs_spotcheck,52278,fujian_2025_physics_undergrad_admission_images,ocr_needs_spotcheck
2475,赣南师范大学,900,选考地理,529,023.jpg,visual_ocr_needs_spotcheck,48168,fujian_2025_physics_undergrad_admission_images,ocr_needs_spotcheck
2475,赣南师范大学,999,不限选考科目,501,023.jpg,visual_ocr_needs_spotcheck,68791,fujian_2025_physics_undergrad_admission_images,ocr_needs_spotcheck
2476,赣南师范大学科技学院,500,选考化学,482,023.jpg,visual_ocr_needs_spotcheck,84464,fujian_2025_physics_undergrad_admission_images,ocr_needs_spotcheck
2476,赣南师范大学科技学院,999,不限选考科目,481,023.jpg,visual_ocr_needs_spotcheck,85345,fujian_2025_physics_undergrad_admission_images,ocr_needs_spotcheck
2477,赣南医科大学,500,选考化学,520,023.jpg,visual_ocr_needs_spotcheck,54409,fujian_2025_physics_undergrad_admission_images,ocr_needs_spotcheck
2477,赣南医科大学,600,选考生物学,518,023.jpg,visual_ocr_needs_spotcheck,55877,fujian_2025_physics_undergrad_admission_images,ocr_needs_spotcheck
2478,甘肃林业职业技术大学,999,不限选考科目,484,023.jpg,visual_ocr_needs_spotcheck,82760,fujian_2025_physics_undergrad_admission_images,ocr_needs_spotcheck
2480,甘肃农业大学,500,选考化学,481,023.jpg,visual_ocr_needs_spotcheck,85345,fujian_2025_physics_undergrad_admission_images,ocr_needs_spotcheck
2481,甘肃政法大学,500,选考化学,539,023.jpg,visual_ocr_needs_spotcheck,41729,fujian_2025_physics_undergrad_admission_images,ocr_needs_spotcheck
2481,甘肃政法大学,999,不限选考科目,533,023.jpg,visual_ocr_needs_spotcheck,45540,fujian_2025_physics_undergrad_admission_images,ocr_needs_spotcheck
2482,甘肃中医药大学,500,选考化学,530,023.jpg,visual_ocr_needs_spotcheck,47532,fujian_2025_physics_undergrad_admission_images,ocr_needs_spotcheck
2483,广东白云学院,500,选考化学,462,023.jpg,visual_ocr_needs_spotcheck,101574,fujian_2025_physics_undergrad_admission_images,ocr_needs_spotcheck
2483,广东白云学院,999,不限选考科目,463,023.jpg,visual_ocr_needs_spotcheck,100752,fujian_2025_physics_undergrad_admission_images,ocr_needs_spotcheck
2484,广东财经大学,500,选考化学,578,023.jpg,visual_ocr_needs_spotcheck,21173,fujian_2025_physics_undergrad_admission_images,ocr_needs_spotcheck
2484,广东财经大学,999,不限选考科目,575,023.jpg,visual_ocr_needs_spotcheck,22544,fujian_2025_physics_undergrad_admission_images,ocr_needs_spotcheck
2485,广东东软学院,500,选考化学,462,023.jpg,visual_ocr_needs_spotcheck,101574,fujian_2025_physics_undergrad_admission_images,ocr_needs_spotcheck
2486,广东工商职业技术大学,999,不限选考科目,459,023.jpg,visual_ocr_needs_spotcheck,104060,fujian_2025_physics_undergrad_admission_images,ocr_needs_spotcheck
2487,广东工业大学,500,选考化学,588,023.jpg,visual_ocr_needs_spotcheck,17024,fujian_2025_physics_undergrad_admission_images,ocr_needs_spotcheck
2487,广东工业大学,999,不限选考科目,567,023.jpg,visual_ocr_needs_spotcheck,26218,fujian_2025_physics_undergrad_admission_images,ocr_needs_spotcheck
2488,广东工业大学（国际班）,500,选考化学,574,023.jpg,visual_ocr_needs_spotcheck,22981,fujian_2025_physics_undergrad_admission_images,ocr_needs_spotcheck
2489,广东海洋大学,500,选考化学,531,023.jpg,visual_ocr_needs_spotcheck,46854,fujian_2025_physics_undergrad_admission_images,ocr_needs_spotcheck
2489,广东海洋大学,516,选考化学且生物学,525,023.jpg,visual_ocr_needs_spotcheck,50881,fujian_2025_physics_undergrad_admission_images,ocr_needs_spotcheck
2489,广东海洋大学,600,选考生物学,520,023.jpg,visual_ocr_needs_spotcheck,54409,fujian_2025_physics_undergrad_admission_images,ocr_needs_spotcheck
2490,广东海洋大学（中外合作）,500,选考化学,513,023.jpg,visual_ocr_needs_spotcheck,59514,fujian_2025_physics_undergrad_admission_images,ocr_needs_spotcheck
2491,广东技术师范大学,500,选考化学,542,023.jpg,visual_ocr_needs_spotcheck,39897,fujian_2025_physics_undergrad_admission_images,ocr_needs_spotcheck
2492,广东金融学院,500,选考化学,554,023.jpg,visual_ocr_needs_spotcheck,32905,fujian_2025_physics_undergrad_admission_images,ocr_needs_spotcheck
2492,广东金融学院,999,不限选考科目,546,023.jpg,visual_ocr_needs_spotcheck,37396,fujian_2025_physics_undergrad_admission_images,ocr_needs_spotcheck
2493,广东警官学院,999,不限选考科目,548,023.jpg,visual_ocr_needs_spotcheck,36213,fujian_2025_physics_undergrad_admission_images,ocr_needs_spotcheck
2494,广东科技学院,500,选考化学,460,024.jpg,visual_ocr_needs_spotcheck,103242,fujian_2025_physics_undergrad_admission_images,ocr_needs_spotcheck
2495,广东理工学院,500,选考化学,458,024.jpg,visual_ocr_needs_spotcheck,104965,fujian_2025_physics_undergrad_admission_images,ocr_needs_spotcheck
2495,广东理工学院,999,不限选考科目,449,024.jpg,visual_ocr_needs_spotcheck,112582,fujian_2025_physics_undergrad_admission_images,ocr_needs_spotcheck
2496,广东培正学院,999,不限选考科目,448,024.jpg,visual_ocr_needs_spotcheck,113439,fujian_2025_physics_undergrad_admission_images,ocr_needs_spotcheck
2497,广东轻工职业技术大学,999,不限选考科目,502,024.jpg,visual_ocr_needs_spotcheck,67989,fujian_2025_physics_undergrad_admission_images,ocr_needs_spotcheck
2498,广东石油化工学院,500,选考化学,523,024.jpg,visual_ocr_needs_spotcheck,52278,fujian_2025_physics_undergrad_admission_images,ocr_needs_spotcheck
2499,广东外语外贸大学,999,不限选考科目,564,024.jpg,visual_ocr_needs_spotcheck,27712,fujian_2025_physics_undergrad_admission_images,ocr_needs_spotcheck
2500,广东外语外贸大学南国商学院,500,选考化学,477,024.jpg,visual_ocr_needs_spotcheck,88668,fujian_2025_physics_undergrad_admission_images,ocr_needs_spotcheck
2500,广东外语外贸大学南国商学院,999,不限选考科目,482,024.jpg,visual_ocr_needs_spotcheck,84464,fujian_2025_physics_undergrad_admission_images,ocr_needs_spotcheck
2501,广东药科大学,500,选考化学,529,024.jpg,visual_ocr_needs_spotcheck,48168,fujian_2025_physics_undergrad_admission_images,ocr_needs_spotcheck
2502,广东医科大学,500,选考化学,542,024.jpg,visual_ocr_needs_spotcheck,39897,fujian_2025_physics_undergrad_admission_images,ocr_needs_spotcheck
2503,广东以色列理工学院,500,选考化学,557,024.jpg,visual_ocr_needs_spotcheck,31329,fujian_2025_physics_undergrad_admission_images,ocr_needs_spotcheck
2504,广西财经学院,999,不限选考科目,508,024.jpg,visual_ocr_needs_spotcheck,63376,fujian_2025_physics_undergrad_admission_images,ocr_needs_spotcheck
2505,广西财经学院（中高计划）,500,选考化学,485,024.jpg,visual_ocr_needs_spotcheck,81945,fujian_2025_physics_undergrad_admission_images,ocr_needs_spotcheck
2506,广西财经学院（中外合作）,500,选考化学,493,024.jpg,visual_ocr_needs_spotcheck,75303,fujian_2025_physics_undergrad_admission_images,ocr_needs_spotcheck
2506,广西财经学院（中外合作）,999,不限选考科目,480,024.jpg,visual_ocr_needs_spotcheck,86154,fujian_2025_physics_undergrad_admission_images,ocr_needs_spotcheck
2507,广西大学,500,选考化学,585,024.jpg,visual_ocr_needs_spotcheck,18234,fujian_2025_physics_undergrad_admission_images,ocr_needs_spotcheck
2508,广西科技大学,500,选考化学,523,024.jpg,visual_ocr_needs_spotcheck,52278,fujian_2025_physics_undergrad_admission_images,ocr_needs_spotcheck
2508,广西科技大学,516,选考化学且生物学,517,024.jpg,visual_ocr_needs_spotcheck,56618,fujian_2025_physics_undergrad_admission_images,ocr_needs_spotcheck
2508,广西科技大学,999,不限选考科目,516,024.jpg,visual_ocr_needs_spotcheck,57329,fujian_2025_physics_undergrad_admission_images,ocr_needs_spotcheck
2509,广西科技师范学院,500,选考化学,498,024.jpg,visual_ocr_needs_spotcheck,71202,fujian_2025_physics_undergrad_admission_images,ocr_needs_spotcheck
2510,广西民族大学,500,选考化学,518,024.jpg,visual_ocr_needs_spotcheck,55877,fujian_2025_physics_undergrad_admission_images,ocr_needs_spotcheck
2510,广西民族大学,516,选考化学且生物学,512,024.jpg,visual_ocr_needs_spotcheck,60283,fujian_2025_physics_undergrad_admission_images,ocr_needs_spotcheck
2510,广西民族大学,999,不限选考科目,492,024.jpg,visual_ocr_needs_spotcheck,76112,fujian_2025_physics_undergrad_admission_images,ocr_needs_spotcheck
2513,广西民族大学（中澳2）,999,不限选考科目,460,024.jpg,visual_ocr_needs_spotcheck,103242,fujian_2025_physics_undergrad_admission_images,ocr_needs_spotcheck
2514,广西民族大学（中澳3）,500,选考化学,512,024.jpg,visual_ocr_needs_spotcheck,60283,fujian_2025_physics_undergrad_admission_images,ocr_needs_spotcheck
2515,广西民族大学相思湖学院,500,选考化学,464,024.jpg,visual_ocr_needs_spotcheck,99902,fujian_2025_physics_undergrad_admission_images,ocr_needs_spotcheck
2515,广西民族大学相思湖学院,999,不限选考科目,479,024.jpg,visual_ocr_needs_spotcheck,86939,fujian_2025_physics_undergrad_admission_images,ocr_needs_spotcheck
2516,广西民族师范学院,500,选考化学,490,025.jpg,visual_ocr_needs_spotcheck,77780,fujian_2025_physics_undergrad_admission_images,ocr_needs_spotcheck
2516,广西民族师范学院,999,不限选考科目,490,025.jpg,visual_ocr_needs_spotcheck,77780,fujian_2025_physics_undergrad_admission_images,ocr_needs_spotcheck
2517,广西农业职业技术大学,999,不限选考科目,489,025.jpg,visual_ocr_needs_spotcheck,78616,fujian_2025_physics_undergrad_admission_images,ocr_needs_spotcheck
2518,广西师范大学,500,选考化学,478,025.jpg,visual_ocr_needs_spotcheck,87828,fujian_2025_physics_undergrad_admission_images,ocr_needs_spotcheck
2518,广西师范大学,999,不限选考科目,522,025.jpg,visual_ocr_needs_spotcheck,53007,fujian_2025_physics_undergrad_admission_images,ocr_needs_spotcheck
2520,广西外国语学院,500,选考化学,446,025.jpg,visual_ocr_needs_spotcheck,115031,fujian_2025_physics_undergrad_admission_images,ocr_needs_spotcheck
2520,广西外国语学院,999,不限选考科目,441,025.jpg,visual_ocr_needs_spotcheck,119155,fujian_2025_physics_undergrad_admission_images,ocr_needs_spotcheck
2521,广西医科大学,500,选考化学,545,025.jpg,visual_ocr_needs_spotcheck,37957,fujian_2025_physics_undergrad_admission_images,ocr_needs_spotcheck
2521,广西医科大学,999,不限选考科目,516,025.jpg,visual_ocr_needs_spotcheck,57329,fujian_2025_physics_undergrad_admission_images,ocr_needs_spotcheck
2523,广西中医药大学,500,选考化学,514,025.jpg,visual_ocr_needs_spotcheck,58785,fujian_2025_physics_undergrad_admission_images,ocr_needs_spotcheck
2523,广西中医药大学,999,不限选考科目,545,025.jpg,visual_ocr_needs_spotcheck,37957,fujian_2025_physics_undergrad_admission_images,ocr_needs_spotcheck
2524,广西中医药大学赛恩斯新医药学院,500,选考化学,482,025.jpg,visual_ocr_needs_spotcheck,84464,fujian_2025_physics_undergrad_admission_images,ocr_needs_spotcheck
2524,广西中医药大学赛恩斯新医药学院,600,选考生物学,483,025.jpg,visual_ocr_needs_spotcheck,83635,fujian_2025_physics_undergrad_admission_images,ocr_needs_spotcheck
2524,广西中医药大学赛恩斯新医药学院,999,不限选考科目,496,025.jpg,visual_ocr_needs_spotcheck,72818,fujian_2025_physics_undergrad_admission_images,ocr_needs_spotcheck
2525,广州城市理工学院,500,选考化学,473,025.jpg,visual_ocr_needs_spotcheck,92111,fujian_2025_physics_undergrad_admission_images,ocr_needs_spotcheck
2525,广州城市理工学院,999,不限选考科目,464,025.jpg,visual_ocr_needs_spotcheck,99902,fujian_2025_physics_undergrad_admission_images,ocr_needs_spotcheck
2526,广州大学,500,选考化学,585,025.jpg,visual_ocr_needs_spotcheck,18234,fujian_2025_physics_undergrad_admission_images,ocr_needs_spotcheck
2526,广州大学,999,不限选考科目,562,025.jpg,visual_ocr_needs_spotcheck,28701,fujian_2025_physics_undergrad_admission_images,ocr_needs_spotcheck
2527,广州工商学院,500,选考化学,455,025.jpg,visual_ocr_needs_spotcheck,107492,fujian_2025_physics_undergrad_admission_images,ocr_needs_spotcheck
2528,广州航海学院,500,选考化学,525,025.jpg,visual_ocr_needs_spotcheck,50881,fujian_2025_physics_undergrad_admission_images,ocr_needs_spotcheck
2529,广州华立学院,500,选考化学,458,025.jpg,visual_ocr_needs_spotcheck,104965,fujian_2025_physics_undergrad_admission_images,ocr_needs_spotcheck
2529,广州华立学院,999,不限选考科目,452,025.jpg,visual_ocr_needs_spotcheck,110007,fujian_2025_physics_undergrad_admission_images,ocr_needs_spotcheck
2530,广州理工学院,500,选考化学,466,025.jpg,visual_ocr_needs_spotcheck,98212,fujian_2025_physics_undergrad_admission_images,ocr_needs_spotcheck
2532,广州南方学院,500,选考化学,441,025.jpg,visual_ocr_needs_spotcheck,119155,fujian_2025_physics_undergrad_admission_images,ocr_needs_spotcheck
2532,广州南方学院,999,不限选考科目,454,025.jpg,visual_ocr_needs_spotcheck,108322,fujian_2025_physics_undergrad_admission_images,ocr_needs_spotcheck
2533,广州软件学院,500,选考化学,481,025.jpg,visual_ocr_needs_spotcheck,85345,fujian_2025_physics_undergrad_admission_images,ocr_needs_spotcheck
2534,广州商学院,999,不限选考科目,452,025.jpg,visual_ocr_needs_spotcheck,110007,fujian_2025_physics_undergrad_admission_images,ocr_needs_spotcheck
2536,广州新华学院,500,选考化学,461,025.jpg,visual_ocr_needs_spotcheck,102421,fujian_2025_physics_undergrad_admission_images,ocr_needs_spotcheck
2536,广州新华学院,999,不限选考科目,459,026.jpg,visual_ocr_needs_spotcheck,104060,fujian_2025_physics_undergrad_admission_images,ocr_needs_spotcheck
2537,广州医科大学,500,选考化学,554,026.jpg,visual_ocr_needs_spotcheck,32905,fujian_2025_physics_undergrad_admission_images,ocr_needs_spotcheck
2537,广州医科大学,999,不限选考科目,570,026.jpg,visual_ocr_needs_spotcheck,24825,fujian_2025_physics_undergrad_admission_images,ocr_needs_spotcheck
2538,广州医科大学（临床医学）,500,选考化学,613,026.jpg,visual_ocr_needs_spotcheck,8716,fujian_2025_physics_undergrad_admission_images,ocr_needs_spotcheck
2539,广州应用科技学院,500,选考化学,461,026.jpg,visual_ocr_needs_spotcheck,102421,fujian_2025_physics_undergrad_admission_images,ocr_needs_spotcheck
2539,广州应用科技学院,999,不限选考科目,443,026.jpg,visual_ocr_needs_spotcheck,117511,fujian_2025_physics_undergrad_admission_images,ocr_needs_spotcheck
2540,广州中医药大学,500,选考化学,577,026.jpg,visual_ocr_needs_spotcheck,21588,fujian_2025_physics_undergrad_admission_images,ocr_needs_spotcheck
2540,广州中医药大学,600,选考生物学,555,026.jpg,visual_ocr_needs_spotcheck,32381,fujian_2025_physics_undergrad_admission_images,ocr_needs_spotcheck
2540,广州中医药大学,999,不限选考科目,563,026.jpg,visual_ocr_needs_spotcheck,28208,fujian_2025_physics_undergrad_admission_images,ocr_needs_spotcheck
2541,桂林电子科技大学,500,选考化学,575,026.jpg,visual_ocr_needs_spotcheck,22544,fujian_2025_physics_undergrad_admission_images,ocr_needs_spotcheck
2541,桂林电子科技大学,999,不限选考科目,546,026.jpg,visual_ocr_needs_spotcheck,37396,fujian_2025_physics_undergrad_admission_images,ocr_needs_spotcheck
2543,桂林电子科技大学（中外合作）,500,选考化学,562,026.jpg,visual_ocr_needs_spotcheck,28701,fujian_2025_physics_undergrad_admission_images,ocr_needs_spotcheck
2544,桂林航天工业学院,500,选考化学,517,026.jpg,visual_ocr_needs_spotcheck,56618,fujian_2025_physics_undergrad_admission_images,ocr_needs_spotcheck
2544,桂林航天工业学院,999,不限选考科目,492,026.jpg,visual_ocr_needs_spotcheck,76112,fujian_2025_physics_undergrad_admission_images,ocr_needs_spotcheck
2545,桂林理工大学,500,选考化学,518,026.jpg,visual_ocr_needs_spotcheck,55877,fujian_2025_physics_undergrad_admission_images,ocr_needs_spotcheck
2545,桂林理工大学,999,不限选考科目,516,026.jpg,visual_ocr_needs_spotcheck,57329,fujian_2025_physics_undergrad_admission_images,ocr_needs_spotcheck
2546,桂林理工大学（中外合作）,500,选考化学,513,026.jpg,visual_ocr_needs_spotcheck,59514,fujian_2025_physics_undergrad_admission_images,ocr_needs_spotcheck
2547,桂林旅游学院,600,选考生物学,491,026.jpg,visual_ocr_needs_spotcheck,76979,fujian_2025_physics_undergrad_admission_images,ocr_needs_spotcheck
2547,桂林旅游学院,999,不限选考科目,489,026.jpg,visual_ocr_needs_spotcheck,78616,fujian_2025_physics_undergrad_admission_images,ocr_needs_spotcheck
2548,桂林旅游学院（中外合作）,500,选考化学,459,026.jpg,visual_ocr_needs_spotcheck,104060,fujian_2025_physics_undergrad_admission_images,ocr_needs_spotcheck
2548,桂林旅游学院（中外合作）,999,不限选考科目,446,026.jpg,visual_ocr_needs_spotcheck,115031,fujian_2025_physics_undergrad_admission_images,ocr_needs_spotcheck
2550,桂林信息科技学院,500,选考化学,456,026.jpg,visual_ocr_needs_spotcheck,106608,fujian_2025_physics_undergrad_admission_images,ocr_needs_spotcheck
2550,桂林信息科技学院,999,不限选考科目,451,026.jpg,visual_ocr_needs_spotcheck,110888,fujian_2025_physics_undergrad_admission_images,ocr_needs_spotcheck
2551,桂林学院,500,选考化学,465,026.jpg,visual_ocr_needs_spotcheck,99057,fujian_2025_physics_undergrad_admission_images,ocr_needs_spotcheck
2551,桂林学院,999,不限选考科目,452,026.jpg,visual_ocr_needs_spotcheck,110007,fujian_2025_physics_undergrad_admission_images,ocr_needs_spotcheck
2552,桂林医科大学,500,选考化学,541,026.jpg,visual_ocr_needs_spotcheck,40511,fujian_2025_physics_undergrad_admission_images,ocr_needs_spotcheck
2553,桂林医科大学（中澳1）,500,选考化学,490,026.jpg,visual_ocr_needs_spotcheck,77780,fujian_2025_physics_undergrad_admission_images,ocr_needs_spotcheck
2554,桂林医科大学（中澳2）,500,选考化学,489,026.jpg,visual_ocr_needs_spotcheck,78616,fujian_2025_physics_undergrad_admission_images,ocr_needs_spotcheck
2555,桂林医科大学（中澳3）,500,选考化学,488,027.jpg,visual_ocr_needs_spotcheck,79451,fujian_2025_physics_undergrad_admission_images,ocr_needs_spotcheck
2556,桂林医科大学（中澳4）,500,选考化学,485,027.jpg,visual_ocr_needs_spotcheck,81945,fujian_2025_physics_undergrad_admission_images,ocr_needs_spotcheck
2557,贵阳人文科技学院,500,选考化学,472,027.jpg,visual_ocr_needs_spotcheck,92964,fujian_2025_physics_undergrad_admission_images,ocr_needs_spotcheck
2558,贵阳信息科技学院,500,选考化学,472,027.jpg,visual_ocr_needs_spotcheck,92964,fujian_2025_physics_undergrad_admission_images,ocr_needs_spotcheck
2558,贵阳信息科技学院,999,不限选考科目,469,027.jpg,visual_ocr_needs_spotcheck,95545,fujian_2025_physics_undergrad_admission_images,ocr_needs_spotcheck
2559,贵阳学院,500,选考化学,491,027.jpg,visual_ocr_needs_spotcheck,76979,fujian_2025_physics_undergrad_admission_images,ocr_needs_spotcheck
2559,贵阳学院,999,不限选考科目,498,027.jpg,visual_ocr_needs_spotcheck,71202,fujian_2025_physics_undergrad_admission_images,ocr_needs_spotcheck
2560,贵州财经大学,500,选考化学,544,027.jpg,visual_ocr_needs_spotcheck,38598,fujian_2025_physics_undergrad_admission_images,ocr_needs_spotcheck
2560,贵州财经大学,999,不限选考科目,532,027.jpg,visual_ocr_needs_spotcheck,46183,fujian_2025_physics_undergrad_admission_images,ocr_needs_spotcheck
2561,贵州财经大学（中外合作）,999,不限选考科目,471,027.jpg,visual_ocr_needs_spotcheck,93819,fujian_2025_physics_undergrad_admission_images,ocr_needs_spotcheck
2562,贵州大学,500,选考化学,584,027.jpg,visual_ocr_needs_spotcheck,18650,fujian_2025_physics_undergrad_admission_images,ocr_needs_spotcheck
2562,贵州大学,999,不限选考科目,569,027.jpg,visual_ocr_needs_spotcheck,25291,fujian_2025_physics_undergrad_admission_images,ocr_needs_spotcheck
2563,贵州大学（中外合作1）,500,选考化学,580,027.jpg,visual_ocr_needs_spotcheck,20313,fujian_2025_physics_undergrad_admission_images,ocr_needs_spotcheck
2564,贵州大学（中外合作2）,500,选考化学,560,027.jpg,visual_ocr_needs_spotcheck,29717,fujian_2025_physics_undergrad_admission_images,ocr_needs_spotcheck
2565,贵州大学（中外合作3）,500,选考化学,549,027.jpg,visual_ocr_needs_spotcheck,35614,fujian_2025_physics_undergrad_admission_images,ocr_needs_spotcheck
2566,贵州大学（中外合作4）,999,不限选考科目,571,027.jpg,visual_ocr_needs_spotcheck,24364,fujian_2025_physics_undergrad_admission_images,ocr_needs_spotcheck
2567,贵州工程应用技术学院,500,选考化学,492,027.jpg,visual_ocr_needs_spotcheck,76112,fujian_2025_physics_undergrad_admission_images,ocr_needs_spotcheck
2568,贵州警察学院,500,选考化学,519,027.jpg,visual_ocr_needs_spotcheck,55133,fujian_2025_physics_undergrad_admission_images,ocr_needs_spotcheck
2568,贵州警察学院,999,不限选考科目,525,027.jpg,visual_ocr_needs_spotcheck,50881,fujian_2025_physics_undergrad_admission_images,ocr_needs_spotcheck
2569,贵州理工学院,500,选考化学,515,027.jpg,visual_ocr_needs_spotcheck,58055,fujian_2025_physics_undergrad_admission_images,ocr_needs_spotcheck
2569,贵州理工学院,999,不限选考科目,506,027.jpg,visual_ocr_needs_spotcheck,64873,fujian_2025_physics_undergrad_admission_images,ocr_needs_spotcheck
2570,贵州民族大学,500,选考化学,515,027.jpg,visual_ocr_needs_spotcheck,58055,fujian_2025_physics_undergrad_admission_images,ocr_needs_spotcheck
2570,贵州民族大学,516,选考化学且生物学,501,027.jpg,visual_ocr_needs_spotcheck,68791,fujian_2025_physics_undergrad_admission_images,ocr_needs_spotcheck
2570,贵州民族大学,999,不限选考科目,482,027.jpg,visual_ocr_needs_spotcheck,84464,fujian_2025_physics_undergrad_admission_images,ocr_needs_spotcheck
2571,贵州黔南经济学院,500,选考化学,472,027.jpg,visual_ocr_needs_spotcheck,92964,fujian_2025_physics_undergrad_admission_images,ocr_needs_spotcheck
2572,贵州黔南科技学院,500,选考化学,473,027.jpg,visual_ocr_needs_spotcheck,92111,fujian_2025_physics_undergrad_admission_images,ocr_needs_spotcheck
2573,贵州商学院,999,不限选考科目,510,027.jpg,visual_ocr_needs_spotcheck,61799,fujian_2025_physics_undergrad_admission_images,ocr_needs_spotcheck
2576,贵州医科大学,500,选考化学,561,027.jpg,visual_ocr_needs_spotcheck,29212,fujian_2025_physics_undergrad_admission_images,ocr_needs_spotcheck
2577,贵州医科大学（生物医学工程）,500,选考化学,530,028.jpg,visual_ocr_needs_spotcheck,47532,fujian_2025_physics_undergrad_admission_images,ocr_needs_spotcheck
2578,贵州医科大学（医学检验技术）,500,选考化学,514,028.jpg,visual_ocr_needs_spotcheck,58785,fujian_2025_physics_undergrad_admission_images,ocr_needs_spotcheck
2579,贵州医科大学（中高计划1）,500,选考化学,496,028.jpg,visual_ocr_needs_spotcheck,72818,fujian_2025_physics_undergrad_admission_images,ocr_needs_spotcheck
2580,贵州医科大学（中高计划2）,500,选考化学,482,028.jpg,visual_ocr_needs_spotcheck,84464,fujian_2025_physics_undergrad_admission_images,ocr_needs_spotcheck
2581,贵州医科大学（中高计划3）,500,选考化学,469,028.jpg,visual_ocr_needs_spotcheck,95545,fujian_2025_physics_undergrad_admission_images,ocr_needs_spotcheck
2582,贵州医科大学（中外合作）,500,选考化学,505,028.jpg,visual_ocr_needs_spotcheck,65653,fujian_2025_physics_undergrad_admission_images,ocr_needs_spotcheck
2583,贵州医科大学神奇民族医药学院,500,选考化学,489,028.jpg,visual_ocr_needs_spotcheck,78616,fujian_2025_physics_undergrad_admission_images,ocr_needs_spotcheck
2583,贵州医科大学神奇民族医药学院,600,选考生物学,491,028.jpg,visual_ocr_needs_spotcheck,76979,fujian_2025_physics_undergrad_admission_images,ocr_needs_spotcheck
2583,贵州医科大学神奇民族医药学院,999,不限选考科目,479,028.jpg,visual_ocr_needs_spotcheck,86939,fujian_2025_physics_undergrad_admission_images,ocr_needs_spotcheck
2584,贵州中医药大学,500,选考化学,474,028.jpg,visual_ocr_needs_spotcheck,91278,fujian_2025_physics_undergrad_admission_images,ocr_needs_spotcheck
2584,贵州中医药大学,999,不限选考科目,538,028.jpg,visual_ocr_needs_spotcheck,42366,fujian_2025_physics_undergrad_admission_images,ocr_needs_spotcheck
2585,贵州中医药大学（中外合作）,500,选考化学,477,028.jpg,visual_ocr_needs_spotcheck,88668,fujian_2025_physics_undergrad_admission_images,ocr_needs_spotcheck
2586,贵州中医药大学时珍学院,500,选考化学,482,028.jpg,visual_ocr_needs_spotcheck,84464,fujian_2025_physics_undergrad_admission_images,ocr_needs_spotcheck
2591,哈尔滨工程大学,500,选考化学,623,028.jpg,visual_ocr_needs_spotcheck,6240,fujian_2025_physics_undergrad_admission_images,ocr_needs_spotcheck
2594,哈尔滨工程大学（领军1）,500,选考化学,634,028.jpg,visual_ocr_needs_spotcheck,4065,fujian_2025_physics_undergrad_admission_images,ocr_needs_spotcheck
2595,哈尔滨工程大学（领军2）,500,选考化学,634,028.jpg,visual_ocr_needs_spotcheck,4065,fujian_2025_physics_undergrad_admission_images,ocr_needs_spotcheck
2596,哈尔滨工程大学（领军3）,500,选考化学,631,028.jpg,visual_ocr_needs_spotcheck,4611,fujian_2025_physics_undergrad_admission_images,ocr_needs_spotcheck
2597,哈尔滨工程大学（领军4）,500,选考化学,629,028.jpg,visual_ocr_needs_spotcheck,5008,fujian_2025_physics_undergrad_admission_images,ocr_needs_spotcheck
2598,哈尔滨工程大学（领军5）,500,选考化学,626,028.jpg,visual_ocr_needs_spotcheck,5610,fujian_2025_physics_undergrad_admission_images,ocr_needs_spotcheck
2599,哈尔滨工程大学（领军6）,500,选考化学,640,028.jpg,visual_ocr_needs_spotcheck,3113,fujian_2025_physics_undergrad_admission_images,ocr_needs_spotcheck
2600,哈尔滨工业大学,500,选考化学,668,028.jpg,visual_ocr_needs_spotcheck,531,fujian_2025_physics_undergrad_admission_images,ocr_needs_spotcheck
2601,哈尔滨工业大学（物化组1）,500,选考化学,675,028.jpg,visual_ocr_needs_spotcheck,277,fujian_2025_physics_undergrad_admission_images,ocr_needs_spotcheck
2602,哈尔滨工业大学（中外合作1）,500,选考化学,615,028.jpg,visual_ocr_needs_spotcheck,8194,fujian_2025_physics_undergrad_admission_images,ocr_needs_spotcheck
2603,哈尔滨工业大学（中外合作2）,999,不限选考科目,604,028.jpg,visual_ocr_needs_spotcheck,11461,fujian_2025_physics_undergrad_admission_images,ocr_needs_spotcheck
2604,哈尔滨工业大学（中外合作3）,999,不限选考科目,634,028.jpg,visual_ocr_needs_spotcheck,4065,fujian_2025_physics_undergrad_admission_images,ocr_needs_spotcheck
2605,哈尔滨工业大学（中外合作4）,500,选考化学,630,028.jpg,visual_ocr_needs_spotcheck,4805,fujian_2025_physics_undergrad_admission_images,ocr_needs_spotcheck
2606,哈尔滨工业大学（中外合作5）,500,选考化学,627,028.jpg,visual_ocr_needs_spotcheck,5412,fujian_2025_physics_undergrad_admission_images,ocr_needs_spotcheck
2607,哈尔滨工业大学（深圳）,500,选考化学,662,028.jpg,visual_ocr_needs_spotcheck,827,fujian_2025_physics_undergrad_admission_images,ocr_needs_spotcheck
2608,哈尔滨工业大学（深圳）（卓越优才计划）,500,选考化学,655,029.jpg,visual_ocr_needs_spotcheck,1362,fujian_2025_physics_undergrad_admission_images,ocr_needs_spotcheck
2609,哈尔滨工业大学（威海）,500,选考化学,650,029.jpg,visual_ocr_needs_spotcheck,1821,fujian_2025_physics_undergrad_admission_images,ocr_needs_spotcheck
2610,哈尔滨工业大学（威海）（中外合作）,500,选考化学,616,029.jpg,visual_ocr_needs_spotcheck,7919,fujian_2025_physics_undergrad_admission_images,ocr_needs_spotcheck
2611,哈尔滨工业大学（威海）（卓越优才计划）,500,选考化学,643,029.jpg,visual_ocr_needs_spotcheck,2663,fujian_2025_physics_undergrad_admission_images,ocr_needs_spotcheck
2612,哈尔滨金融学院,999,不限选考科目,500,029.jpg,visual_ocr_needs_spotcheck,69546,fujian_2025_physics_undergrad_admission_images,ocr_needs_spotcheck
2613,哈尔滨理工大学,500,选考化学,555,029.jpg,visual_ocr_needs_spotcheck,32381,fujian_2025_physics_undergrad_admission_images,ocr_needs_spotcheck
2614,哈尔滨商业大学,500,选考化学,487,029.jpg,visual_ocr_needs_spotcheck,80259,fujian_2025_physics_undergrad_admission_images,ocr_needs_spotcheck
2614,哈尔滨商业大学,999,不限选考科目,489,029.jpg,visual_ocr_needs_spotcheck,78616,fujian_2025_physics_undergrad_admission_images,ocr_needs_spotcheck
2615,哈尔滨师范大学,500,选考化学,510,029.jpg,visual_ocr_needs_spotcheck,61799,fujian_2025_physics_undergrad_admission_images,ocr_needs_spotcheck
2615,哈尔滨师范大学,900,选考地理,511,029.jpg,visual_ocr_needs_spotcheck,61013,fujian_2025_physics_undergrad_admission_images,ocr_needs_spotcheck
2615,哈尔滨师范大学,999,不限选考科目,481,029.jpg,visual_ocr_needs_spotcheck,85345,fujian_2025_physics_undergrad_admission_images,ocr_needs_spotcheck
2617,哈尔滨学院,500,选考化学,492,029.jpg,visual_ocr_needs_spotcheck,76112,fujian_2025_physics_undergrad_admission_images,ocr_needs_spotcheck
2617,哈尔滨学院,999,不限选考科目,482,029.jpg,visual_ocr_needs_spotcheck,84464,fujian_2025_physics_undergrad_admission_images,ocr_needs_spotcheck
2618,哈尔滨医科大学,516,选考化学且生物学,526,029.jpg,visual_ocr_needs_spotcheck,50184,fujian_2025_physics_undergrad_admission_images,ocr_needs_spotcheck
2619,哈尔滨医科大学（大庆校区）,500,选考化学,521,029.jpg,visual_ocr_needs_spotcheck,53711,fujian_2025_physics_undergrad_admission_images,ocr_needs_spotcheck
2620,哈尔滨医科大学（精神医学）,500,选考化学,609,029.jpg,visual_ocr_needs_spotcheck,9900,fujian_2025_physics_undergrad_admission_images,ocr_needs_spotcheck
2622,哈尔滨远东理工学院,500,选考化学,441,029.jpg,visual_ocr_needs_spotcheck,119155,fujian_2025_physics_undergrad_admission_images,ocr_needs_spotcheck
2622,哈尔滨远东理工学院,999,不限选考科目,445,029.jpg,visual_ocr_needs_spotcheck,115833,fujian_2025_physics_undergrad_admission_images,ocr_needs_spotcheck
2623,哈尔滨职业技术大学,999,不限选考科目,485,029.jpg,visual_ocr_needs_spotcheck,81945,fujian_2025_physics_undergrad_admission_images,ocr_needs_spotcheck
2628,海军军医大学,500,选考化学,575,029.jpg,visual_ocr_needs_spotcheck,22544,fujian_2025_physics_undergrad_admission_images,ocr_needs_spotcheck
2629,海口经济学院,500,选考化学,444,029.jpg,visual_ocr_needs_spotcheck,116681,fujian_2025_physics_undergrad_admission_images,ocr_needs_spotcheck
2629,海口经济学院,999,不限选考科目,442,029.jpg,visual_ocr_needs_spotcheck,118298,fujian_2025_physics_undergrad_admission_images,ocr_needs_spotcheck
2630,海南比勒费尔德应用科学大学,500,选考化学,441,029.jpg,visual_ocr_needs_spotcheck,119155,fujian_2025_physics_undergrad_admission_images,ocr_needs_spotcheck
2630,海南比勒费尔德应用科学大学,999,不限选考科目,457,029.jpg,visual_ocr_needs_spotcheck,105800,fujian_2025_physics_undergrad_admission_images,ocr_needs_spotcheck
2631,海南大学,500,选考化学,583,029.jpg,visual_ocr_needs_spotcheck,19062,fujian_2025_physics_undergrad_admission_images,ocr_needs_spotcheck
2631,海南大学,516,选考化学且生物学,582,029.jpg,visual_ocr_needs_spotcheck,19495,fujian_2025_physics_undergrad_admission_images,ocr_needs_spotcheck
2631,海南大学,999,不限选考科目,581,029.jpg,visual_ocr_needs_spotcheck,19899,fujian_2025_physics_undergrad_admission_images,ocr_needs_spotcheck
2632,海南大学（高收费）,500,选考化学,598,029.jpg,visual_ocr_needs_spotcheck,13403,fujian_2025_physics_undergrad_admission_images,ocr_needs_spotcheck
2633,海南大学（中外合作）,500,选考化学,575,030.jpg,visual_ocr_needs_spotcheck,22544,fujian_2025_physics_undergrad_admission_images,ocr_needs_spotcheck
2633,海南大学（中外合作）,500,化学,575,030.jpg,visual_ocr_needs_spotcheck,22544,fujian_2025_physics_undergrad_admission_images,ocr_needs_spotcheck
2633,海南大学（中外合作）,900,选考地理,551,030.jpg,visual_ocr_needs_spotcheck,34510,fujian_2025_physics_undergrad_admission_images,ocr_needs_spotcheck
2633,海南大学（中外合作）,900,地理,551,030.jpg,visual_ocr_needs_spotcheck,34510,fujian_2025_physics_undergrad_admission_images,ocr_needs_spotcheck
2633,海南大学（中外合作）,999,不限选考科目,548,030.jpg,visual_ocr_needs_spotcheck,36213,fujian_2025_physics_undergrad_admission_images,ocr_needs_spotcheck
2633,海南大学（中外合作）,999,不限,548,030.jpg,visual_ocr_needs_spotcheck,36213,fujian_2025_physics_undergrad_admission_images,ocr_needs_spotcheck
2634,海南科技职业大学,999,不限选考科目,441,030.jpg,visual_ocr_needs_spotcheck,119155,fujian_2025_physics_undergrad_admission_images,ocr_needs_spotcheck
2634,海南科技职业大学,999,不限,441,030.jpg,visual_ocr_needs_spotcheck,119155,fujian_2025_physics_undergrad_admission_images,ocr_needs_spotcheck
2635,海南热带海洋学院,500,选考化学,489,030.jpg,visual_ocr_needs_spotcheck,78616,fujian_2025_physics_undergrad_admission_images,ocr_needs_spotcheck
2635,海南热带海洋学院,500,化学,489,030.jpg,visual_ocr_needs_spotcheck,78616,fujian_2025_physics_undergrad_admission_images,ocr_needs_spotcheck
2635,海南热带海洋学院,999,不限选考科目,501,030.jpg,visual_ocr_needs_spotcheck,68791,fujian_2025_physics_undergrad_admission_images,ocr_needs_spotcheck
2635,海南热带海洋学院,999,不限,501,030.jpg,visual_ocr_needs_spotcheck,68791,fujian_2025_physics_undergrad_admission_images,ocr_needs_spotcheck
2636,海南热带海洋学院（中外合作）,999,不限选考科目,464,030.jpg,visual_ocr_needs_spotcheck,99902,fujian_2025_physics_undergrad_admission_images,ocr_needs_spotcheck
2636,海南热带海洋学院（中外合作）,999,不限,464,030.jpg,visual_ocr_needs_spotcheck,99902,fujian_2025_physics_undergrad_admission_images,ocr_needs_spotcheck
2637,海南师范大学,500,选考化学,526,030.jpg,visual_ocr_needs_spotcheck,50184,fujian_2025_physics_undergrad_admission_images,ocr_needs_spotcheck
2637,海南师范大学,500,化学,526,030.jpg,visual_ocr_needs_spotcheck,50184,fujian_2025_physics_undergrad_admission_images,ocr_needs_spotcheck
2637,海南师范大学,516,选考化学且生物学,465,030.jpg,visual_ocr_needs_spotcheck,99057,fujian_2025_physics_undergrad_admission_images,ocr_needs_spotcheck
2637,海南师范大学,516,化学且生物,465,030.jpg,visual_ocr_needs_spotcheck,99057,fujian_2025_physics_undergrad_admission_images,ocr_needs_spotcheck
2637,海南师范大学,700,选考思想政治,567,030.jpg,visual_ocr_needs_spotcheck,26218,fujian_2025_physics_undergrad_admission_images,ocr_needs_spotcheck
2637,海南师范大学,700,思想政治,567,030.jpg,visual_ocr_needs_spotcheck,26218,fujian_2025_physics_undergrad_admission_images,ocr_needs_spotcheck
2637,海南师范大学,900,选考地理,556,030.jpg,visual_ocr_needs_spotcheck,31880,fujian_2025_physics_undergrad_admission_images,ocr_needs_spotcheck
2637,海南师范大学,900,地理,556,030.jpg,visual_ocr_needs_spotcheck,31880,fujian_2025_physics_undergrad_admission_images,ocr_needs_spotcheck
2637,海南师范大学,999,不限选考科目,522,030.jpg,visual_ocr_needs_spotcheck,53007,fujian_2025_physics_undergrad_admission_images,ocr_needs_spotcheck
2637,海南师范大学,999,不限,522,030.jpg,visual_ocr_needs_spotcheck,53007,fujian_2025_physics_undergrad_admission_images,ocr_needs_spotcheck
2638,海南师范大学（高收费）,500,选考化学,541,030.jpg,visual_ocr_needs_spotcheck,40511,fujian_2025_physics_undergrad_admission_images,ocr_needs_spotcheck
2638,海南师范大学（高收费）,500,化学,541,030.jpg,visual_ocr_needs_spotcheck,40511,fujian_2025_physics_undergrad_admission_images,ocr_needs_spotcheck
2640,海南医科大学,500,选考化学,457,030.jpg,visual_ocr_needs_spotcheck,105800,fujian_2025_physics_undergrad_admission_images,ocr_needs_spotcheck
2640,海南医科大学,500,化学,457,030.jpg,visual_ocr_needs_spotcheck,105800,fujian_2025_physics_undergrad_admission_images,ocr_needs_spotcheck
2640,海南医科大学,999,不限选考科目,551,030.jpg,visual_ocr_needs_spotcheck,34510,fujian_2025_physics_undergrad_admission_images,ocr_needs_spotcheck
2640,海南医科大学,999,不限,551,030.jpg,visual_ocr_needs_spotcheck,34510,fujian_2025_physics_undergrad_admission_images,ocr_needs_spotcheck
2641,海南医科大学（中外合作）,500,选考化学,475,030.jpg,visual_ocr_needs_spotcheck,90360,fujian_2025_physics_undergrad_admission_images,ocr_needs_spotcheck
2641,海南医科大学（中外合作）,500,化学,475,030.jpg,visual_ocr_needs_spotcheck,90360,fujian_2025_physics_undergrad_admission_images,ocr_needs_spotcheck
2642,邯郸学院,500,选考化学,493,030.jpg,visual_ocr_needs_spotcheck,75303,fujian_2025_physics_undergrad_admission_images,ocr_needs_spotcheck
2642,邯郸学院,500,化学,493,030.jpg,visual_ocr_needs_spotcheck,75303,fujian_2025_physics_undergrad_admission_images,ocr_needs_spotcheck
2642,邯郸学院,900,选考地理,502,030.jpg,visual_ocr_needs_spotcheck,67989,fujian_2025_physics_undergrad_admission_images,ocr_needs_spotcheck
2642,邯郸学院,900,地理,502,030.jpg,visual_ocr_needs_spotcheck,67989,fujian_2025_physics_undergrad_admission_images,ocr_needs_spotcheck
2644,韩山师范学院,500,选考化学,507,030.jpg,visual_ocr_needs_spotcheck,64125,fujian_2025_physics_undergrad_admission_images,ocr_needs_spotcheck
2644,韩山师范学院,500,化学,507,030.jpg,visual_ocr_needs_spotcheck,64125,fujian_2025_physics_undergrad_admission_images,ocr_needs_spotcheck
2645,杭州电子科技大学,500,选考化学,602,030.jpg,visual_ocr_needs_spotcheck,12115,fujian_2025_physics_undergrad_admission_images,ocr_needs_spotcheck
2645,杭州电子科技大学,500,化学,602,030.jpg,visual_ocr_needs_spotcheck,12115,fujian_2025_physics_undergrad_admission_images,ocr_needs_spotcheck
2645,杭州电子科技大学,999,不限选考科目,582,030.jpg,visual_ocr_needs_spotcheck,19495,fujian_2025_physics_undergrad_admission_images,ocr_needs_spotcheck
2645,杭州电子科技大学,999,不限,582,030.jpg,visual_ocr_needs_spotcheck,19495,fujian_2025_physics_undergrad_admission_images,ocr_needs_spotcheck
2646,杭州电子科技大学（中外合作）,500,选考化学,598,030.jpg,visual_ocr_needs_spotcheck,13403,fujian_2025_physics_undergrad_admission_images,ocr_needs_spotcheck
2646,杭州电子科技大学（中外合作）,500,化学,598,030.jpg,visual_ocr_needs_spotcheck,13403,fujian_2025_physics_undergrad_admission_images,ocr_needs_spotcheck
2647,杭州电子科技大学信息工程学院,500,选考化学,498,030.jpg,visual_ocr_needs_spotcheck,71202,fujian_2025_physics_undergrad_admission_images,ocr_needs_spotcheck
2647,杭州电子科技大学信息工程学院,500,化学,498,030.jpg,visual_ocr_needs_spotcheck,71202,fujian_2025_physics_undergrad_admission_images,ocr_needs_spotcheck
2648,杭州师范大学,500,选考化学,572,030.jpg,visual_ocr_needs_spotcheck,23889,fujian_2025_physics_undergrad_admission_images,ocr_needs_spotcheck
2648,杭州师范大学,500,化学,572,030.jpg,visual_ocr_needs_spotcheck,23889,fujian_2025_physics_undergrad_admission_images,ocr_needs_spotcheck
2648,杭州师范大学,999,不限选考科目,564,030.jpg,visual_ocr_needs_spotcheck,27712,fujian_2025_physics_undergrad_admission_images,ocr_needs_spotcheck
2648,杭州师范大学,999,不限,564,030.jpg,visual_ocr_needs_spotcheck,27712,fujian_2025_physics_undergrad_admission_images,ocr_needs_spotcheck
2649,杭州师范大学（中外合作）,500,选考化学,532,030.jpg,visual_ocr_needs_spotcheck,46183,fujian_2025_physics_undergrad_admission_images,ocr_needs_spotcheck
2649,杭州师范大学（中外合作）,500,化学,532,030.jpg,visual_ocr_needs_spotcheck,46183,fujian_2025_physics_undergrad_admission_images,ocr_needs_spotcheck
2650,河北北方学院,500,选考化学,513,030.jpg,visual_ocr_needs_spotcheck,59514,fujian_2025_physics_undergrad_admission_images,ocr_needs_spotcheck
2650,河北北方学院,500,化学,513,030.jpg,visual_ocr_needs_spotcheck,59514,fujian_2025_physics_undergrad_admission_images,ocr_needs_spotcheck
2651,河北传媒学院,500,选考化学,471,030.jpg,visual_ocr_needs_spotcheck,93819,fujian_2025_physics_undergrad_admission_images,ocr_needs_spotcheck
2651,河北传媒学院,500,化学,471,030.jpg,visual_ocr_needs_spotcheck,93819,fujian_2025_physics_undergrad_admission_images,ocr_needs_spotcheck
2652,河北大学,500,选考化学,558,031.jpg,visual_ocr_needs_spotcheck,30799,fujian_2025_physics_undergrad_admission_images,ocr_needs_spotcheck
2652,河北大学,999,不限选考科目,533,031.jpg,visual_ocr_needs_spotcheck,45540,fujian_2025_physics_undergrad_admission_images,ocr_needs_spotcheck
2653,河北地质大学,500,选考化学,511,031.jpg,visual_ocr_needs_spotcheck,61013,fujian_2025_physics_undergrad_admission_images,ocr_needs_spotcheck
2653,河北地质大学,999,不限选考科目,505,031.jpg,visual_ocr_needs_spotcheck,65653,fujian_2025_physics_undergrad_admission_images,ocr_needs_spotcheck
2654,河北东方学院,500,选考化学,469,031.jpg,visual_ocr_needs_spotcheck,95545,fujian_2025_physics_undergrad_admission_images,ocr_needs_spotcheck
2654,河北东方学院,600,选考生物学,473,031.jpg,visual_ocr_needs_spotcheck,92111,fujian_2025_physics_undergrad_admission_images,ocr_needs_spotcheck
2654,河北东方学院,999,不限选考科目,463,031.jpg,visual_ocr_needs_spotcheck,100752,fujian_2025_physics_undergrad_admission_images,ocr_needs_spotcheck
2655,河北工程大学,500,选考化学,507,031.jpg,visual_ocr_needs_spotcheck,64125,fujian_2025_physics_undergrad_admission_images,ocr_needs_spotcheck
2655,河北工程大学,999,不限选考科目,498,031.jpg,visual_ocr_needs_spotcheck,71202,fujian_2025_physics_undergrad_admission_images,ocr_needs_spotcheck
2656,河北工程大学科信学院,500,选考化学,481,031.jpg,visual_ocr_needs_spotcheck,85345,fujian_2025_physics_undergrad_admission_images,ocr_needs_spotcheck
2656,河北工程大学科信学院,999,不限选考科目,481,031.jpg,visual_ocr_needs_spotcheck,85345,fujian_2025_physics_undergrad_admission_images,ocr_needs_spotcheck
2657,河北工业大学,500,选考化学,594,031.jpg,visual_ocr_needs_spotcheck,14801,fujian_2025_physics_undergrad_admission_images,ocr_needs_spotcheck
2658,河北工业大学（物化组1）,500,选考化学,589,031.jpg,visual_ocr_needs_spotcheck,16625,fujian_2025_physics_undergrad_admission_images,ocr_needs_spotcheck
2659,河北工业大学（中外合作1）,500,选考化学,585,031.jpg,visual_ocr_needs_spotcheck,18234,fujian_2025_physics_undergrad_admission_images,ocr_needs_spotcheck
2660,河北工业大学（中外合作2）,500,选考化学,579,031.jpg,visual_ocr_needs_spotcheck,20738,fujian_2025_physics_undergrad_admission_images,ocr_needs_spotcheck
2661,河北环境工程学院,500,选考化学,487,031.jpg,visual_ocr_needs_spotcheck,80259,fujian_2025_physics_undergrad_admission_images,ocr_needs_spotcheck
2662,河北建筑工程学院,500,选考化学,485,031.jpg,visual_ocr_needs_spotcheck,81945,fujian_2025_physics_undergrad_admission_images,ocr_needs_spotcheck
2662,河北建筑工程学院,999,不限选考科目,478,031.jpg,visual_ocr_needs_spotcheck,87828,fujian_2025_physics_undergrad_admission_images,ocr_needs_spotcheck
2663,河北金融学院,500,选考化学,498,031.jpg,visual_ocr_needs_spotcheck,71202,fujian_2025_physics_undergrad_admission_images,ocr_needs_spotcheck
2663,河北金融学院,999,不限选考科目,502,031.jpg,visual_ocr_needs_spotcheck,67989,fujian_2025_physics_undergrad_admission_images,ocr_needs_spotcheck
2664,河北金融学院（中外合作）,999,不限选考科目,482,031.jpg,visual_ocr_needs_spotcheck,84464,fujian_2025_physics_undergrad_admission_images,ocr_needs_spotcheck
2665,河北经贸大学,500,选考化学,530,031.jpg,visual_ocr_needs_spotcheck,47532,fujian_2025_physics_undergrad_admission_images,ocr_needs_spotcheck
2665,河北经贸大学,999,不限选考科目,509,031.jpg,visual_ocr_needs_spotcheck,62571,fujian_2025_physics_undergrad_admission_images,ocr_needs_spotcheck
2666,河北经贸大学（中外合作）,999,不限选考科目,513,031.jpg,visual_ocr_needs_spotcheck,59514,fujian_2025_physics_undergrad_admission_images,ocr_needs_spotcheck
2667,河北科技大学,500,选考化学,533,031.jpg,visual_ocr_needs_spotcheck,45540,fujian_2025_physics_undergrad_admission_images,ocr_needs_spotcheck
2667,河北科技大学,999,不限选考科目,518,031.jpg,visual_ocr_needs_spotcheck,55877,fujian_2025_physics_undergrad_admission_images,ocr_needs_spotcheck
2668,河北科技大学（中外合作）,500,选考化学,524,031.jpg,visual_ocr_needs_spotcheck,51599,fujian_2025_physics_undergrad_admission_images,ocr_needs_spotcheck
2668,河北科技大学（中外合作）,999,不限选考科目,501,031.jpg,visual_ocr_needs_spotcheck,68791,fujian_2025_physics_undergrad_admission_images,ocr_needs_spotcheck
2669,河北科技工程职业技术大学,500,选考化学,488,032.jpg,visual_ocr_needs_spotcheck,79451,fujian_2025_physics_undergrad_admission_images,ocr_needs_spotcheck
2669,河北科技工程职业技术大学,999,不限选考科目,494,032.jpg,visual_ocr_needs_spotcheck,74485,fujian_2025_physics_undergrad_admission_images,ocr_needs_spotcheck
2670,河北科技师范学院,999,不限选考科目,484,032.jpg,visual_ocr_needs_spotcheck,82760,fujian_2025_physics_undergrad_admission_images,ocr_needs_spotcheck
2672,河北师范大学,500,选考化学,565,032.jpg,visual_ocr_needs_spotcheck,27225,fujian_2025_physics_undergrad_admission_images,ocr_needs_spotcheck
2673,河北师范大学（高收费）,500,选考化学,549,032.jpg,visual_ocr_needs_spotcheck,35614,fujian_2025_physics_undergrad_admission_images,ocr_needs_spotcheck
2674,河北师范大学（中外合作）,999,不限选考科目,475,032.jpg,visual_ocr_needs_spotcheck,90360,fujian_2025_physics_undergrad_admission_images,ocr_needs_spotcheck
2675,河北石油职业技术大学,999,不限选考科目,491,032.jpg,visual_ocr_needs_spotcheck,76979,fujian_2025_physics_undergrad_admission_images,ocr_needs_spotcheck
2676,河北外国语学院,999,不限选考科目,447,032.jpg,visual_ocr_needs_spotcheck,114226,fujian_2025_physics_undergrad_admission_images,ocr_needs_spotcheck
2677,河北医科大学,500,选考化学,529,032.jpg,visual_ocr_needs_spotcheck,48168,fujian_2025_physics_undergrad_admission_images,ocr_needs_spotcheck
2677,河北医科大学,516,选考化学且生物学,541,032.jpg,visual_ocr_needs_spotcheck,40511,fujian_2025_physics_undergrad_admission_images,ocr_needs_spotcheck
2677,河北医科大学,600,选考生物学,501,032.jpg,visual_ocr_needs_spotcheck,68791,fujian_2025_physics_undergrad_admission_images,ocr_needs_spotcheck
2678,河北医科大学临床学院,500,选考化学,492,032.jpg,visual_ocr_needs_spotcheck,76112,fujian_2025_physics_undergrad_admission_images,ocr_needs_spotcheck
2678,河北医科大学临床学院,516,选考化学且生物学,523,032.jpg,visual_ocr_needs_spotcheck,52278,fujian_2025_physics_undergrad_admission_images,ocr_needs_spotcheck
2678,河北医科大学临床学院,600,选考生物学,491,032.jpg,visual_ocr_needs_spotcheck,76979,fujian_2025_physics_undergrad_admission_images,ocr_needs_spotcheck
2679,河北中医药大学,500,选考化学,509,032.jpg,visual_ocr_needs_spotcheck,62571,fujian_2025_physics_undergrad_admission_images,ocr_needs_spotcheck
2679,河北中医药大学,600,选考生物学,511,032.jpg,visual_ocr_needs_spotcheck,61013,fujian_2025_physics_undergrad_admission_images,ocr_needs_spotcheck
2679,河北中医药大学,999,不限选考科目,533,032.jpg,visual_ocr_needs_spotcheck,45540,fujian_2025_physics_undergrad_admission_images,ocr_needs_spotcheck
2680,河池学院,500,选考化学,490,032.jpg,visual_ocr_needs_spotcheck,77780,fujian_2025_physics_undergrad_admission_images,ocr_needs_spotcheck
2680,河池学院,999,不限选考科目,490,032.jpg,visual_ocr_needs_spotcheck,77780,fujian_2025_physics_undergrad_admission_images,ocr_needs_spotcheck
2681,合肥城市学院,500,选考化学,462,032.jpg,visual_ocr_needs_spotcheck,101574,fujian_2025_physics_undergrad_admission_images,ocr_needs_spotcheck
2681,合肥城市学院,999,不限选考科目,457,032.jpg,visual_ocr_needs_spotcheck,105800,fujian_2025_physics_undergrad_admission_images,ocr_needs_spotcheck
2682,合肥大学,500,选考化学,530,032.jpg,visual_ocr_needs_spotcheck,47532,fujian_2025_physics_undergrad_admission_images,ocr_needs_spotcheck
2682,合肥大学,999,不限选考科目,527,032.jpg,visual_ocr_needs_spotcheck,49465,fujian_2025_physics_undergrad_admission_images,ocr_needs_spotcheck
2683,合肥工业大学,500,选考化学,615,032.jpg,visual_ocr_needs_spotcheck,8194,fujian_2025_physics_undergrad_admission_images,ocr_needs_spotcheck
2683,合肥工业大学,999,不限选考科目,591,032.jpg,visual_ocr_needs_spotcheck,15883,fujian_2025_physics_undergrad_admission_images,ocr_needs_spotcheck
2684,合肥工业大学（中外合作）,999,不限选考科目,572,032.jpg,visual_ocr_needs_spotcheck,23889,fujian_2025_physics_undergrad_admission_images,ocr_needs_spotcheck
2685,合肥工业大学（宣城校区）,500,选考化学,588,032.jpg,visual_ocr_needs_spotcheck,17024,fujian_2025_physics_undergrad_admission_images,ocr_needs_spotcheck
2685,合肥工业大学(宣城校区),500,选考化学,588,032.jpg,visual_ocr_needs_spotcheck,17024,fujian_2025_physics_undergrad_admission_images,ocr_needs_spotcheck
2685,合肥工业大学（宣城校区）,999,不限选考科目,588,032.jpg,visual_ocr_needs_spotcheck,17024,fujian_2025_physics_undergrad_admission_images,ocr_needs_spotcheck
2685,合肥工业大学(宣城校区),999,不限选考科目,588,032.jpg,visual_ocr_needs_spotcheck,17024,fujian_2025_physics_undergrad_admission_images,ocr_needs_spotcheck
2686,合肥师范学院,500,选考化学,508,033.jpg,visual_ocr_needs_spotcheck,63376,fujian_2025_physics_undergrad_admission_images,ocr_needs_spotcheck
2686,合肥师范学院,516,选考化学且生物学,497,033.jpg,visual_ocr_needs_spotcheck,72041,fujian_2025_physics_undergrad_admission_images,ocr_needs_spotcheck
2687,河南大学,500,选考化学,600,033.jpg,visual_ocr_needs_spotcheck,12735,fujian_2025_physics_undergrad_admission_images,ocr_needs_spotcheck
2687,河海大学,500,选考化学,600,033.jpg,visual_ocr_needs_spotcheck,12735,fujian_2025_physics_undergrad_admission_images,ocr_needs_spotcheck
2687,河南大学,999,不限选考科目,594,033.jpg,visual_ocr_needs_spotcheck,14801,fujian_2025_physics_undergrad_admission_images,ocr_needs_spotcheck
2687,河海大学,999,不限选考科目,594,033.jpg,visual_ocr_needs_spotcheck,14801,fujian_2025_physics_undergrad_admission_images,ocr_needs_spotcheck
2688,河南大学（中外合作）,500,选考化学,578,033.jpg,visual_ocr_needs_spotcheck,21173,fujian_2025_physics_undergrad_admission_images,ocr_needs_spotcheck
2688,河海大学（中外合作）,500,选考化学,578,033.jpg,visual_ocr_needs_spotcheck,21173,fujian_2025_physics_undergrad_admission_images,ocr_needs_spotcheck
2689,河南财经政法大学,500,选考化学,540,033.jpg,visual_ocr_needs_spotcheck,41148,fujian_2025_physics_undergrad_admission_images,ocr_needs_spotcheck
2689,河南财经政法大学,999,不限选考科目,540,033.jpg,visual_ocr_needs_spotcheck,41148,fujian_2025_physics_undergrad_admission_images,ocr_needs_spotcheck
2690,河南财经政法大学（高收费）,500,选考化学,534,033.jpg,visual_ocr_needs_spotcheck,44918,fujian_2025_physics_undergrad_admission_images,ocr_needs_spotcheck
2691,河南财政金融学院,500,选考化学,512,033.jpg,visual_ocr_needs_spotcheck,60283,fujian_2025_physics_undergrad_admission_images,ocr_needs_spotcheck
2691,河南财政金融学院,999,不限选考科目,498,033.jpg,visual_ocr_needs_spotcheck,71202,fujian_2025_physics_undergrad_admission_images,ocr_needs_spotcheck
2692,河南城建学院,500,选考化学,484,033.jpg,visual_ocr_needs_spotcheck,82760,fujian_2025_physics_undergrad_admission_images,ocr_needs_spotcheck
2692,河南城建学院,999,不限选考科目,483,033.jpg,visual_ocr_needs_spotcheck,83635,fujian_2025_physics_undergrad_admission_images,ocr_needs_spotcheck
2693,河南大学,500,选考化学,576,033.jpg,visual_ocr_needs_spotcheck,22059,fujian_2025_physics_undergrad_admission_images,ocr_needs_spotcheck
2694,河南大学（中外合作）,500,选考化学,579,033.jpg,visual_ocr_needs_spotcheck,20738,fujian_2025_physics_undergrad_admission_images,ocr_needs_spotcheck
2694,河南大学（中外合作）,999,不限选考科目,549,033.jpg,visual_ocr_needs_spotcheck,35614,fujian_2025_physics_undergrad_admission_images,ocr_needs_spotcheck
2695,河南工程学院,500,选考化学,489,033.jpg,visual_ocr_needs_spotcheck,78616,fujian_2025_physics_undergrad_admission_images,ocr_needs_spotcheck
2695,河南工程学院,999,不限选考科目,487,033.jpg,visual_ocr_needs_spotcheck,80259,fujian_2025_physics_undergrad_admission_images,ocr_needs_spotcheck
2696,河南工学院,500,选考化学,509,033.jpg,visual_ocr_needs_spotcheck,62571,fujian_2025_physics_undergrad_admission_images,ocr_needs_spotcheck
2697,河南工业大学,500,选考化学,525,033.jpg,visual_ocr_needs_spotcheck,50881,fujian_2025_physics_undergrad_admission_images,ocr_needs_spotcheck
2697,河南工业大学,999,不限选考科目,522,033.jpg,visual_ocr_needs_spotcheck,53007,fujian_2025_physics_undergrad_admission_images,ocr_needs_spotcheck
2698,河南工业大学（中外合作）,500,选考化学,513,033.jpg,visual_ocr_needs_spotcheck,59514,fujian_2025_physics_undergrad_admission_images,ocr_needs_spotcheck
2699,河南开封科技传媒学院,500,选考化学,473,033.jpg,visual_ocr_needs_spotcheck,92111,fujian_2025_physics_undergrad_admission_images,ocr_needs_spotcheck
2699,河南开封科技传媒学院,999,不限选考科目,475,033.jpg,visual_ocr_needs_spotcheck,90360,fujian_2025_physics_undergrad_admission_images,ocr_needs_spotcheck
2700,河南科技大学,500,选考化学,545,033.jpg,visual_ocr_needs_spotcheck,37957,fujian_2025_physics_undergrad_admission_images,ocr_needs_spotcheck
2700,河南科技大学,516,选考化学且生物学,537,033.jpg,visual_ocr_needs_spotcheck,43014,fujian_2025_physics_undergrad_admission_images,ocr_needs_spotcheck
2701,河南科技大学（中外合作）,500,选考化学,533,033.jpg,visual_ocr_needs_spotcheck,45540,fujian_2025_physics_undergrad_admission_images,ocr_needs_spotcheck
2701,河南科技大学（中外合作）,999,不限选考科目,519,033.jpg,visual_ocr_needs_spotcheck,55133,fujian_2025_physics_undergrad_admission_images,ocr_needs_spotcheck
2702,河南科技学院,500,选考化学,493,033.jpg,visual_ocr_needs_spotcheck,75303,fujian_2025_physics_undergrad_admission_images,ocr_needs_spotcheck
2702,河南科技学院,999,不限选考科目,493,034.jpg,visual_ocr_needs_spotcheck,75303,fujian_2025_physics_undergrad_admission_images,ocr_needs_spotcheck
2703,河南理工大学,500,选考化学,523,034.jpg,visual_ocr_needs_spotcheck,52278,fujian_2025_physics_undergrad_admission_images,ocr_needs_spotcheck
2703,河南理工大学,999,不限选考科目,523,034.jpg,visual_ocr_needs_spotcheck,52278,fujian_2025_physics_undergrad_admission_images,ocr_needs_spotcheck
2704,河南理工大学（中外合作）,500,选考化学,539,034.jpg,visual_ocr_needs_spotcheck,41729,fujian_2025_physics_undergrad_admission_images,ocr_needs_spotcheck
2705,河南农业大学,500,选考化学,523,034.jpg,visual_ocr_needs_spotcheck,52278,fujian_2025_physics_undergrad_admission_images,ocr_needs_spotcheck
2705,河南农业大学,516,选考化学且生物学,491,034.jpg,visual_ocr_needs_spotcheck,76979,fujian_2025_physics_undergrad_admission_images,ocr_needs_spotcheck
2705,河南农业大学,600,选考生物学,510,034.jpg,visual_ocr_needs_spotcheck,61799,fujian_2025_physics_undergrad_admission_images,ocr_needs_spotcheck
2705,河南农业大学,900,选考地理,521,034.jpg,visual_ocr_needs_spotcheck,53711,fujian_2025_physics_undergrad_admission_images,ocr_needs_spotcheck
2705,河南农业大学,999,不限选考科目,519,034.jpg,visual_ocr_needs_spotcheck,55133,fujian_2025_physics_undergrad_admission_images,ocr_needs_spotcheck
2706,河南农业大学（中外合作）,500,选考化学,499,034.jpg,visual_ocr_needs_spotcheck,70339,fujian_2025_physics_undergrad_admission_images,ocr_needs_spotcheck
2707,河南师范大学,500,选考化学,523,034.jpg,visual_ocr_needs_spotcheck,52278,fujian_2025_physics_undergrad_admission_images,ocr_needs_spotcheck
2708,河南医药大学,500,选考化学,484,034.jpg,visual_ocr_needs_spotcheck,82760,fujian_2025_physics_undergrad_admission_images,ocr_needs_spotcheck
2709,河南中医药大学,500,选考化学,544,034.jpg,visual_ocr_needs_spotcheck,38598,fujian_2025_physics_undergrad_admission_images,ocr_needs_spotcheck
2709,河南中医药大学,600,选考生物学,512,034.jpg,visual_ocr_needs_spotcheck,60283,fujian_2025_physics_undergrad_admission_images,ocr_needs_spotcheck
2709,河南中医药大学,999,不限选考科目,502,034.jpg,visual_ocr_needs_spotcheck,67989,fujian_2025_physics_undergrad_admission_images,ocr_needs_spotcheck
2710,菏泽学院,500,选考化学,488,034.jpg,visual_ocr_needs_spotcheck,79451,fujian_2025_physics_undergrad_admission_images,ocr_needs_spotcheck
2710,菏泽学院,999,不限选考科目,496,034.jpg,visual_ocr_needs_spotcheck,72818,fujian_2025_physics_undergrad_admission_images,ocr_needs_spotcheck
2711,贺州学院,500,选考化学,495,034.jpg,visual_ocr_needs_spotcheck,73670,fujian_2025_physics_undergrad_admission_images,ocr_needs_spotcheck
2711,贺州学院,999,不限选考科目,491,034.jpg,visual_ocr_needs_spotcheck,76979,fujian_2025_physics_undergrad_admission_images,ocr_needs_spotcheck
2712,黑河学院,500,选考化学,488,034.jpg,visual_ocr_needs_spotcheck,79451,fujian_2025_physics_undergrad_admission_images,ocr_needs_spotcheck
2712,黑河学院,999,不限选考科目,488,034.jpg,visual_ocr_needs_spotcheck,79451,fujian_2025_physics_undergrad_admission_images,ocr_needs_spotcheck
2713,黑龙江八一农垦大学,500,选考化学,490,034.jpg,visual_ocr_needs_spotcheck,77780,fujian_2025_physics_undergrad_admission_images,ocr_needs_spotcheck
2713,黑龙江八一农垦大学,999,不限选考科目,480,034.jpg,visual_ocr_needs_spotcheck,86154,fujian_2025_physics_undergrad_admission_images,ocr_needs_spotcheck
2714,黑龙江财经学院,500,选考化学,441,034.jpg,visual_ocr_needs_spotcheck,119155,fujian_2025_physics_undergrad_admission_images,ocr_needs_spotcheck
2714,黑龙江财经学院,999,不限选考科目,441,034.jpg,visual_ocr_needs_spotcheck,119155,fujian_2025_physics_undergrad_admission_images,ocr_needs_spotcheck
2715,黑龙江大学,500,选考化学,515,034.jpg,visual_ocr_needs_spotcheck,58055,fujian_2025_physics_undergrad_admission_images,ocr_needs_spotcheck
2715,黑龙江大学,999,不限选考科目,523,034.jpg,visual_ocr_needs_spotcheck,52278,fujian_2025_physics_undergrad_admission_images,ocr_needs_spotcheck
2716,黑龙江东方学院,500,选考化学,442,034.jpg,visual_ocr_needs_spotcheck,118298,fujian_2025_physics_undergrad_admission_images,ocr_needs_spotcheck
2716,黑龙江东方学院,999,不限选考科目,441,035.jpg,visual_ocr_needs_spotcheck,119155,fujian_2025_physics_undergrad_admission_images,ocr_needs_spotcheck
2717,黑龙江工程学院,500,选考化学,490,035.jpg,visual_ocr_needs_spotcheck,77780,fujian_2025_physics_undergrad_admission_images,ocr_needs_spotcheck
2717,黑龙江工程学院,900,选考地理,490,035.jpg,visual_ocr_needs_spotcheck,77780,fujian_2025_physics_undergrad_admission_images,ocr_needs_spotcheck
2718,黑龙江工程学院昆仑旅游学院,500,选考化学,454,035.jpg,visual_ocr_needs_spotcheck,108322,fujian_2025_physics_undergrad_admission_images,ocr_needs_spotcheck
2718,黑龙江工程学院昆仑旅游学院,999,不限选考科目,442,035.jpg,visual_ocr_needs_spotcheck,118298,fujian_2025_physics_undergrad_admission_images,ocr_needs_spotcheck
2719,黑龙江工商学院,500,选考化学,441,035.jpg,visual_ocr_needs_spotcheck,119155,fujian_2025_physics_undergrad_admission_images,ocr_needs_spotcheck
2720,黑龙江科技大学,500,选考化学,500,035.jpg,visual_ocr_needs_spotcheck,69546,fujian_2025_physics_undergrad_admission_images,ocr_needs_spotcheck
2720,黑龙江科技大学,999,不限选考科目,492,035.jpg,visual_ocr_needs_spotcheck,76112,fujian_2025_physics_undergrad_admission_images,ocr_needs_spotcheck
2722,黑龙江中医药大学,500,选考化学,507,035.jpg,visual_ocr_needs_spotcheck,64125,fujian_2025_physics_undergrad_admission_images,ocr_needs_spotcheck
2722,黑龙江中医药大学,600,选考生物学,513,035.jpg,visual_ocr_needs_spotcheck,59514,fujian_2025_physics_undergrad_admission_images,ocr_needs_spotcheck
2722,黑龙江中医药大学,999,不限选考科目,510,035.jpg,visual_ocr_needs_spotcheck,61799,fujian_2025_physics_undergrad_admission_images,ocr_needs_spotcheck
2723,衡水学院,500,选考化学,490,035.jpg,visual_ocr_needs_spotcheck,77780,fujian_2025_physics_undergrad_admission_images,ocr_needs_spotcheck
2723,衡水学院,999,不限选考科目,490,035.jpg,visual_ocr_needs_spotcheck,77780,fujian_2025_physics_undergrad_admission_images,ocr_needs_spotcheck
2724,衡水学院（中外合作）,500,选考化学,475,035.jpg,visual_ocr_needs_spotcheck,90360,fujian_2025_physics_undergrad_admission_images,ocr_needs_spotcheck
2725,衡阳师范学院,500,选考化学,514,035.jpg,visual_ocr_needs_spotcheck,58785,fujian_2025_physics_undergrad_admission_images,ocr_needs_spotcheck
2725,衡阳师范学院,516,选考化学且生物学,514,035.jpg,visual_ocr_needs_spotcheck,58785,fujian_2025_physics_undergrad_admission_images,ocr_needs_spotcheck
2725,衡阳师范学院,900,选考地理,519,035.jpg,visual_ocr_needs_spotcheck,55133,fujian_2025_physics_undergrad_admission_images,ocr_needs_spotcheck
2725,衡阳师范学院,999,不限选考科目,490,035.jpg,visual_ocr_needs_spotcheck,77780,fujian_2025_physics_undergrad_admission_images,ocr_needs_spotcheck
2727,红河学院,500,选考化学,488,035.jpg,visual_ocr_needs_spotcheck,79451,fujian_2025_physics_undergrad_admission_images,ocr_needs_spotcheck
2727,红河学院,999,不限选考科目,484,035.jpg,visual_ocr_needs_spotcheck,82760,fujian_2025_physics_undergrad_admission_images,ocr_needs_spotcheck
2728,湖北大学,500,选考化学,566,035.jpg,visual_ocr_needs_spotcheck,26736,fujian_2025_physics_undergrad_admission_images,ocr_needs_spotcheck
2728,湖北大学,999,不限选考科目,582,035.jpg,visual_ocr_needs_spotcheck,19495,fujian_2025_physics_undergrad_admission_images,ocr_needs_spotcheck
2729,湖北大学（中外合作）,500,选考化学,524,035.jpg,visual_ocr_needs_spotcheck,51599,fujian_2025_physics_undergrad_admission_images,ocr_needs_spotcheck
2730,湖北大学知行学院,500,选考化学,485,035.jpg,visual_ocr_needs_spotcheck,81945,fujian_2025_physics_undergrad_admission_images,ocr_needs_spotcheck
2730,湖北大学知行学院,999,不限选考科目,488,035.jpg,visual_ocr_needs_spotcheck,79451,fujian_2025_physics_undergrad_admission_images,ocr_needs_spotcheck
2731,湖北第二师范学院,500,选考化学,521,035.jpg,visual_ocr_needs_spotcheck,53711,fujian_2025_physics_undergrad_admission_images,ocr_needs_spotcheck
2732,湖北恩施学院,500,选考化学,514,035.jpg,visual_ocr_needs_spotcheck,58785,fujian_2025_physics_undergrad_admission_images,ocr_needs_spotcheck
2733,湖北工程学院,500,选考化学,520,035.jpg,visual_ocr_needs_spotcheck,54409,fujian_2025_physics_undergrad_admission_images,ocr_needs_spotcheck
2733,湖北工程学院,999,不限选考科目,501,036.jpg,visual_ocr_needs_spotcheck,68791,fujian_2025_physics_undergrad_admission_images,ocr_needs_spotcheck
2734,湖北工程学院新技术学院,500,选考化学,480,036.jpg,visual_ocr_needs_spotcheck,86154,fujian_2025_physics_undergrad_admission_images,ocr_needs_spotcheck
2735,湖北工业大学,500,选考化学,563,036.jpg,visual_ocr_needs_spotcheck,28208,fujian_2025_physics_undergrad_admission_images,ocr_needs_spotcheck
2736,湖北工业大学工程技术学院,500,选考化学,478,036.jpg,visual_ocr_needs_spotcheck,87828,fujian_2025_physics_undergrad_admission_images,ocr_needs_spotcheck
2737,湖北警官学院,500,选考化学,521,036.jpg,visual_ocr_needs_spotcheck,53711,fujian_2025_physics_undergrad_admission_images,ocr_needs_spotcheck
2737,湖北警官学院,999,不限选考科目,529,036.jpg,visual_ocr_needs_spotcheck,48168,fujian_2025_physics_undergrad_admission_images,ocr_needs_spotcheck
2738,湖北经济学院,500,选考化学,543,036.jpg,visual_ocr_needs_spotcheck,39235,fujian_2025_physics_undergrad_admission_images,ocr_needs_spotcheck
2738,湖北经济学院,999,不限选考科目,526,036.jpg,visual_ocr_needs_spotcheck,50184,fujian_2025_physics_undergrad_admission_images,ocr_needs_spotcheck
2739,湖北经济学院（中外合作）,500,选考化学,511,036.jpg,visual_ocr_needs_spotcheck,61013,fujian_2025_physics_undergrad_admission_images,ocr_needs_spotcheck
2740,湖北经济学院法商学院,999,不限选考科目,472,036.jpg,visual_ocr_needs_spotcheck,92964,fujian_2025_physics_undergrad_admission_images,ocr_needs_spotcheck
2741,湖北科技学院,500,选考化学,509,036.jpg,visual_ocr_needs_spotcheck,62571,fujian_2025_physics_undergrad_admission_images,ocr_needs_spotcheck
2742,湖北科技学院（中外合作）,500,选考化学,506,036.jpg,visual_ocr_needs_spotcheck,64873,fujian_2025_physics_undergrad_admission_images,ocr_needs_spotcheck
2743,湖北理工学院,500,选考化学,537,036.jpg,visual_ocr_needs_spotcheck,43014,fujian_2025_physics_undergrad_admission_images,ocr_needs_spotcheck
2744,湖北理工学院（中外合作）,500,选考化学,507,036.jpg,visual_ocr_needs_spotcheck,64125,fujian_2025_physics_undergrad_admission_images,ocr_needs_spotcheck
2746,湖北民族大学,500,选考化学,509,036.jpg,visual_ocr_needs_spotcheck,62571,fujian_2025_physics_undergrad_admission_images,ocr_needs_spotcheck
2747,湖北汽车工业学院,500,选考化学,531,036.jpg,visual_ocr_needs_spotcheck,46854,fujian_2025_physics_undergrad_admission_images,ocr_needs_spotcheck
2748,湖北商贸学院,500,选考化学,474,036.jpg,visual_ocr_needs_spotcheck,91278,fujian_2025_physics_undergrad_admission_images,ocr_needs_spotcheck
2749,湖北师范大学,500,选考化学,523,036.jpg,visual_ocr_needs_spotcheck,52278,fujian_2025_physics_undergrad_admission_images,ocr_needs_spotcheck
2749,湖北师范大学,900,选考地理,551,036.jpg,visual_ocr_needs_spotcheck,34510,fujian_2025_physics_undergrad_admission_images,ocr_needs_spotcheck
2749,湖北师范大学,999,不限选考科目,531,036.jpg,visual_ocr_needs_spotcheck,46854,fujian_2025_physics_undergrad_admission_images,ocr_needs_spotcheck
2750,湖北师范大学（中外合作）,500,选考化学,523,036.jpg,visual_ocr_needs_spotcheck,52278,fujian_2025_physics_undergrad_admission_images,ocr_needs_spotcheck
2751,湖北师范大学文理学院,500,选考化学,473,036.jpg,visual_ocr_needs_spotcheck,92111,fujian_2025_physics_undergrad_admission_images,ocr_needs_spotcheck
2751,湖北师范大学文理学院,999,不限选考科目,474,036.jpg,visual_ocr_needs_spotcheck,91278,fujian_2025_physics_undergrad_admission_images,ocr_needs_spotcheck
2752,湖北文理学院,500,选考化学,513,036.jpg,visual_ocr_needs_spotcheck,59514,fujian_2025_physics_undergrad_admission_images,ocr_needs_spotcheck
2753,湖北文理学院理工学院,500,选考化学,480,036.jpg,visual_ocr_needs_spotcheck,86154,fujian_2025_physics_undergrad_admission_images,ocr_needs_spotcheck
2753,湖北文理学院理工学院,999,不限选考科目,478,036.jpg,visual_ocr_needs_spotcheck,87828,fujian_2025_physics_undergrad_admission_images,ocr_needs_spotcheck
2754,湖北医药学院,500,选考化学,527,036.jpg,visual_ocr_needs_spotcheck,49465,fujian_2025_physics_undergrad_admission_images,ocr_needs_spotcheck
2755,湖北医药学院药护学院,500,选考化学,490,036.jpg,visual_ocr_needs_spotcheck,77780,fujian_2025_physics_undergrad_admission_images,ocr_needs_spotcheck
2756,湖北中医药大学,500,选考化学,522,037.jpg,visual_ocr_needs_spotcheck,53007,fujian_2025_physics_undergrad_admission_images,ocr_needs_spotcheck
2756,湖北中医药大学,999,不限选考科目,533,037.jpg,visual_ocr_needs_spotcheck,45540,fujian_2025_physics_undergrad_admission_images,ocr_needs_spotcheck
2757,湖南财政经济学院,500,选考化学,531,037.jpg,visual_ocr_needs_spotcheck,46854,fujian_2025_physics_undergrad_admission_images,ocr_needs_spotcheck
2757,湖南财政经济学院,999,不限选考科目,518,037.jpg,visual_ocr_needs_spotcheck,55877,fujian_2025_physics_undergrad_admission_images,ocr_needs_spotcheck
2758,湖南城市学院,500,选考化学,494,037.jpg,visual_ocr_needs_spotcheck,74485,fujian_2025_physics_undergrad_admission_images,ocr_needs_spotcheck
2758,湖南城市学院,999,不限选考科目,500,037.jpg,visual_ocr_needs_spotcheck,69546,fujian_2025_physics_undergrad_admission_images,ocr_needs_spotcheck
2759,湖南大学,500,选考化学,632,037.jpg,visual_ocr_needs_spotcheck,4442,fujian_2025_physics_undergrad_admission_images,ocr_needs_spotcheck
2759,湖南大学,999,不限选考科目,626,037.jpg,visual_ocr_needs_spotcheck,5610,fujian_2025_physics_undergrad_admission_images,ocr_needs_spotcheck
2761,湖南第一师范学院,500,选考化学,529,037.jpg,visual_ocr_needs_spotcheck,48168,fujian_2025_physics_undergrad_admission_images,ocr_needs_spotcheck
2762,湖南工程学院,500,选考化学,515,037.jpg,visual_ocr_needs_spotcheck,58055,fujian_2025_physics_undergrad_admission_images,ocr_needs_spotcheck
2762,湖南工程学院,999,不限选考科目,520,037.jpg,visual_ocr_needs_spotcheck,54409,fujian_2025_physics_undergrad_admission_images,ocr_needs_spotcheck
2763,湖南工程学院（中外合作）,500,选考化学,515,037.jpg,visual_ocr_needs_spotcheck,58055,fujian_2025_physics_undergrad_admission_images,ocr_needs_spotcheck
2765,湖南工商大学,500,选考化学,543,037.jpg,visual_ocr_needs_spotcheck,39235,fujian_2025_physics_undergrad_admission_images,ocr_needs_spotcheck
2765,湖南工商大学,900,选考地理,518,037.jpg,visual_ocr_needs_spotcheck,55877,fujian_2025_physics_undergrad_admission_images,ocr_needs_spotcheck
2765,湖南工商大学,999,不限选考科目,533,037.jpg,visual_ocr_needs_spotcheck,45540,fujian_2025_physics_undergrad_admission_images,ocr_needs_spotcheck
2766,湖南工商大学（中外合作）,999,不限选考科目,524,037.jpg,visual_ocr_needs_spotcheck,51599,fujian_2025_physics_undergrad_admission_images,ocr_needs_spotcheck
2767,湖南工学院,500,选考化学,513,037.jpg,visual_ocr_needs_spotcheck,59514,fujian_2025_physics_undergrad_admission_images,ocr_needs_spotcheck
2767,湖南工学院,999,不限选考科目,509,037.jpg,visual_ocr_needs_spotcheck,62571,fujian_2025_physics_undergrad_admission_images,ocr_needs_spotcheck
2768,湖南工业大学,500,选考化学,525,037.jpg,visual_ocr_needs_spotcheck,50881,fujian_2025_physics_undergrad_admission_images,ocr_needs_spotcheck
2768,湖南工业大学,999,不限选考科目,511,037.jpg,visual_ocr_needs_spotcheck,61013,fujian_2025_physics_undergrad_admission_images,ocr_needs_spotcheck
2769,湖南交通工程学院,500,选考化学,459,037.jpg,visual_ocr_needs_spotcheck,104060,fujian_2025_physics_undergrad_admission_images,ocr_needs_spotcheck
2769,湖南交通工程学院,999,不限选考科目,446,037.jpg,visual_ocr_needs_spotcheck,115031,fujian_2025_physics_undergrad_admission_images,ocr_needs_spotcheck
2770,湖南科技大学,500,选考化学,524,037.jpg,visual_ocr_needs_spotcheck,51599,fujian_2025_physics_undergrad_admission_images,ocr_needs_spotcheck
2770,湖南科技大学,900,选考地理,561,037.jpg,visual_ocr_needs_spotcheck,29212,fujian_2025_physics_undergrad_admission_images,ocr_needs_spotcheck
2770,湖南科技大学,999,不限选考科目,528,037.jpg,visual_ocr_needs_spotcheck,48837,fujian_2025_physics_undergrad_admission_images,ocr_needs_spotcheck
2771,湖南科技大学潇湘学院,500,选考化学,486,037.jpg,visual_ocr_needs_spotcheck,81079,fujian_2025_physics_undergrad_admission_images,ocr_needs_spotcheck
2772,湖南科技学院,500,选考化学,499,037.jpg,visual_ocr_needs_spotcheck,70339,fujian_2025_physics_undergrad_admission_images,ocr_needs_spotcheck
2772,湖南科技学院,999,不限选考科目,502,037.jpg,visual_ocr_needs_spotcheck,67989,fujian_2025_physics_undergrad_admission_images,ocr_needs_spotcheck
2773,湖南理工学院,500,选考化学,526,038.jpg,visual_ocr_needs_spotcheck,50184,fujian_2025_physics_undergrad_admission_images,ocr_needs_spotcheck
2773,湖南理工学院,999,不限选考科目,507,038.jpg,visual_ocr_needs_spotcheck,64125,fujian_2025_physics_undergrad_admission_images,ocr_needs_spotcheck
2774,湖南农业大学,500,选考化学,517,038.jpg,visual_ocr_needs_spotcheck,56618,fujian_2025_physics_undergrad_admission_images,ocr_needs_spotcheck
2774,湖南农业大学,900,选考地理,538,038.jpg,visual_ocr_needs_spotcheck,42366,fujian_2025_physics_undergrad_admission_images,ocr_needs_spotcheck
2774,湖南农业大学,999,不限选考科目,524,038.jpg,visual_ocr_needs_spotcheck,51599,fujian_2025_physics_undergrad_admission_images,ocr_needs_spotcheck
2775,湖南农业大学东方科技学院,500,选考化学,481,038.jpg,visual_ocr_needs_spotcheck,85345,fujian_2025_physics_undergrad_admission_images,ocr_needs_spotcheck
2776,湖南汽车工程职业大学,999,不限选考科目,499,038.jpg,visual_ocr_needs_spotcheck,70339,fujian_2025_physics_undergrad_admission_images,ocr_needs_spotcheck
2777,湖南人文科技学院,500,选考化学,494,038.jpg,visual_ocr_needs_spotcheck,74485,fujian_2025_physics_undergrad_admission_images,ocr_needs_spotcheck
2777,湖南人文科技学院,999,不限选考科目,491,038.jpg,visual_ocr_needs_spotcheck,76979,fujian_2025_physics_undergrad_admission_images,ocr_needs_spotcheck
2778,湖南人文科技学院（中外合作）,999,不限选考科目,485,038.jpg,visual_ocr_needs_spotcheck,81945,fujian_2025_physics_undergrad_admission_images,ocr_needs_spotcheck
2779,湖南涉外经济学院,500,选考化学,447,038.jpg,visual_ocr_needs_spotcheck,114226,fujian_2025_physics_undergrad_admission_images,ocr_needs_spotcheck
2779,湖南涉外经济学院,999,不限选考科目,441,038.jpg,visual_ocr_needs_spotcheck,119155,fujian_2025_physics_undergrad_admission_images,ocr_needs_spotcheck
2780,湖南师范大学,500,选考化学,598,038.jpg,visual_ocr_needs_spotcheck,13403,fujian_2025_physics_undergrad_admission_images,ocr_needs_spotcheck
2780,湖南师范大学,900,选考地理,589,038.jpg,visual_ocr_needs_spotcheck,16625,fujian_2025_physics_undergrad_admission_images,ocr_needs_spotcheck
2780,湖南师范大学,999,不限选考科目,589,038.jpg,visual_ocr_needs_spotcheck,16625,fujian_2025_physics_undergrad_admission_images,ocr_needs_spotcheck
2781,湖南师范大学（医学类）,500,选考化学,572,038.jpg,visual_ocr_needs_spotcheck,23889,fujian_2025_physics_undergrad_admission_images,ocr_needs_spotcheck
2783,湖南文理学院,500,选考化学,509,038.jpg,visual_ocr_needs_spotcheck,62571,fujian_2025_physics_undergrad_admission_images,ocr_needs_spotcheck
2783,湖南文理学院,516,选考化学且生物学,504,038.jpg,visual_ocr_needs_spotcheck,66452,fujian_2025_physics_undergrad_admission_images,ocr_needs_spotcheck
2784,湖南文理学院（中外合作）,500,选考化学,500,038.jpg,visual_ocr_needs_spotcheck,69546,fujian_2025_physics_undergrad_admission_images,ocr_needs_spotcheck
2784,湖南文理学院（中外合作）,999,不限选考科目,477,038.jpg,visual_ocr_needs_spotcheck,88668,fujian_2025_physics_undergrad_admission_images,ocr_needs_spotcheck
2785,湖南医药学院,500,选考化学,505,038.jpg,visual_ocr_needs_spotcheck,65653,fujian_2025_physics_undergrad_admission_images,ocr_needs_spotcheck
2785,湖南医药学院,999,不限选考科目,532,038.jpg,visual_ocr_needs_spotcheck,46183,fujian_2025_physics_undergrad_admission_images,ocr_needs_spotcheck
2788,湖南中医药大学（物理组1）,999,不限选考科目,555,038.jpg,visual_ocr_needs_spotcheck,32381,fujian_2025_physics_undergrad_admission_images,ocr_needs_spotcheck
2789,湖南中医药大学（物理组2）,999,不限选考科目,522,038.jpg,visual_ocr_needs_spotcheck,53007,fujian_2025_physics_undergrad_admission_images,ocr_needs_spotcheck
2790,湖南中医药大学（物理组3）,500,选考化学,552,038.jpg,visual_ocr_needs_spotcheck,33956,fujian_2025_physics_undergrad_admission_images,ocr_needs_spotcheck
2791,湖南中医药大学（物理组4）,500,选考化学,546,038.jpg,visual_ocr_needs_spotcheck,37396,fujian_2025_physics_undergrad_admission_images,ocr_needs_spotcheck
2792,湖南中医药大学（物理组5）,500,选考化学,482,038.jpg,visual_ocr_needs_spotcheck,84464,fujian_2025_physics_undergrad_admission_images,ocr_needs_spotcheck
2793,湖南中医药大学湘杏学院,500,选考化学,484,038.jpg,visual_ocr_needs_spotcheck,82760,fujian_2025_physics_undergrad_admission_images,ocr_needs_spotcheck
2793,湖南中医药大学湘杏学院,999,不限选考科目,524,039.jpg,visual_ocr_needs_spotcheck,51599,fujian_2025_physics_undergrad_admission_images,ocr_needs_spotcheck
2794,湖州师范学院,500,选考化学,503,039.jpg,visual_ocr_needs_spotcheck,67246,fujian_2025_physics_undergrad_admission_images,ocr_needs_spotcheck
2794,湖州师范学院,999,不限选考科目,524,039.jpg,visual_ocr_needs_spotcheck,51599,fujian_2025_physics_undergrad_admission_images,ocr_needs_spotcheck
2795,湖州学院,500,选考化学,520,039.jpg,visual_ocr_needs_spotcheck,54409,fujian_2025_physics_undergrad_admission_images,ocr_needs_spotcheck
2796,华北电力大学(保定),500,选考化学,607,039.jpg,visual_ocr_needs_spotcheck,10504,fujian_2025_physics_undergrad_admission_images,ocr_needs_spotcheck
2796,华北电力大学(保定),999,不限选考科目,590,039.jpg,visual_ocr_needs_spotcheck,16253,fujian_2025_physics_undergrad_admission_images,ocr_needs_spotcheck
2797,华北电力大学(北京),500,选考化学,610,039.jpg,visual_ocr_needs_spotcheck,9599,fujian_2025_physics_undergrad_admission_images,ocr_needs_spotcheck
2797,华北电力大学(北京),999,不限选考科目,594,039.jpg,visual_ocr_needs_spotcheck,14801,fujian_2025_physics_undergrad_admission_images,ocr_needs_spotcheck
2798,华北科技学院,500,选考化学,502,039.jpg,visual_ocr_needs_spotcheck,67989,fujian_2025_physics_undergrad_admission_images,ocr_needs_spotcheck
2798,华北科技学院,999,不限选考科目,492,039.jpg,visual_ocr_needs_spotcheck,76112,fujian_2025_physics_undergrad_admission_images,ocr_needs_spotcheck
2799,华北理工大学,500,选考化学,512,039.jpg,visual_ocr_needs_spotcheck,60283,fujian_2025_physics_undergrad_admission_images,ocr_needs_spotcheck
2799,华北理工大学,516,选考化学且生物学,562,039.jpg,visual_ocr_needs_spotcheck,28701,fujian_2025_physics_undergrad_admission_images,ocr_needs_spotcheck
2799,华北理工大学,999,不限选考科目,525,039.jpg,visual_ocr_needs_spotcheck,50881,fujian_2025_physics_undergrad_admission_images,ocr_needs_spotcheck
2800,华北理工大学轻工学院,500,选考化学,473,039.jpg,visual_ocr_needs_spotcheck,92111,fujian_2025_physics_undergrad_admission_images,ocr_needs_spotcheck
2800,华北理工大学轻工学院,999,不限选考科目,466,039.jpg,visual_ocr_needs_spotcheck,98212,fujian_2025_physics_undergrad_admission_images,ocr_needs_spotcheck
2801,华北水利水电大学,500,选考化学,538,039.jpg,visual_ocr_needs_spotcheck,42366,fujian_2025_physics_undergrad_admission_images,ocr_needs_spotcheck
2801,华北水利水电大学,999,不限选考科目,516,039.jpg,visual_ocr_needs_spotcheck,57329,fujian_2025_physics_undergrad_admission_images,ocr_needs_spotcheck
2802,华北水利水电大学（中外合作）,500,选考化学,504,039.jpg,visual_ocr_needs_spotcheck,66452,fujian_2025_physics_undergrad_admission_images,ocr_needs_spotcheck
2803,华东交通大学,500,选考化学,572,039.jpg,visual_ocr_needs_spotcheck,23889,fujian_2025_physics_undergrad_admission_images,ocr_needs_spotcheck
2803,华东交通大学,999,不限选考科目,565,039.jpg,visual_ocr_needs_spotcheck,27225,fujian_2025_physics_undergrad_admission_images,ocr_needs_spotcheck
2804,华东交通大学（高收费）,500,选考化学,564,039.jpg,visual_ocr_needs_spotcheck,27712,fujian_2025_physics_undergrad_admission_images,ocr_needs_spotcheck
2805,华东交通大学（中外联合）,500,选考化学,547,039.jpg,visual_ocr_needs_spotcheck,36813,fujian_2025_physics_undergrad_admission_images,ocr_needs_spotcheck
2805,华东交通大学（中外联合）,999,不限选考科目,533,039.jpg,visual_ocr_needs_spotcheck,45540,fujian_2025_physics_undergrad_admission_images,ocr_needs_spotcheck
2806,华东理工大学,500,选考化学,612,039.jpg,visual_ocr_needs_spotcheck,9021,fujian_2025_physics_undergrad_admission_images,ocr_needs_spotcheck
2806,华东理工大学,999,不限选考科目,610,039.jpg,visual_ocr_needs_spotcheck,9599,fujian_2025_physics_undergrad_admission_images,ocr_needs_spotcheck
2807,华东师范大学,500,选考化学,635,039.jpg,visual_ocr_needs_spotcheck,3867,fujian_2025_physics_undergrad_admission_images,ocr_needs_spotcheck
2807,华东师范大学,999,不限选考科目,635,039.jpg,visual_ocr_needs_spotcheck,3867,fujian_2025_physics_undergrad_admission_images,ocr_needs_spotcheck
2808,华东政法大学,999,不限选考科目,609,039.jpg,visual_ocr_needs_spotcheck,9900,fujian_2025_physics_undergrad_admission_images,ocr_needs_spotcheck
2811,华南理工大学（物化组1）,500,选考化学,643,040.jpg,visual_ocr_needs_spotcheck,2663,fujian_2025_physics_undergrad_admission_images,ocr_needs_spotcheck
2812,华南理工大学（物化组2）,500,选考化学,639,040.jpg,visual_ocr_needs_spotcheck,3258,fujian_2025_physics_undergrad_admission_images,ocr_needs_spotcheck
2813,华南理工大学（物化组3）,500,选考化学,635,040.jpg,visual_ocr_needs_spotcheck,3867,fujian_2025_physics_undergrad_admission_images,ocr_needs_spotcheck
2814,华南理工大学（中外合作）,500,选考化学,616,040.jpg,visual_ocr_needs_spotcheck,7919,fujian_2025_physics_undergrad_admission_images,ocr_needs_spotcheck
2815,华南农业大学,500,选考化学,556,040.jpg,visual_ocr_needs_spotcheck,31880,fujian_2025_physics_undergrad_admission_images,ocr_needs_spotcheck
2815,华南农业大学,600,选考生物学,570,040.jpg,visual_ocr_needs_spotcheck,24825,fujian_2025_physics_undergrad_admission_images,ocr_needs_spotcheck
2815,华南农业大学,999,不限选考科目,567,040.jpg,visual_ocr_needs_spotcheck,26218,fujian_2025_physics_undergrad_admission_images,ocr_needs_spotcheck
2816,华南农业大学（中外合作）,500,选考化学,546,040.jpg,visual_ocr_needs_spotcheck,37396,fujian_2025_physics_undergrad_admission_images,ocr_needs_spotcheck
2817,华南师范大学,500,选考化学,606,040.jpg,visual_ocr_needs_spotcheck,10843,fujian_2025_physics_undergrad_admission_images,ocr_needs_spotcheck
2817,华南师范大学,999,不限选考科目,616,040.jpg,visual_ocr_needs_spotcheck,7919,fujian_2025_physics_undergrad_admission_images,ocr_needs_spotcheck
2818,华南师范大学（中外合作）,500,选考化学,583,040.jpg,visual_ocr_needs_spotcheck,19062,fujian_2025_physics_undergrad_admission_images,ocr_needs_spotcheck
2819,华中科技大学,500,选考化学,656,040.jpg,visual_ocr_needs_spotcheck,1271,fujian_2025_physics_undergrad_admission_images,ocr_needs_spotcheck
2820,华中科技大学（医学类1）,500,选考化学,647,040.jpg,visual_ocr_needs_spotcheck,2159,fujian_2025_physics_undergrad_admission_images,ocr_needs_spotcheck
2821,华中科技大学（医学类2）,500,选考化学,626,040.jpg,visual_ocr_needs_spotcheck,5610,fujian_2025_physics_undergrad_admission_images,ocr_needs_spotcheck
2822,华中科技大学（医学类3）,500,选考化学,601,040.jpg,visual_ocr_needs_spotcheck,12436,fujian_2025_physics_undergrad_admission_images,ocr_needs_spotcheck
2823,华中科技大学（中外合作）,500,选考化学,613,040.jpg,visual_ocr_needs_spotcheck,8716,fujian_2025_physics_undergrad_admission_images,ocr_needs_spotcheck
2824,华中农业大学,500,选考化学,591,040.jpg,visual_ocr_needs_spotcheck,15883,fujian_2025_physics_undergrad_admission_images,ocr_needs_spotcheck
2824,华中农业大学,600,选考生物学,589,040.jpg,visual_ocr_needs_spotcheck,16625,fujian_2025_physics_undergrad_admission_images,ocr_needs_spotcheck
2824,华中农业大学,999,不限选考科目,588,040.jpg,visual_ocr_needs_spotcheck,17024,fujian_2025_physics_undergrad_admission_images,ocr_needs_spotcheck
2825,华中师范大学,500,选考化学,619,040.jpg,visual_ocr_needs_spotcheck,7186,fujian_2025_physics_undergrad_admission_images,ocr_needs_spotcheck
2825,华中师范大学,999,不限选考科目,596,040.jpg,visual_ocr_needs_spotcheck,14083,fujian_2025_physics_undergrad_admission_images,ocr_needs_spotcheck
2828,淮北师范大学,500,选考化学,536,040.jpg,visual_ocr_needs_spotcheck,43666,fujian_2025_physics_undergrad_admission_images,ocr_needs_spotcheck
2828,淮北师范大学,516,选考化学且生物学,510,040.jpg,visual_ocr_needs_spotcheck,61799,fujian_2025_physics_undergrad_admission_images,ocr_needs_spotcheck
2829,怀化学院,500,选考化学,499,040.jpg,visual_ocr_needs_spotcheck,70339,fujian_2025_physics_undergrad_admission_images,ocr_needs_spotcheck
2829,怀化学院,600,选考生物学,490,040.jpg,visual_ocr_needs_spotcheck,77780,fujian_2025_physics_undergrad_admission_images,ocr_needs_spotcheck
2830,淮阴工学院,500,选考化学,509,040.jpg,visual_ocr_needs_spotcheck,62571,fujian_2025_physics_undergrad_admission_images,ocr_needs_spotcheck
2830,淮阴工学院,999,不限选考科目,504,040.jpg,visual_ocr_needs_spotcheck,66452,fujian_2025_physics_undergrad_admission_images,ocr_needs_spotcheck
2831,淮阴师范学院,500,选考化学,505,040.jpg,visual_ocr_needs_spotcheck,65653,fujian_2025_physics_undergrad_admission_images,ocr_needs_spotcheck
2833,黄河科技学院,500,选考化学,478,041.jpg,visual_ocr_needs_spotcheck,87828,fujian_2025_physics_undergrad_admission_images,ocr_needs_spotcheck
2833,黄河科技学院,999,不限选考科目,473,041.jpg,visual_ocr_needs_spotcheck,92111,fujian_2025_physics_undergrad_admission_images,ocr_needs_spotcheck
2834,黄淮学院,500,选考化学,489,041.jpg,visual_ocr_needs_spotcheck,78616,fujian_2025_physics_undergrad_admission_images,ocr_needs_spotcheck
2834,黄淮学院,600,选考生物学,485,041.jpg,visual_ocr_needs_spotcheck,81945,fujian_2025_physics_undergrad_admission_images,ocr_needs_spotcheck
2834,黄淮学院,999,不限选考科目,488,041.jpg,visual_ocr_needs_spotcheck,79451,fujian_2025_physics_undergrad_admission_images,ocr_needs_spotcheck
2835,惠州学院,500,选考化学,514,041.jpg,visual_ocr_needs_spotcheck,58785,fujian_2025_physics_undergrad_admission_images,ocr_needs_spotcheck
2837,吉利学院,500,选考化学,466,041.jpg,visual_ocr_needs_spotcheck,98212,fujian_2025_physics_undergrad_admission_images,ocr_needs_spotcheck
2837,吉利学院,999,不限选考科目,460,041.jpg,visual_ocr_needs_spotcheck,103242,fujian_2025_physics_undergrad_admission_images,ocr_needs_spotcheck
2838,吉林财经大学,500,选考化学,529,041.jpg,visual_ocr_needs_spotcheck,48168,fujian_2025_physics_undergrad_admission_images,ocr_needs_spotcheck
2838,吉林财经大学,999,不限选考科目,521,041.jpg,visual_ocr_needs_spotcheck,53711,fujian_2025_physics_undergrad_admission_images,ocr_needs_spotcheck
2839,吉林财经大学（中外合作）,999,不限选考科目,513,041.jpg,visual_ocr_needs_spotcheck,59514,fujian_2025_physics_undergrad_admission_images,ocr_needs_spotcheck
2840,吉林大学,500,选考化学,621,041.jpg,visual_ocr_needs_spotcheck,6705,fujian_2025_physics_undergrad_admission_images,ocr_needs_spotcheck
2840,吉林大学,999,不限选考科目,616,041.jpg,visual_ocr_needs_spotcheck,7919,fujian_2025_physics_undergrad_admission_images,ocr_needs_spotcheck
2841,吉林大学（临床医学）,500,选考化学,634,041.jpg,visual_ocr_needs_spotcheck,4065,fujian_2025_physics_undergrad_admission_images,ocr_needs_spotcheck
2842,吉林大学（唐敖庆班）,500,选考化学,641,041.jpg,visual_ocr_needs_spotcheck,2960,fujian_2025_physics_undergrad_admission_images,ocr_needs_spotcheck
2843,吉林大学（中外合作）,500,选考化学,606,041.jpg,visual_ocr_needs_spotcheck,10843,fujian_2025_physics_undergrad_admission_images,ocr_needs_spotcheck
2845,吉林工程技术师范学院,500,选考化学,498,041.jpg,visual_ocr_needs_spotcheck,71202,fujian_2025_physics_undergrad_admission_images,ocr_needs_spotcheck
2846,吉林工商学院,500,选考化学,490,041.jpg,visual_ocr_needs_spotcheck,77780,fujian_2025_physics_undergrad_admission_images,ocr_needs_spotcheck
2846,吉林工商学院,516,选考化学且生物学,490,041.jpg,visual_ocr_needs_spotcheck,77780,fujian_2025_physics_undergrad_admission_images,ocr_needs_spotcheck
2846,吉林工商学院,999,不限选考科目,486,041.jpg,visual_ocr_needs_spotcheck,81079,fujian_2025_physics_undergrad_admission_images,ocr_needs_spotcheck
2847,吉林建筑大学,500,选考化学,469,041.jpg,visual_ocr_needs_spotcheck,95545,fujian_2025_physics_undergrad_admission_images,ocr_needs_spotcheck
2847,吉林建筑大学,619,选考生物学且地理,488,041.jpg,visual_ocr_needs_spotcheck,79451,fujian_2025_physics_undergrad_admission_images,ocr_needs_spotcheck
2847,吉林建筑大学,999,不限选考科目,480,041.jpg,visual_ocr_needs_spotcheck,86154,fujian_2025_physics_undergrad_admission_images,ocr_needs_spotcheck
2848,吉林建筑大学（中外合作）,500,选考化学,513,041.jpg,visual_ocr_needs_spotcheck,59514,fujian_2025_physics_undergrad_admission_images,ocr_needs_spotcheck
2848,吉林建筑大学（中外合作）,999,不限选考科目,465,041.jpg,visual_ocr_needs_spotcheck,99057,fujian_2025_physics_undergrad_admission_images,ocr_needs_spotcheck
2849,吉林建筑科技学院,500,选考化学,441,041.jpg,visual_ocr_needs_spotcheck,119155,fujian_2025_physics_undergrad_admission_images,ocr_needs_spotcheck
2849,吉林建筑科技学院,999,不限选考科目,,041.jpg,visual_ocr_needs_spotcheck,,fujian_2025_physics_undergrad_admission_images,ocr_needs_spotcheck
2850,吉林农业大学,500,选考化学,507,041.jpg,visual_ocr_needs_spotcheck,64125,fujian_2025_physics_undergrad_admission_images,ocr_needs_spotcheck
2850,吉林农业大学,516,选考化学且生物学,481,042.jpg,visual_ocr_needs_spotcheck,85345,fujian_2025_physics_undergrad_admission_images,ocr_needs_spotcheck
2850,吉林农业大学,999,不限选考科目,500,042.jpg,visual_ocr_needs_spotcheck,69546,fujian_2025_physics_undergrad_admission_images,ocr_needs_spotcheck
2851,吉林农业科技学院,500,选考化学,485,042.jpg,visual_ocr_needs_spotcheck,81945,fujian_2025_physics_undergrad_admission_images,ocr_needs_spotcheck
2851,吉林农业科技学院,600,选考生物学,486,042.jpg,visual_ocr_needs_spotcheck,81079,fujian_2025_physics_undergrad_admission_images,ocr_needs_spotcheck
2852,吉林师范大学,500,选考化学,520,042.jpg,visual_ocr_needs_spotcheck,54409,fujian_2025_physics_undergrad_admission_images,ocr_needs_spotcheck
2852,吉林师范大学,999,不限选考科目,512,042.jpg,visual_ocr_needs_spotcheck,60283,fujian_2025_physics_undergrad_admission_images,ocr_needs_spotcheck
2855,吉林师范大学博达学院,500,选考化学,444,042.jpg,visual_ocr_needs_spotcheck,116681,fujian_2025_physics_undergrad_admission_images,ocr_needs_spotcheck
2855,吉林师范大学博达学院,900,选考地理,483,042.jpg,visual_ocr_needs_spotcheck,83635,fujian_2025_physics_undergrad_admission_images,ocr_needs_spotcheck
2855,吉林师范大学博达学院,999,不限选考科目,453,042.jpg,visual_ocr_needs_spotcheck,109170,fujian_2025_physics_undergrad_admission_images,ocr_needs_spotcheck
2856,吉林外国语大学,500,选考化学,470,042.jpg,visual_ocr_needs_spotcheck,94712,fujian_2025_physics_undergrad_admission_images,ocr_needs_spotcheck
2856,吉林外国语大学,999,不限选考科目,441,042.jpg,visual_ocr_needs_spotcheck,119155,fujian_2025_physics_undergrad_admission_images,ocr_needs_spotcheck
2858,吉林医药学院,500,选考化学,501,042.jpg,visual_ocr_needs_spotcheck,68791,fujian_2025_physics_undergrad_admission_images,ocr_needs_spotcheck
2858,吉林医药学院,516,选考化学且生物学,504,042.jpg,visual_ocr_needs_spotcheck,66452,fujian_2025_physics_undergrad_admission_images,ocr_needs_spotcheck
2858,吉林医药学院,999,不限选考科目,498,042.jpg,visual_ocr_needs_spotcheck,71202,fujian_2025_physics_undergrad_admission_images,ocr_needs_spotcheck
2859,吉林医药学院（中外合作）,516,选考化学且生物学,480,042.jpg,visual_ocr_needs_spotcheck,86154,fujian_2025_physics_undergrad_admission_images,ocr_needs_spotcheck
2860,济南大学,500,选考化学,545,042.jpg,visual_ocr_needs_spotcheck,37957,fujian_2025_physics_undergrad_admission_images,ocr_needs_spotcheck
2860,济南大学,999,不限选考科目,541,042.jpg,visual_ocr_needs_spotcheck,40511,fujian_2025_physics_undergrad_admission_images,ocr_needs_spotcheck
2861,暨南大学,500,选考化学,599,042.jpg,visual_ocr_needs_spotcheck,13078,fujian_2025_physics_undergrad_admission_images,ocr_needs_spotcheck
2861,暨南大学,999,不限选考科目,596,042.jpg,visual_ocr_needs_spotcheck,14083,fujian_2025_physics_undergrad_admission_images,ocr_needs_spotcheck
2862,暨南大学（中外合作）,500,选考化学,587,042.jpg,visual_ocr_needs_spotcheck,17424,fujian_2025_physics_undergrad_admission_images,ocr_needs_spotcheck
2862,暨南大学（中外合作）,999,不限选考科目,588,042.jpg,visual_ocr_needs_spotcheck,17024,fujian_2025_physics_undergrad_admission_images,ocr_needs_spotcheck
2863,济宁学院,500,选考化学,507,042.jpg,visual_ocr_needs_spotcheck,64125,fujian_2025_physics_undergrad_admission_images,ocr_needs_spotcheck
2864,济宁医学院,500,选考化学,537,042.jpg,visual_ocr_needs_spotcheck,43014,fujian_2025_physics_undergrad_admission_images,ocr_needs_spotcheck
2865,吉首大学,500,选考化学,525,042.jpg,visual_ocr_needs_spotcheck,50881,fujian_2025_physics_undergrad_admission_images,ocr_needs_spotcheck
2865,吉首大学,600,选考生物学,467,042.jpg,visual_ocr_needs_spotcheck,97377,fujian_2025_physics_undergrad_admission_images,ocr_needs_spotcheck
2866,佳木斯大学,500,选考化学,486,042.jpg,visual_ocr_needs_spotcheck,81079,fujian_2025_physics_undergrad_admission_images,ocr_needs_spotcheck
2866,佳木斯大学,999,不限选考科目,483,042.jpg,visual_ocr_needs_spotcheck,83635,fujian_2025_physics_undergrad_admission_images,ocr_needs_spotcheck
2867,嘉兴大学,500,选考化学,548,042.jpg,visual_ocr_needs_spotcheck,36213,fujian_2025_physics_undergrad_admission_images,ocr_needs_spotcheck
2867,嘉兴大学,600,选考生物学,516,043.jpg,visual_ocr_needs_spotcheck,57329,fujian_2025_physics_undergrad_admission_images,ocr_needs_spotcheck
2867,嘉兴大学,999,不限选考科目,529,043.jpg,visual_ocr_needs_spotcheck,48168,fujian_2025_physics_undergrad_admission_images,ocr_needs_spotcheck
2868,嘉兴南湖学院,500,选考化学,533,043.jpg,visual_ocr_needs_spotcheck,45540,fujian_2025_physics_undergrad_admission_images,ocr_needs_spotcheck
2868,嘉兴南湖学院,999,不限选考科目,528,043.jpg,visual_ocr_needs_spotcheck,48837,fujian_2025_physics_undergrad_admission_images,ocr_needs_spotcheck
2869,嘉应学院,500,选考化学,503,043.jpg,visual_ocr_needs_spotcheck,67246,fujian_2025_physics_undergrad_admission_images,ocr_needs_spotcheck
2869,嘉应学院,700,选考思想政治,526,043.jpg,visual_ocr_needs_spotcheck,50184,fujian_2025_physics_undergrad_admission_images,ocr_needs_spotcheck
2869,嘉应学院,900,选考地理,515,043.jpg,visual_ocr_needs_spotcheck,58055,fujian_2025_physics_undergrad_admission_images,ocr_needs_spotcheck
2869,嘉应学院,999,不限选考科目,506,043.jpg,visual_ocr_needs_spotcheck,64873,fujian_2025_physics_undergrad_admission_images,ocr_needs_spotcheck
2870,江汉大学,500,选考化学,549,043.jpg,visual_ocr_needs_spotcheck,35614,fujian_2025_physics_undergrad_admission_images,ocr_needs_spotcheck
2870,江汉大学,999,不限选考科目,539,043.jpg,visual_ocr_needs_spotcheck,41729,fujian_2025_physics_undergrad_admission_images,ocr_needs_spotcheck
2871,江南大学,999,不限选考科目,596,043.jpg,visual_ocr_needs_spotcheck,14083,fujian_2025_physics_undergrad_admission_images,ocr_needs_spotcheck
2872,江南大学（临床医学）,500,选考化学,610,043.jpg,visual_ocr_needs_spotcheck,9599,fujian_2025_physics_undergrad_admission_images,ocr_needs_spotcheck
2873,江南大学（物化组1）,500,选考化学,600,043.jpg,visual_ocr_needs_spotcheck,12735,fujian_2025_physics_undergrad_admission_images,ocr_needs_spotcheck
2874,江南大学（物化组2）,500,选考化学,612,043.jpg,visual_ocr_needs_spotcheck,9021,fujian_2025_physics_undergrad_admission_images,ocr_needs_spotcheck
2875,江南大学（中外合作）,500,选考化学,589,043.jpg,visual_ocr_needs_spotcheck,16625,fujian_2025_physics_undergrad_admission_images,ocr_needs_spotcheck
2875,江南大学（中外合作）,999,不限选考科目,585,043.jpg,visual_ocr_needs_spotcheck,18234,fujian_2025_physics_undergrad_admission_images,ocr_needs_spotcheck
2876,江苏大学,500,选考化学,585,043.jpg,visual_ocr_needs_spotcheck,18234,fujian_2025_physics_undergrad_admission_images,ocr_needs_spotcheck
2876,江苏大学,999,不限选考科目,584,043.jpg,visual_ocr_needs_spotcheck,18650,fujian_2025_physics_undergrad_admission_images,ocr_needs_spotcheck
2877,江苏大学京江学院,500,选考化学,480,043.jpg,visual_ocr_needs_spotcheck,86154,fujian_2025_physics_undergrad_admission_images,ocr_needs_spotcheck
2877,江苏大学京江学院,999,不限选考科目,489,043.jpg,visual_ocr_needs_spotcheck,78616,fujian_2025_physics_undergrad_admission_images,ocr_needs_spotcheck
2878,江苏第二师范学院,500,选考化学,525,043.jpg,visual_ocr_needs_spotcheck,50881,fujian_2025_physics_undergrad_admission_images,ocr_needs_spotcheck
2878,江苏第二师范学院,999,不限选考科目,516,043.jpg,visual_ocr_needs_spotcheck,57329,fujian_2025_physics_undergrad_admission_images,ocr_needs_spotcheck
2879,江苏海洋大学,500,选考化学,528,043.jpg,visual_ocr_needs_spotcheck,48837,fujian_2025_physics_undergrad_admission_images,ocr_needs_spotcheck
2880,江苏科技大学,500,选考化学,572,043.jpg,visual_ocr_needs_spotcheck,23889,fujian_2025_physics_undergrad_admission_images,ocr_needs_spotcheck
2880,江苏科技大学,999,不限选考科目,573,043.jpg,visual_ocr_needs_spotcheck,23443,fujian_2025_physics_undergrad_admission_images,ocr_needs_spotcheck
2881,江苏科技大学苏州理工学院,500,选考化学,481,043.jpg,visual_ocr_needs_spotcheck,85345,fujian_2025_physics_undergrad_admission_images,ocr_needs_spotcheck
2882,江苏理工学院,500,选考化学,526,043.jpg,visual_ocr_needs_spotcheck,50184,fujian_2025_physics_undergrad_admission_images,ocr_needs_spotcheck
2883,江苏理工学院（中外合作）,500,选考化学,526,043.jpg,visual_ocr_needs_spotcheck,50184,fujian_2025_physics_undergrad_admission_images,ocr_needs_spotcheck
2884,江苏师范大学,500,选考化学,556,044.jpg,visual_ocr_needs_spotcheck,31880,fujian_2025_physics_undergrad_admission_images,ocr_needs_spotcheck
2884,江苏师范大学,900,选考地理,560,044.jpg,visual_ocr_needs_spotcheck,29717,fujian_2025_physics_undergrad_admission_images,ocr_needs_spotcheck
2884,江苏师范大学,999,不限选考科目,549,044.jpg,visual_ocr_needs_spotcheck,35614,fujian_2025_physics_undergrad_admission_images,ocr_needs_spotcheck
2885,江苏师范大学科文学院,500,选考化学,477,044.jpg,visual_ocr_needs_spotcheck,88668,fujian_2025_physics_undergrad_admission_images,ocr_needs_spotcheck
2885,江苏师范大学科文学院,999,不限选考科目,474,044.jpg,visual_ocr_needs_spotcheck,91278,fujian_2025_physics_undergrad_admission_images,ocr_needs_spotcheck
2886,江西财经大学,500,选考化学,576,044.jpg,visual_ocr_needs_spotcheck,22059,fujian_2025_physics_undergrad_admission_images,ocr_needs_spotcheck
2886,江西财经大学,999,不限选考科目,574,044.jpg,visual_ocr_needs_spotcheck,22981,fujian_2025_physics_undergrad_admission_images,ocr_needs_spotcheck
2887,江西财经大学（中外合作）,500,选考化学,555,044.jpg,visual_ocr_needs_spotcheck,32381,fujian_2025_physics_undergrad_admission_images,ocr_needs_spotcheck
2887,江西财经大学（中外合作）,999,不限选考科目,546,044.jpg,visual_ocr_needs_spotcheck,37396,fujian_2025_physics_undergrad_admission_images,ocr_needs_spotcheck
2888,江西财经大学现代经济管理学院,500,选考化学,487,044.jpg,visual_ocr_needs_spotcheck,80259,fujian_2025_physics_undergrad_admission_images,ocr_needs_spotcheck
2888,江西财经大学现代经济管理学院,999,不限选考科目,484,044.jpg,visual_ocr_needs_spotcheck,82760,fujian_2025_physics_undergrad_admission_images,ocr_needs_spotcheck
2889,江西飞行学院,500,选考化学,517,044.jpg,visual_ocr_needs_spotcheck,56618,fujian_2025_physics_undergrad_admission_images,ocr_needs_spotcheck
2889,江西飞行学院,999,不限选考科目,500,044.jpg,visual_ocr_needs_spotcheck,69546,fujian_2025_physics_undergrad_admission_images,ocr_needs_spotcheck
2890,江西服装学院,500,选考化学,456,044.jpg,visual_ocr_needs_spotcheck,106608,fujian_2025_physics_undergrad_admission_images,ocr_needs_spotcheck
2890,江西服装学院,999,不限选考科目,444,044.jpg,visual_ocr_needs_spotcheck,116681,fujian_2025_physics_undergrad_admission_images,ocr_needs_spotcheck
2891,江西工程学院,500,选考化学,479,044.jpg,visual_ocr_needs_spotcheck,86939,fujian_2025_physics_undergrad_admission_images,ocr_needs_spotcheck
2891,江西工程学院,999,不限选考科目,474,044.jpg,visual_ocr_needs_spotcheck,91278,fujian_2025_physics_undergrad_admission_images,ocr_needs_spotcheck
2892,江西警察学院,500,选考化学,520,044.jpg,visual_ocr_needs_spotcheck,54409,fujian_2025_physics_undergrad_admission_images,ocr_needs_spotcheck
2892,江西警察学院,999,不限选考科目,527,044.jpg,visual_ocr_needs_spotcheck,49465,fujian_2025_physics_undergrad_admission_images,ocr_needs_spotcheck
2893,江西科技师范大学,500,选考化学,516,044.jpg,visual_ocr_needs_spotcheck,57329,fujian_2025_physics_undergrad_admission_images,ocr_needs_spotcheck
2893,江西科技师范大学,999,不限选考科目,520,044.jpg,visual_ocr_needs_spotcheck,54409,fujian_2025_physics_undergrad_admission_images,ocr_needs_spotcheck
2894,江西科技师范大学（中法）,999,不限选考科目,450,044.jpg,visual_ocr_needs_spotcheck,111729,fujian_2025_physics_undergrad_admission_images,ocr_needs_spotcheck
2895,江西科技学院,500,选考化学,454,044.jpg,visual_ocr_needs_spotcheck,108322,fujian_2025_physics_undergrad_admission_images,ocr_needs_spotcheck
2895,江西科技学院,600,选考生物学,475,044.jpg,visual_ocr_needs_spotcheck,90360,fujian_2025_physics_undergrad_admission_images,ocr_needs_spotcheck
2895,江西科技学院,999,不限选考科目,467,044.jpg,visual_ocr_needs_spotcheck,97377,fujian_2025_physics_undergrad_admission_images,ocr_needs_spotcheck
2896,江西理工大学,500,选考化学,539,044.jpg,visual_ocr_needs_spotcheck,41729,fujian_2025_physics_undergrad_admission_images,ocr_needs_spotcheck
2896,江西理工大学,900,选考地理,558,044.jpg,visual_ocr_needs_spotcheck,30799,fujian_2025_physics_undergrad_admission_images,ocr_needs_spotcheck
2896,江西理工大学,999,不限选考科目,525,044.jpg,visual_ocr_needs_spotcheck,50881,fujian_2025_physics_undergrad_admission_images,ocr_needs_spotcheck
2897,江西理工大学（创新试验班）,500,选考化学,570,045.jpg,visual_ocr_needs_spotcheck,24825,fujian_2025_physics_undergrad_admission_images,ocr_needs_spotcheck
2898,江西理工大学（高收费）,500,选考化学,562,045.jpg,visual_ocr_needs_spotcheck,28701,fujian_2025_physics_undergrad_admission_images,ocr_needs_spotcheck
2899,江西理工大学（中外合作）,500,选考化学,554,045.jpg,visual_ocr_needs_spotcheck,32905,fujian_2025_physics_undergrad_admission_images,ocr_needs_spotcheck
2900,江西农业大学,500,选考化学,524,045.jpg,visual_ocr_needs_spotcheck,51599,fujian_2025_physics_undergrad_admission_images,ocr_needs_spotcheck
2900,江西农业大学,600,选考生物学,525,045.jpg,visual_ocr_needs_spotcheck,50881,fujian_2025_physics_undergrad_admission_images,ocr_needs_spotcheck
2900,江西农业大学,999,不限选考科目,522,045.jpg,visual_ocr_needs_spotcheck,53007,fujian_2025_physics_undergrad_admission_images,ocr_needs_spotcheck
2901,江西农业大学南昌商学院,500,选考化学,484,045.jpg,visual_ocr_needs_spotcheck,82760,fujian_2025_physics_undergrad_admission_images,ocr_needs_spotcheck
2901,江西农业大学南昌商学院,600,选考生物学,484,045.jpg,visual_ocr_needs_spotcheck,82760,fujian_2025_physics_undergrad_admission_images,ocr_needs_spotcheck
2901,江西农业大学南昌商学院,999,不限选考科目,478,045.jpg,visual_ocr_needs_spotcheck,87828,fujian_2025_physics_undergrad_admission_images,ocr_needs_spotcheck
2902,江西软件职业技术大学,999,不限选考科目,452,045.jpg,visual_ocr_needs_spotcheck,110007,fujian_2025_physics_undergrad_admission_images,ocr_needs_spotcheck
2903,江西师范大学,500,选考化学,554,045.jpg,visual_ocr_needs_spotcheck,32905,fujian_2025_physics_undergrad_admission_images,ocr_needs_spotcheck
2903,江西师范大学,900,选考地理,567,045.jpg,visual_ocr_needs_spotcheck,26218,fujian_2025_physics_undergrad_admission_images,ocr_needs_spotcheck
2903,江西师范大学,999,不限选考科目,534,045.jpg,visual_ocr_needs_spotcheck,44918,fujian_2025_physics_undergrad_admission_images,ocr_needs_spotcheck
2904,江西师范大学科学技术学院,500,选考化学,485,045.jpg,visual_ocr_needs_spotcheck,81945,fujian_2025_physics_undergrad_admission_images,ocr_needs_spotcheck
2904,江西师范大学科学技术学院,999,不限选考科目,482,045.jpg,visual_ocr_needs_spotcheck,84464,fujian_2025_physics_undergrad_admission_images,ocr_needs_spotcheck
2905,江西水利电力大学,500,选考化学,543,045.jpg,visual_ocr_needs_spotcheck,39235,fujian_2025_physics_undergrad_admission_images,ocr_needs_spotcheck
2905,江西水利电力大学,600,选考生物学,508,045.jpg,visual_ocr_needs_spotcheck,63376,fujian_2025_physics_undergrad_admission_images,ocr_needs_spotcheck
2905,江西水利电力大学,999,不限选考科目,512,045.jpg,visual_ocr_needs_spotcheck,60283,fujian_2025_physics_undergrad_admission_images,ocr_needs_spotcheck
2906,江西水利电力大学（中外合作）,500,选考化学,510,045.jpg,visual_ocr_needs_spotcheck,61799,fujian_2025_physics_undergrad_admission_images,ocr_needs_spotcheck
2907,江西应用科技学院,500,选考化学,468,045.jpg,visual_ocr_needs_spotcheck,96446,fujian_2025_physics_undergrad_admission_images,ocr_needs_spotcheck
2908,江西职业技术大学,999,不限选考科目,503,045.jpg,visual_ocr_needs_spotcheck,67246,fujian_2025_physics_undergrad_admission_images,ocr_needs_spotcheck
2909,江西中医药大学,500,选考化学,525,045.jpg,visual_ocr_needs_spotcheck,50881,fujian_2025_physics_undergrad_admission_images,ocr_needs_spotcheck
2909,江西中医药大学,999,不限选考科目,552,045.jpg,visual_ocr_needs_spotcheck,33956,fujian_2025_physics_undergrad_admission_images,ocr_needs_spotcheck
2910,金陵科技学院,500,选考化学,539,045.jpg,visual_ocr_needs_spotcheck,41729,fujian_2025_physics_undergrad_admission_images,ocr_needs_spotcheck
2910,金陵科技学院,600,选考生物学,523,045.jpg,visual_ocr_needs_spotcheck,52278,fujian_2025_physics_undergrad_admission_images,ocr_needs_spotcheck
2910,金陵科技学院,999,不限选考科目,533,045.jpg,visual_ocr_needs_spotcheck,45540,fujian_2025_physics_undergrad_admission_images,ocr_needs_spotcheck
2911,锦州医科大学,500,选考化学,504,045.jpg,visual_ocr_needs_spotcheck,66452,fujian_2025_physics_undergrad_admission_images,ocr_needs_spotcheck
2912,锦州医科大学医疗学院,500,选考化学,478,045.jpg,visual_ocr_needs_spotcheck,87828,fujian_2025_physics_undergrad_admission_images,ocr_needs_spotcheck
2913,荆楚理工学院,500,选考化学,494,046.jpg,visual_ocr_needs_spotcheck,74485,fujian_2025_physics_undergrad_admission_images,ocr_needs_spotcheck
2914,景德镇陶瓷大学,500,选考化学,531,046.jpg,visual_ocr_needs_spotcheck,46854,fujian_2025_physics_undergrad_admission_images,ocr_needs_spotcheck
2914,景德镇陶瓷大学,999,不限选考科目,522,046.jpg,visual_ocr_needs_spotcheck,53007,fujian_2025_physics_undergrad_admission_images,ocr_needs_spotcheck
2915,景德镇学院,500,选考化学,498,046.jpg,visual_ocr_needs_spotcheck,71202,fujian_2025_physics_undergrad_admission_images,ocr_needs_spotcheck
2915,景德镇学院,999,不限选考科目,509,046.jpg,visual_ocr_needs_spotcheck,62571,fujian_2025_physics_undergrad_admission_images,ocr_needs_spotcheck
2916,景德镇艺术职业大学,999,不限选考科目,471,046.jpg,visual_ocr_needs_spotcheck,93819,fujian_2025_physics_undergrad_admission_images,ocr_needs_spotcheck
2917,井冈山大学,500,选考化学,514,046.jpg,visual_ocr_needs_spotcheck,58785,fujian_2025_physics_undergrad_admission_images,ocr_needs_spotcheck
2917,井冈山大学,999,不限选考科目,510,046.jpg,visual_ocr_needs_spotcheck,61799,fujian_2025_physics_undergrad_admission_images,ocr_needs_spotcheck
2918,井冈山大学（中外合作）,500,选考化学,523,046.jpg,visual_ocr_needs_spotcheck,52278,fujian_2025_physics_undergrad_admission_images,ocr_needs_spotcheck
2919,井冈山大学（中英）,999,不限选考科目,500,046.jpg,visual_ocr_needs_spotcheck,69546,fujian_2025_physics_undergrad_admission_images,ocr_needs_spotcheck
2920,九江学院,500,选考化学,511,046.jpg,visual_ocr_needs_spotcheck,61013,fujian_2025_physics_undergrad_admission_images,ocr_needs_spotcheck
2923,喀什大学,500,选考化学,483,046.jpg,visual_ocr_needs_spotcheck,83635,fujian_2025_physics_undergrad_admission_images,ocr_needs_spotcheck
2923,喀什大学,700,选考思想政治,486,046.jpg,visual_ocr_needs_spotcheck,81079,fujian_2025_physics_undergrad_admission_images,ocr_needs_spotcheck
2923,喀什大学,999,不限选考科目,482,046.jpg,visual_ocr_needs_spotcheck,84464,fujian_2025_physics_undergrad_admission_images,ocr_needs_spotcheck
2924,凯里学院,500,选考化学,489,046.jpg,visual_ocr_needs_spotcheck,78616,fujian_2025_physics_undergrad_admission_images,ocr_needs_spotcheck
2924,凯里学院,999,不限选考科目,503,046.jpg,visual_ocr_needs_spotcheck,67246,fujian_2025_physics_undergrad_admission_images,ocr_needs_spotcheck
2932,昆明理工大学,500,选考化学,543,046.jpg,visual_ocr_needs_spotcheck,39235,fujian_2025_physics_undergrad_admission_images,ocr_needs_spotcheck
2932,昆明理工大学,516,选考化学且生物学,573,046.jpg,visual_ocr_needs_spotcheck,23443,fujian_2025_physics_undergrad_admission_images,ocr_needs_spotcheck
2932,昆明理工大学,900,选考地理,529,046.jpg,visual_ocr_needs_spotcheck,48168,fujian_2025_physics_undergrad_admission_images,ocr_needs_spotcheck
2932,昆明理工大学,999,不限选考科目,541,046.jpg,visual_ocr_needs_spotcheck,40511,fujian_2025_physics_undergrad_admission_images,ocr_needs_spotcheck
2933,昆明理工大学（中外合作）,500,选考化学,467,046.jpg,visual_ocr_needs_spotcheck,97377,fujian_2025_physics_undergrad_admission_images,ocr_needs_spotcheck
2933,昆明理工大学（中外合作）,999,不限选考科目,514,046.jpg,visual_ocr_needs_spotcheck,58785,fujian_2025_physics_undergrad_admission_images,ocr_needs_spotcheck
2934,昆明理工大学津桥学院,500,选考化学,468,046.jpg,visual_ocr_needs_spotcheck,96446,fujian_2025_physics_undergrad_admission_images,ocr_needs_spotcheck
2934,昆明理工大学津桥学院,999,不限选考科目,466,046.jpg,visual_ocr_needs_spotcheck,98212,fujian_2025_physics_undergrad_admission_images,ocr_needs_spotcheck
2935,昆明文理学院,500,选考化学,460,046.jpg,visual_ocr_needs_spotcheck,103242,fujian_2025_physics_undergrad_admission_images,ocr_needs_spotcheck
2935,昆明文理学院,999,不限选考科目,451,046.jpg,visual_ocr_needs_spotcheck,110888,fujian_2025_physics_undergrad_admission_images,ocr_needs_spotcheck
2936,昆明学院,500,选考化学,518,046.jpg,visual_ocr_needs_spotcheck,55877,fujian_2025_physics_undergrad_admission_images,ocr_needs_spotcheck
2936,昆明学院,516,选考化学且生物学,517,046.jpg,visual_ocr_needs_spotcheck,56618,fujian_2025_physics_undergrad_admission_images,ocr_needs_spotcheck
2936,昆明学院,700,选考思想政治,503,047.jpg,visual_ocr_needs_spotcheck,67246,fujian_2025_physics_undergrad_admission_images,ocr_needs_spotcheck
2936,昆明学院,999,不限选考科目,524,047.jpg,visual_ocr_needs_spotcheck,51599,fujian_2025_physics_undergrad_admission_images,ocr_needs_spotcheck
2937,昆明医科大学,500,选考化学,544,047.jpg,visual_ocr_needs_spotcheck,38598,fujian_2025_physics_undergrad_admission_images,ocr_needs_spotcheck
2938,昆明医科大学海源学院,500,选考化学,452,047.jpg,visual_ocr_needs_spotcheck,110007,fujian_2025_physics_undergrad_admission_images,ocr_needs_spotcheck
2938,昆明医科大学海源学院,600,选考生物学,483,047.jpg,visual_ocr_needs_spotcheck,83635,fujian_2025_physics_undergrad_admission_images,ocr_needs_spotcheck
2938,昆明医科大学海源学院,999,不限选考科目,475,047.jpg,visual_ocr_needs_spotcheck,90360,fujian_2025_physics_undergrad_admission_images,ocr_needs_spotcheck
2940,兰州博文科技学院,500,选考化学,467,047.jpg,visual_ocr_needs_spotcheck,97377,fujian_2025_physics_undergrad_admission_images,ocr_needs_spotcheck
2940,兰州博文科技学院,999,不限选考科目,454,047.jpg,visual_ocr_needs_spotcheck,108322,fujian_2025_physics_undergrad_admission_images,ocr_needs_spotcheck
2941,兰州财经大学,500,选考化学,522,047.jpg,visual_ocr_needs_spotcheck,53007,fujian_2025_physics_undergrad_admission_images,ocr_needs_spotcheck
2941,兰州财经大学,999,不限选考科目,507,047.jpg,visual_ocr_needs_spotcheck,64125,fujian_2025_physics_undergrad_admission_images,ocr_needs_spotcheck
2942,兰州城市学院,500,选考化学,491,047.jpg,visual_ocr_needs_spotcheck,76979,fujian_2025_physics_undergrad_admission_images,ocr_needs_spotcheck
2942,兰州城市学院,999,不限选考科目,483,047.jpg,visual_ocr_needs_spotcheck,83635,fujian_2025_physics_undergrad_admission_images,ocr_needs_spotcheck
2943,兰州大学,500,选考化学,608,047.jpg,visual_ocr_needs_spotcheck,10196,fujian_2025_physics_undergrad_admission_images,ocr_needs_spotcheck
2943,兰州大学,999,不限选考科目,607,047.jpg,visual_ocr_needs_spotcheck,10504,fujian_2025_physics_undergrad_admission_images,ocr_needs_spotcheck
2944,兰州工商学院,500,选考化学,461,047.jpg,visual_ocr_needs_spotcheck,102421,fujian_2025_physics_undergrad_admission_images,ocr_needs_spotcheck
2944,兰州工商学院,999,不限选考科目,453,047.jpg,visual_ocr_needs_spotcheck,109170,fujian_2025_physics_undergrad_admission_images,ocr_needs_spotcheck
2945,兰州交通大学,500,选考化学,554,047.jpg,visual_ocr_needs_spotcheck,32905,fujian_2025_physics_undergrad_admission_images,ocr_needs_spotcheck
2946,兰州理工大学,500,选考化学,505,047.jpg,visual_ocr_needs_spotcheck,65653,fujian_2025_physics_undergrad_admission_images,ocr_needs_spotcheck
2947,兰州石化职业技术大学,500,选考化学,497,047.jpg,visual_ocr_needs_spotcheck,72041,fujian_2025_physics_undergrad_admission_images,ocr_needs_spotcheck
2947,兰州石化职业技术大学,999,不限选考科目,497,047.jpg,visual_ocr_needs_spotcheck,72041,fujian_2025_physics_undergrad_admission_images,ocr_needs_spotcheck
2948,兰州信息科技学院,500,选考化学,464,047.jpg,visual_ocr_needs_spotcheck,99902,fujian_2025_physics_undergrad_admission_images,ocr_needs_spotcheck
2949,廊坊师范学院,500,选考化学,497,047.jpg,visual_ocr_needs_spotcheck,72041,fujian_2025_physics_undergrad_admission_images,ocr_needs_spotcheck
2949,廊坊师范学院,700,选考思想政治,506,047.jpg,visual_ocr_needs_spotcheck,64873,fujian_2025_physics_undergrad_admission_images,ocr_needs_spotcheck
2950,乐山师范学院,500,选考化学,495,047.jpg,visual_ocr_needs_spotcheck,73670,fujian_2025_physics_undergrad_admission_images,ocr_needs_spotcheck
2950,乐山师范学院,999,不限选考科目,497,047.jpg,visual_ocr_needs_spotcheck,72041,fujian_2025_physics_undergrad_admission_images,ocr_needs_spotcheck
2951,丽江文化旅游学院,500,选考化学,443,047.jpg,visual_ocr_needs_spotcheck,117511,fujian_2025_physics_undergrad_admission_images,ocr_needs_spotcheck
2951,丽江文化旅游学院,999,不限选考科目,442,047.jpg,visual_ocr_needs_spotcheck,118298,fujian_2025_physics_undergrad_admission_images,ocr_needs_spotcheck
2952,丽水学院,500,选考化学,513,047.jpg,visual_ocr_needs_spotcheck,59514,fujian_2025_physics_undergrad_admission_images,ocr_needs_spotcheck
2952,丽水学院,600,选考生物学,502,048.jpg,visual_ocr_needs_spotcheck,67989,fujian_2025_physics_undergrad_admission_images,ocr_needs_spotcheck
2955,聊城大学,500,选考化学,525,048.jpg,visual_ocr_needs_spotcheck,50881,fujian_2025_physics_undergrad_admission_images,ocr_needs_spotcheck
2955,聊城大学,999,不限选考科目,479,048.jpg,visual_ocr_needs_spotcheck,86939,fujian_2025_physics_undergrad_admission_images,ocr_needs_spotcheck
2956,辽宁传媒学院,500,选考化学,443,048.jpg,visual_ocr_needs_spotcheck,117511,fujian_2025_physics_undergrad_admission_images,ocr_needs_spotcheck
2957,辽宁大学,500,选考化学,586,048.jpg,visual_ocr_needs_spotcheck,17831,fujian_2025_physics_undergrad_admission_images,ocr_needs_spotcheck
2957,辽宁大学,999,不限选考科目,576,048.jpg,visual_ocr_needs_spotcheck,22059,fujian_2025_physics_undergrad_admission_images,ocr_needs_spotcheck
2958,辽宁大学（英语）,999,不限选考科目,591,048.jpg,visual_ocr_needs_spotcheck,15883,fujian_2025_physics_undergrad_admission_images,ocr_needs_spotcheck
2959,辽宁大学（中外合作1）,999,不限选考科目,561,048.jpg,visual_ocr_needs_spotcheck,29212,fujian_2025_physics_undergrad_admission_images,ocr_needs_spotcheck
2960,辽宁大学（中外合作2）,999,不限选考科目,580,048.jpg,visual_ocr_needs_spotcheck,20313,fujian_2025_physics_undergrad_admission_images,ocr_needs_spotcheck
2961,辽宁对外经贸学院,999,不限选考科目,442,048.jpg,visual_ocr_needs_spotcheck,118298,fujian_2025_physics_undergrad_admission_images,ocr_needs_spotcheck
2962,辽宁工程技术大学,500,选考化学,490,048.jpg,visual_ocr_needs_spotcheck,77780,fujian_2025_physics_undergrad_admission_images,ocr_needs_spotcheck
2963,辽宁何氏医学院,500,选考化学,496,048.jpg,visual_ocr_needs_spotcheck,72818,fujian_2025_physics_undergrad_admission_images,ocr_needs_spotcheck
2964,辽宁科技大学,500,选考化学,499,048.jpg,visual_ocr_needs_spotcheck,70339,fujian_2025_physics_undergrad_admission_images,ocr_needs_spotcheck
2964,辽宁科技大学,999,不限选考科目,507,048.jpg,visual_ocr_needs_spotcheck,64125,fujian_2025_physics_undergrad_admission_images,ocr_needs_spotcheck
2965,辽宁科技大学（中外合作）,500,选考化学,489,048.jpg,visual_ocr_needs_spotcheck,78616,fujian_2025_physics_undergrad_admission_images,ocr_needs_spotcheck
2966,辽宁科技学院,500,选考化学,507,048.jpg,visual_ocr_needs_spotcheck,64125,fujian_2025_physics_undergrad_admission_images,ocr_needs_spotcheck
2967,辽宁师范大学,500,选考化学,557,048.jpg,visual_ocr_needs_spotcheck,31329,fujian_2025_physics_undergrad_admission_images,ocr_needs_spotcheck
2968,辽宁师范大学（中外合作）,999,不限选考科目,474,048.jpg,visual_ocr_needs_spotcheck,91278,fujian_2025_physics_undergrad_admission_images,ocr_needs_spotcheck
2969,辽宁师范大学海华学院,500,选考化学,464,048.jpg,visual_ocr_needs_spotcheck,99902,fujian_2025_physics_undergrad_admission_images,ocr_needs_spotcheck
2969,辽宁师范大学海华学院,999,不限选考科目,462,048.jpg,visual_ocr_needs_spotcheck,101574,fujian_2025_physics_undergrad_admission_images,ocr_needs_spotcheck
2970,辽宁石油化工大学,500,选考化学,529,048.jpg,visual_ocr_needs_spotcheck,48168,fujian_2025_physics_undergrad_admission_images,ocr_needs_spotcheck
2971,辽宁石油化工大学（中外合作）,500,选考化学,530,048.jpg,visual_ocr_needs_spotcheck,47532,fujian_2025_physics_undergrad_admission_images,ocr_needs_spotcheck
2972,辽宁中医药大学,500,选考化学,506,048.jpg,visual_ocr_needs_spotcheck,64873,fujian_2025_physics_undergrad_admission_images,ocr_needs_spotcheck
2972,辽宁中医药大学,999,不限选考科目,545,048.jpg,visual_ocr_needs_spotcheck,37957,fujian_2025_physics_undergrad_admission_images,ocr_needs_spotcheck
2973,辽宁中医药大学杏林学院,500,选考化学,478,048.jpg,visual_ocr_needs_spotcheck,87828,fujian_2025_physics_undergrad_admission_images,ocr_needs_spotcheck
2974,临沂大学,500,选考化学,503,048.jpg,visual_ocr_needs_spotcheck,67246,fujian_2025_physics_undergrad_admission_images,ocr_needs_spotcheck
2975,临沂大学（中外合作）,500,选考化学,468,048.jpg,visual_ocr_needs_spotcheck,96446,fujian_2025_physics_undergrad_admission_images,ocr_needs_spotcheck
2976,岭南师范学院,500,选考化学,516,048.jpg,visual_ocr_needs_spotcheck,57329,fujian_2025_physics_undergrad_admission_images,ocr_needs_spotcheck
2976,岭南师范学院,516,选考化学且生物学,493,049.jpg,visual_ocr_needs_spotcheck,75303,fujian_2025_physics_undergrad_admission_images,ocr_needs_spotcheck
2976,岭南师范学院,900,选考地理,528,049.jpg,visual_ocr_needs_spotcheck,48837,fujian_2025_physics_undergrad_admission_images,ocr_needs_spotcheck
2976,岭南师范学院,999,不限选考科目,511,049.jpg,visual_ocr_needs_spotcheck,61013,fujian_2025_physics_undergrad_admission_images,ocr_needs_spotcheck
2977,六盘水师范学院,500,选考化学,491,049.jpg,visual_ocr_needs_spotcheck,76979,fujian_2025_physics_undergrad_admission_images,ocr_needs_spotcheck
2977,六盘水师范学院,999,不限选考科目,492,049.jpg,visual_ocr_needs_spotcheck,76112,fujian_2025_physics_undergrad_admission_images,ocr_needs_spotcheck
2978,柳州工学院,500,选考化学,444,049.jpg,visual_ocr_needs_spotcheck,116681,fujian_2025_physics_undergrad_admission_images,ocr_needs_spotcheck
2979,陇东学院,500,选考化学,489,049.jpg,visual_ocr_needs_spotcheck,78616,fujian_2025_physics_undergrad_admission_images,ocr_needs_spotcheck
2979,陇东学院,900,选考地理,485,049.jpg,visual_ocr_needs_spotcheck,81945,fujian_2025_physics_undergrad_admission_images,ocr_needs_spotcheck
2979,陇东学院,999,不限选考科目,491,049.jpg,visual_ocr_needs_spotcheck,76979,fujian_2025_physics_undergrad_admission_images,ocr_needs_spotcheck
2980,鲁东大学,500,选考化学,508,049.jpg,visual_ocr_needs_spotcheck,63376,fujian_2025_physics_undergrad_admission_images,ocr_needs_spotcheck
2980,鲁东大学,999,不限选考科目,488,049.jpg,visual_ocr_needs_spotcheck,79451,fujian_2025_physics_undergrad_admission_images,ocr_needs_spotcheck
2981,鲁东大学（中外合作）,500,选考化学,492,049.jpg,visual_ocr_needs_spotcheck,76112,fujian_2025_physics_undergrad_admission_images,ocr_needs_spotcheck
2990,洛阳理工学院,500,选考化学,512,049.jpg,visual_ocr_needs_spotcheck,60283,fujian_2025_physics_undergrad_admission_images,ocr_needs_spotcheck
2991,洛阳师范学院,500,选考化学,499,049.jpg,visual_ocr_needs_spotcheck,70339,fujian_2025_physics_undergrad_admission_images,ocr_needs_spotcheck
2992,吕梁学院,500,选考化学,489,049.jpg,visual_ocr_needs_spotcheck,78616,fujian_2025_physics_undergrad_admission_images,ocr_needs_spotcheck
2992,吕梁学院,516,选考化学且生物学,481,049.jpg,visual_ocr_needs_spotcheck,85345,fujian_2025_physics_undergrad_admission_images,ocr_needs_spotcheck
2992,吕梁学院,900,选考地理,488,049.jpg,visual_ocr_needs_spotcheck,79451,fujian_2025_physics_undergrad_admission_images,ocr_needs_spotcheck
2992,吕梁学院,999,不限选考科目,487,049.jpg,visual_ocr_needs_spotcheck,80259,fujian_2025_physics_undergrad_admission_images,ocr_needs_spotcheck
2993,马鞍山学院,500,选考化学,470,049.jpg,visual_ocr_needs_spotcheck,94712,fujian_2025_physics_undergrad_admission_images,ocr_needs_spotcheck
2994,茅台学院,500,选考化学,489,049.jpg,visual_ocr_needs_spotcheck,78616,fujian_2025_physics_undergrad_admission_images,ocr_needs_spotcheck
2994,茅台学院,999,不限选考科目,496,049.jpg,visual_ocr_needs_spotcheck,72818,fujian_2025_physics_undergrad_admission_images,ocr_needs_spotcheck
2995,绵阳城市学院,500,选考化学,468,049.jpg,visual_ocr_needs_spotcheck,96446,fujian_2025_physics_undergrad_admission_images,ocr_needs_spotcheck
2995,绵阳城市学院,900,选考地理,480,049.jpg,visual_ocr_needs_spotcheck,86154,fujian_2025_physics_undergrad_admission_images,ocr_needs_spotcheck
2995,绵阳城市学院,999,不限选考科目,466,049.jpg,visual_ocr_needs_spotcheck,98212,fujian_2025_physics_undergrad_admission_images,ocr_needs_spotcheck
2996,绵阳师范学院,500,选考化学,499,049.jpg,visual_ocr_needs_spotcheck,70339,fujian_2025_physics_undergrad_admission_images,ocr_needs_spotcheck
2996,绵阳师范学院,999,不限选考科目,513,049.jpg,visual_ocr_needs_spotcheck,59514,fujian_2025_physics_undergrad_admission_images,ocr_needs_spotcheck
2997,民政职业大学,999,不限选考科目,505,049.jpg,visual_ocr_needs_spotcheck,65653,fujian_2025_physics_undergrad_admission_images,ocr_needs_spotcheck
2998,牡丹江师范学院,500,选考化学,486,049.jpg,visual_ocr_needs_spotcheck,81079,fujian_2025_physics_undergrad_admission_images,ocr_needs_spotcheck
2998,牡丹江师范学院,999,不限选考科目,479,050.jpg,visual_ocr_needs_spotcheck,86939,fujian_2025_physics_undergrad_admission_images,ocr_needs_spotcheck
2999,牡丹江医科大学,500,选考化学,516,050.jpg,visual_ocr_needs_spotcheck,57329,fujian_2025_physics_undergrad_admission_images,ocr_needs_spotcheck
2999,牡丹江医科大学,516,选考化学且生物学,517,050.jpg,visual_ocr_needs_spotcheck,56618,fujian_2025_physics_undergrad_admission_images,ocr_needs_spotcheck
3000,南昌大学,500,选考化学,594,050.jpg,visual_ocr_needs_spotcheck,14801,fujian_2025_physics_undergrad_admission_images,ocr_needs_spotcheck
3000,南昌大学,516,选考化学且生物学,610,050.jpg,visual_ocr_needs_spotcheck,9599,fujian_2025_physics_undergrad_admission_images,ocr_needs_spotcheck
3000,南昌大学,600,选考生物学,581,050.jpg,visual_ocr_needs_spotcheck,19899,fujian_2025_physics_undergrad_admission_images,ocr_needs_spotcheck
3000,南昌大学,999,不限选考科目,592,050.jpg,visual_ocr_needs_spotcheck,15507,fujian_2025_physics_undergrad_admission_images,ocr_needs_spotcheck
3001,南昌大学（中外合作）,500,选考化学,585,050.jpg,visual_ocr_needs_spotcheck,18234,fujian_2025_physics_undergrad_admission_images,ocr_needs_spotcheck
3002,南昌大学共青学院,500,选考化学,485,050.jpg,visual_ocr_needs_spotcheck,81945,fujian_2025_physics_undergrad_admission_images,ocr_needs_spotcheck
3002,南昌大学共青学院,999,不限选考科目,484,050.jpg,visual_ocr_needs_spotcheck,82760,fujian_2025_physics_undergrad_admission_images,ocr_needs_spotcheck
3003,南昌大学科学技术学院,500,选考化学,491,050.jpg,visual_ocr_needs_spotcheck,76979,fujian_2025_physics_undergrad_admission_images,ocr_needs_spotcheck
3003,南昌大学科学技术学院,999,不限选考科目,484,050.jpg,visual_ocr_needs_spotcheck,82760,fujian_2025_physics_undergrad_admission_images,ocr_needs_spotcheck
3004,南昌工学院,500,选考化学,465,050.jpg,visual_ocr_needs_spotcheck,99057,fujian_2025_physics_undergrad_admission_images,ocr_needs_spotcheck
3004,南昌工学院,600,选考生物学,474,050.jpg,visual_ocr_needs_spotcheck,91278,fujian_2025_physics_undergrad_admission_images,ocr_needs_spotcheck
3004,南昌工学院,999,不限选考科目,467,050.jpg,visual_ocr_needs_spotcheck,97377,fujian_2025_physics_undergrad_admission_images,ocr_needs_spotcheck
3005,南昌航空大学,500,选考化学,574,050.jpg,visual_ocr_needs_spotcheck,22981,fujian_2025_physics_undergrad_admission_images,ocr_needs_spotcheck
3005,南昌航空大学,999,不限选考科目,549,050.jpg,visual_ocr_needs_spotcheck,35614,fujian_2025_physics_undergrad_admission_images,ocr_needs_spotcheck
3006,南昌航空大学（中外合作）,500,选考化学,563,050.jpg,visual_ocr_needs_spotcheck,28208,fujian_2025_physics_undergrad_admission_images,ocr_needs_spotcheck
3007,南昌航空大学科技学院,500,选考化学,484,050.jpg,visual_ocr_needs_spotcheck,82760,fujian_2025_physics_undergrad_admission_images,ocr_needs_spotcheck
3007,南昌航空大学科技学院,999,不限选考科目,484,050.jpg,visual_ocr_needs_spotcheck,82760,fujian_2025_physics_undergrad_admission_images,ocr_needs_spotcheck
3008,南昌交通学院,500,选考化学,472,050.jpg,visual_ocr_needs_spotcheck,92964,fujian_2025_physics_undergrad_admission_images,ocr_needs_spotcheck
3008,南昌交通学院,999,不限选考科目,468,050.jpg,visual_ocr_needs_spotcheck,96446,fujian_2025_physics_undergrad_admission_images,ocr_needs_spotcheck
3009,南昌理工学院,500,选考化学,473,050.jpg,visual_ocr_needs_spotcheck,92111,fujian_2025_physics_undergrad_admission_images,ocr_needs_spotcheck
3009,南昌理工学院,999,不限选考科目,476,050.jpg,visual_ocr_needs_spotcheck,89467,fujian_2025_physics_undergrad_admission_images,ocr_needs_spotcheck
3010,南昌师范学院,500,选考化学,516,050.jpg,visual_ocr_needs_spotcheck,57329,fujian_2025_physics_undergrad_admission_images,ocr_needs_spotcheck
3010,南昌师范学院,999,不限选考科目,503,050.jpg,visual_ocr_needs_spotcheck,67246,fujian_2025_physics_undergrad_admission_images,ocr_needs_spotcheck
3011,南昌医学院,999,不限选考科目,508,050.jpg,visual_ocr_needs_spotcheck,63376,fujian_2025_physics_undergrad_admission_images,ocr_needs_spotcheck
3012,南昌医学院（物化组1）,500,选考化学,548,050.jpg,visual_ocr_needs_spotcheck,36213,fujian_2025_physics_undergrad_admission_images,ocr_needs_spotcheck
3013,南昌医学院（物化组2）,500,选考化学,563,051.jpg,visual_ocr_needs_spotcheck,28208,fujian_2025_physics_undergrad_admission_images,ocr_needs_spotcheck
3014,南昌医学院（物化组3）,500,选考化学,526,051.jpg,visual_ocr_needs_spotcheck,50184,fujian_2025_physics_undergrad_admission_images,ocr_needs_spotcheck
3015,南昌医学院（物化组4）,500,选考化学,508,051.jpg,visual_ocr_needs_spotcheck,63376,fujian_2025_physics_undergrad_admission_images,ocr_needs_spotcheck
3016,南昌医学院（物化组5）,500,选考化学,499,051.jpg,visual_ocr_needs_spotcheck,70339,fujian_2025_physics_undergrad_admission_images,ocr_needs_spotcheck
3017,南昌医学院（物化组6）,500,选考化学,535,051.jpg,visual_ocr_needs_spotcheck,44290,fujian_2025_physics_undergrad_admission_images,ocr_needs_spotcheck
3018,南昌医学院（物生组1）,600,选考生物学,533,051.jpg,visual_ocr_needs_spotcheck,45540,fujian_2025_physics_undergrad_admission_images,ocr_needs_spotcheck
3019,南昌医学院（物生组2）,600,选考生物学,505,051.jpg,visual_ocr_needs_spotcheck,65653,fujian_2025_physics_undergrad_admission_images,ocr_needs_spotcheck
3020,南昌应用技术师范学院,500,选考化学,475,051.jpg,visual_ocr_needs_spotcheck,90360,fujian_2025_physics_undergrad_admission_images,ocr_needs_spotcheck
3020,南昌应用技术师范学院,999,不限选考科目,484,051.jpg,visual_ocr_needs_spotcheck,82760,fujian_2025_physics_undergrad_admission_images,ocr_needs_spotcheck
3021,南昌职业大学,999,不限选考科目,464,051.jpg,visual_ocr_needs_spotcheck,99902,fujian_2025_physics_undergrad_admission_images,ocr_needs_spotcheck
3024,南方医科大学,500,选考化学,544,051.jpg,visual_ocr_needs_spotcheck,38598,fujian_2025_physics_undergrad_admission_images,ocr_needs_spotcheck
3025,南华大学,500,选考化学,533,051.jpg,visual_ocr_needs_spotcheck,45540,fujian_2025_physics_undergrad_admission_images,ocr_needs_spotcheck
3025,南华大学,999,不限选考科目,522,051.jpg,visual_ocr_needs_spotcheck,53007,fujian_2025_physics_undergrad_admission_images,ocr_needs_spotcheck
3026,南京财经大学,500,选考化学,572,051.jpg,visual_ocr_needs_spotcheck,23889,fujian_2025_physics_undergrad_admission_images,ocr_needs_spotcheck
3026,南京财经大学,999,不限选考科目,571,051.jpg,visual_ocr_needs_spotcheck,24364,fujian_2025_physics_undergrad_admission_images,ocr_needs_spotcheck
3027,南京财经大学（中外合作）,999,不限选考科目,564,051.jpg,visual_ocr_needs_spotcheck,27712,fujian_2025_physics_undergrad_admission_images,ocr_needs_spotcheck
3028,南京财经大学红山学院,999,不限选考科目,480,051.jpg,visual_ocr_needs_spotcheck,86154,fujian_2025_physics_undergrad_admission_images,ocr_needs_spotcheck
3029,南京传媒学院,500,选考化学,507,051.jpg,visual_ocr_needs_spotcheck,64125,fujian_2025_physics_undergrad_admission_images,ocr_needs_spotcheck
3029,南京传媒学院,999,不限选考科目,511,051.jpg,visual_ocr_needs_spotcheck,61013,fujian_2025_physics_undergrad_admission_images,ocr_needs_spotcheck
3030,南京大学,500,选考化学,668,051.jpg,visual_ocr_needs_spotcheck,531,fujian_2025_physics_undergrad_admission_images,ocr_needs_spotcheck
3031,南京大学（中外合作）,500,选考化学,641,051.jpg,visual_ocr_needs_spotcheck,2960,fujian_2025_physics_undergrad_admission_images,ocr_needs_spotcheck
3032,南京工程学院,500,选考化学,577,051.jpg,visual_ocr_needs_spotcheck,21588,fujian_2025_physics_undergrad_admission_images,ocr_needs_spotcheck
3032,南京工程学院,999,不限选考科目,543,051.jpg,visual_ocr_needs_spotcheck,39235,fujian_2025_physics_undergrad_admission_images,ocr_needs_spotcheck
3033,南京工程学院（中外合作）,500,选考化学,494,051.jpg,visual_ocr_needs_spotcheck,74485,fujian_2025_physics_undergrad_admission_images,ocr_needs_spotcheck
3034,南京工业大学,500,选考化学,577,051.jpg,visual_ocr_needs_spotcheck,21588,fujian_2025_physics_undergrad_admission_images,ocr_needs_spotcheck
3034,南京工业大学,999,不限选考科目,564,051.jpg,visual_ocr_needs_spotcheck,27712,fujian_2025_physics_undergrad_admission_images,ocr_needs_spotcheck
3035,南京工业大学（中外合作）,500,选考化学,555,051.jpg,visual_ocr_needs_spotcheck,32381,fujian_2025_physics_undergrad_admission_images,ocr_needs_spotcheck
3036,南京工业大学浦江学院,500,选考化学,481,051.jpg,visual_ocr_needs_spotcheck,85345,fujian_2025_physics_undergrad_admission_images,ocr_needs_spotcheck
3036,南京工业大学浦江学院,999,不限选考科目,484,052.jpg,visual_ocr_needs_spotcheck,82760,fujian_2025_physics_undergrad_admission_images,ocr_needs_spotcheck
3037,南京工业职业技术大学,999,不限选考科目,529,052.jpg,visual_ocr_needs_spotcheck,48168,fujian_2025_physics_undergrad_admission_images,ocr_needs_spotcheck
3038,南京航空航天大学,500,选考化学,629,052.jpg,visual_ocr_needs_spotcheck,5008,fujian_2025_physics_undergrad_admission_images,ocr_needs_spotcheck
3039,南京航空航天大学（中外合作）,500,选考化学,612,052.jpg,visual_ocr_needs_spotcheck,9021,fujian_2025_physics_undergrad_admission_images,ocr_needs_spotcheck
3040,南京航空航天大学金城学院,500,选考化学,491,052.jpg,visual_ocr_needs_spotcheck,76979,fujian_2025_physics_undergrad_admission_images,ocr_needs_spotcheck
3040,南京航空航天大学金城学院,999,不限选考科目,498,052.jpg,visual_ocr_needs_spotcheck,71202,fujian_2025_physics_undergrad_admission_images,ocr_needs_spotcheck
3043,南京理工大学,500,选考化学,624,052.jpg,visual_ocr_needs_spotcheck,6019,fujian_2025_physics_undergrad_admission_images,ocr_needs_spotcheck
3044,南京理工大学泰州科技学院,500,选考化学,481,052.jpg,visual_ocr_needs_spotcheck,85345,fujian_2025_physics_undergrad_admission_images,ocr_needs_spotcheck
3045,南京理工大学紫金学院,500,选考化学,512,052.jpg,visual_ocr_needs_spotcheck,60283,fujian_2025_physics_undergrad_admission_images,ocr_needs_spotcheck
3046,南京林业大学,500,选考化学,571,052.jpg,visual_ocr_needs_spotcheck,24364,fujian_2025_physics_undergrad_admission_images,ocr_needs_spotcheck
3046,南京林业大学,600,选考生物学,576,052.jpg,visual_ocr_needs_spotcheck,22059,fujian_2025_physics_undergrad_admission_images,ocr_needs_spotcheck
3047,南京林业大学（拔尖人才）,500,选考化学,584,052.jpg,visual_ocr_needs_spotcheck,18650,fujian_2025_physics_undergrad_admission_images,ocr_needs_spotcheck
3048,南京农业大学,500,选考化学,593,052.jpg,visual_ocr_needs_spotcheck,15145,fujian_2025_physics_undergrad_admission_images,ocr_needs_spotcheck
3048,南京农业大学,999,不限选考科目,590,052.jpg,visual_ocr_needs_spotcheck,16253,fujian_2025_physics_undergrad_admission_images,ocr_needs_spotcheck
3049,南京审计大学,999,不限选考科目,588,052.jpg,visual_ocr_needs_spotcheck,17024,fujian_2025_physics_undergrad_admission_images,ocr_needs_spotcheck
3050,南京审计大学（中外合作）,999,不限选考科目,577,052.jpg,visual_ocr_needs_spotcheck,21588,fujian_2025_physics_undergrad_admission_images,ocr_needs_spotcheck
3051,南京审计大学金审学院,500,选考化学,502,052.jpg,visual_ocr_needs_spotcheck,67989,fujian_2025_physics_undergrad_admission_images,ocr_needs_spotcheck
3051,南京审计大学金审学院,999,不限选考科目,497,052.jpg,visual_ocr_needs_spotcheck,72041,fujian_2025_physics_undergrad_admission_images,ocr_needs_spotcheck
3052,南京师范大学,500,选考化学,599,052.jpg,visual_ocr_needs_spotcheck,13078,fujian_2025_physics_undergrad_admission_images,ocr_needs_spotcheck
3052,南京师范大学,900,选考地理,615,052.jpg,visual_ocr_needs_spotcheck,8194,fujian_2025_physics_undergrad_admission_images,ocr_needs_spotcheck
3053,南京特殊教育师范学院,500,选考化学,506,052.jpg,visual_ocr_needs_spotcheck,64873,fujian_2025_physics_undergrad_admission_images,ocr_needs_spotcheck
3053,南京特殊教育师范学院,999,不限选考科目,503,052.jpg,visual_ocr_needs_spotcheck,67246,fujian_2025_physics_undergrad_admission_images,ocr_needs_spotcheck
3054,南京体育学院,500,选考化学,510,052.jpg,visual_ocr_needs_spotcheck,61799,fujian_2025_physics_undergrad_admission_images,ocr_needs_spotcheck
3055,南京晓庄学院,500,选考化学,525,052.jpg,visual_ocr_needs_spotcheck,50881,fujian_2025_physics_undergrad_admission_images,ocr_needs_spotcheck
3056,南京信息工程大学,500,选考化学,594,052.jpg,visual_ocr_needs_spotcheck,14801,fujian_2025_physics_undergrad_admission_images,ocr_needs_spotcheck
3056,南京信息工程大学,999,不限选考科目,590,052.jpg,visual_ocr_needs_spotcheck,16253,fujian_2025_physics_undergrad_admission_images,ocr_needs_spotcheck
3057,南京信息工程大学（中外合作）,500,选考化学,573,052.jpg,visual_ocr_needs_spotcheck,23443,fujian_2025_physics_undergrad_admission_images,ocr_needs_spotcheck
3058,南京医科大学,500,选考化学,559,052.jpg,visual_ocr_needs_spotcheck,30293,fujian_2025_physics_undergrad_admission_images,ocr_needs_spotcheck
3059,南京医科大学康达学院,500,选考化学,481,053.jpg,visual_ocr_needs_spotcheck,85345,fujian_2025_physics_undergrad_admission_images,ocr_needs_spotcheck
3059,南京医科大学康达学院,600,选考生物学,491,053.jpg,visual_ocr_needs_spotcheck,76979,fujian_2025_physics_undergrad_admission_images,ocr_needs_spotcheck
3059,南京医科大学康达学院,999,不限选考科目,484,053.jpg,visual_ocr_needs_spotcheck,82760,fujian_2025_physics_undergrad_admission_images,ocr_needs_spotcheck
3060,南京艺术学院,500,选考化学,554,053.jpg,visual_ocr_needs_spotcheck,32905,fujian_2025_physics_undergrad_admission_images,ocr_needs_spotcheck
3061,南京邮电大学,500,选考化学,604,053.jpg,visual_ocr_needs_spotcheck,11461,fujian_2025_physics_undergrad_admission_images,ocr_needs_spotcheck
3062,南京邮电大学通达学院,500,选考化学,492,053.jpg,visual_ocr_needs_spotcheck,76112,fujian_2025_physics_undergrad_admission_images,ocr_needs_spotcheck
3063,南京中医药大学,999,不限选考科目,615,053.jpg,visual_ocr_needs_spotcheck,8194,fujian_2025_physics_undergrad_admission_images,ocr_needs_spotcheck
3064,南开大学,500,选考化学,649,053.jpg,visual_ocr_needs_spotcheck,1921,fujian_2025_physics_undergrad_admission_images,ocr_needs_spotcheck
3064,南开大学,999,不限选考科目,648,053.jpg,visual_ocr_needs_spotcheck,2036,fujian_2025_physics_undergrad_admission_images,ocr_needs_spotcheck
3065,南宁理工学院,999,不限选考科目,461,053.jpg,visual_ocr_needs_spotcheck,102421,fujian_2025_physics_undergrad_admission_images,ocr_needs_spotcheck
3066,南宁师范大学,500,选考化学,521,053.jpg,visual_ocr_needs_spotcheck,53711,fujian_2025_physics_undergrad_admission_images,ocr_needs_spotcheck
3066,南宁师范大学,900,选考地理,552,053.jpg,visual_ocr_needs_spotcheck,33956,fujian_2025_physics_undergrad_admission_images,ocr_needs_spotcheck
3067,南宁师范大学（中外合作）,500,选考化学,526,053.jpg,visual_ocr_needs_spotcheck,50184,fujian_2025_physics_undergrad_admission_images,ocr_needs_spotcheck
3068,南宁师范大学师园学院,500,选考化学,477,053.jpg,visual_ocr_needs_spotcheck,88668,fujian_2025_physics_undergrad_admission_images,ocr_needs_spotcheck
3068,南宁师范大学师园学院,999,不限选考科目,473,053.jpg,visual_ocr_needs_spotcheck,92111,fujian_2025_physics_undergrad_admission_images,ocr_needs_spotcheck
3069,南宁学院,500,选考化学,464,053.jpg,visual_ocr_needs_spotcheck,99902,fujian_2025_physics_undergrad_admission_images,ocr_needs_spotcheck
3069,南宁学院,999,不限选考科目,454,053.jpg,visual_ocr_needs_spotcheck,108322,fujian_2025_physics_undergrad_admission_images,ocr_needs_spotcheck
3070,南通大学,500,选考化学,551,053.jpg,visual_ocr_needs_spotcheck,34510,fujian_2025_physics_undergrad_admission_images,ocr_needs_spotcheck
3070,南通大学,900,选考地理,558,053.jpg,visual_ocr_needs_spotcheck,30799,fujian_2025_physics_undergrad_admission_images,ocr_needs_spotcheck
3070,南通大学,999,不限选考科目,551,053.jpg,visual_ocr_needs_spotcheck,34510,fujian_2025_physics_undergrad_admission_images,ocr_needs_spotcheck
3071,南通大学（中外合作）,500,选考化学,529,053.jpg,visual_ocr_needs_spotcheck,48168,fujian_2025_physics_undergrad_admission_images,ocr_needs_spotcheck
3072,南通理工学院,500,选考化学,470,053.jpg,visual_ocr_needs_spotcheck,94712,fujian_2025_physics_undergrad_admission_images,ocr_needs_spotcheck
3073,南阳理工学院,500,选考化学,495,053.jpg,visual_ocr_needs_spotcheck,73670,fujian_2025_physics_undergrad_admission_images,ocr_needs_spotcheck
3073,南阳理工学院,999,不限选考科目,491,053.jpg,visual_ocr_needs_spotcheck,76979,fujian_2025_physics_undergrad_admission_images,ocr_needs_spotcheck
3074,南阳理工学院（中外合作）,500,选考化学,488,053.jpg,visual_ocr_needs_spotcheck,79451,fujian_2025_physics_undergrad_admission_images,ocr_needs_spotcheck
3075,南阳师范学院,500,选考化学,494,053.jpg,visual_ocr_needs_spotcheck,74485,fujian_2025_physics_undergrad_admission_images,ocr_needs_spotcheck
3075,南阳师范学院,999,不限选考科目,487,053.jpg,visual_ocr_needs_spotcheck,80259,fujian_2025_physics_undergrad_admission_images,ocr_needs_spotcheck
3076,内江师范学院,500,选考化学,525,053.jpg,visual_ocr_needs_spotcheck,50881,fujian_2025_physics_undergrad_admission_images,ocr_needs_spotcheck
3077,内蒙古大学,500,选考化学,569,054.jpg,visual_ocr_needs_spotcheck,25291,fujian_2025_physics_undergrad_admission_images,ocr_needs_spotcheck
3078,内蒙古工业大学,500,选考化学,486,054.jpg,visual_ocr_needs_spotcheck,81079,fujian_2025_physics_undergrad_admission_images,ocr_needs_spotcheck
3078,内蒙古工业大学,999,不限选考科目,484,054.jpg,visual_ocr_needs_spotcheck,82760,fujian_2025_physics_undergrad_admission_images,ocr_needs_spotcheck
3079,内蒙古科技大学,500,选考化学,488,054.jpg,visual_ocr_needs_spotcheck,79451,fujian_2025_physics_undergrad_admission_images,ocr_needs_spotcheck
3079,内蒙古科技大学,516,选考化学且生物学,490,054.jpg,visual_ocr_needs_spotcheck,77780,fujian_2025_physics_undergrad_admission_images,ocr_needs_spotcheck
3079,内蒙古科技大学,999,不限选考科目,480,054.jpg,visual_ocr_needs_spotcheck,86154,fujian_2025_physics_undergrad_admission_images,ocr_needs_spotcheck
3080,内蒙古民族大学,500,选考化学,484,054.jpg,visual_ocr_needs_spotcheck,82760,fujian_2025_physics_undergrad_admission_images,ocr_needs_spotcheck
3080,内蒙古民族大学,600,选考生物学,483,054.jpg,visual_ocr_needs_spotcheck,83635,fujian_2025_physics_undergrad_admission_images,ocr_needs_spotcheck
3081,内蒙古农业大学,500,选考化学,486,054.jpg,visual_ocr_needs_spotcheck,81079,fujian_2025_physics_undergrad_admission_images,ocr_needs_spotcheck
3082,内蒙古师范大学,500,选考化学,473,054.jpg,visual_ocr_needs_spotcheck,92111,fujian_2025_physics_undergrad_admission_images,ocr_needs_spotcheck
3082,内蒙古师范大学,999,不限选考科目,480,054.jpg,visual_ocr_needs_spotcheck,86154,fujian_2025_physics_undergrad_admission_images,ocr_needs_spotcheck
3083,内蒙古医科大学,516,选考化学且生物学,456,054.jpg,visual_ocr_needs_spotcheck,106608,fujian_2025_physics_undergrad_admission_images,ocr_needs_spotcheck
3083,内蒙古医科大学,600,选考生物学,530,054.jpg,visual_ocr_needs_spotcheck,47532,fujian_2025_physics_undergrad_admission_images,ocr_needs_spotcheck
3085,宁波财经学院,500,选考化学,466,054.jpg,visual_ocr_needs_spotcheck,98212,fujian_2025_physics_undergrad_admission_images,ocr_needs_spotcheck
3085,宁波财经学院,999,不限选考科目,466,054.jpg,visual_ocr_needs_spotcheck,98212,fujian_2025_physics_undergrad_admission_images,ocr_needs_spotcheck
3086,宁波大学,500,选考化学,591,054.jpg,visual_ocr_needs_spotcheck,15883,fujian_2025_physics_undergrad_admission_images,ocr_needs_spotcheck
3086,宁波大学,999,不限选考科目,570,054.jpg,visual_ocr_needs_spotcheck,24825,fujian_2025_physics_undergrad_admission_images,ocr_needs_spotcheck
3087,宁波大学（中外合作）,500,选考化学,578,054.jpg,visual_ocr_needs_spotcheck,21173,fujian_2025_physics_undergrad_admission_images,ocr_needs_spotcheck
3087,宁波大学（中外合作）,900,选考地理,567,054.jpg,visual_ocr_needs_spotcheck,26218,fujian_2025_physics_undergrad_admission_images,ocr_needs_spotcheck
3088,宁波大学科学技术学院,500,选考化学,477,054.jpg,visual_ocr_needs_spotcheck,88668,fujian_2025_physics_undergrad_admission_images,ocr_needs_spotcheck
3088,宁波大学科学技术学院,999,不限选考科目,472,054.jpg,visual_ocr_needs_spotcheck,92964,fujian_2025_physics_undergrad_admission_images,ocr_needs_spotcheck
3089,宁波工程学院,500,选考化学,533,054.jpg,visual_ocr_needs_spotcheck,45540,fujian_2025_physics_undergrad_admission_images,ocr_needs_spotcheck
3090,宁波工程学院（中外合作）,500,选考化学,518,054.jpg,visual_ocr_needs_spotcheck,55877,fujian_2025_physics_undergrad_admission_images,ocr_needs_spotcheck
3091,宁波诺丁汉大学,500,选考化学,572,054.jpg,visual_ocr_needs_spotcheck,23889,fujian_2025_physics_undergrad_admission_images,ocr_needs_spotcheck
3091,宁波诺丁汉大学,999,不限选考科目,566,054.jpg,visual_ocr_needs_spotcheck,26736,fujian_2025_physics_undergrad_admission_images,ocr_needs_spotcheck
3092,宁夏大学,500,选考化学,575,054.jpg,visual_ocr_needs_spotcheck,22544,fujian_2025_physics_undergrad_admission_images,ocr_needs_spotcheck
3092,宁夏大学,999,不限选考科目,556,054.jpg,visual_ocr_needs_spotcheck,31880,fujian_2025_physics_undergrad_admission_images,ocr_needs_spotcheck
3094,宁夏大学（中外合作）,500,选考化学,536,054.jpg,visual_ocr_needs_spotcheck,43666,fujian_2025_physics_undergrad_admission_images,ocr_needs_spotcheck
3095,宁夏大学新华学院,500,选考化学,461,055.jpg,visual_ocr_needs_spotcheck,102421,fujian_2025_physics_undergrad_admission_images,ocr_needs_spotcheck
3095,宁夏大学新华学院,999,不限选考科目,472,055.jpg,visual_ocr_needs_spotcheck,92964,fujian_2025_physics_undergrad_admission_images,ocr_needs_spotcheck
3096,宁夏理工学院,500,选考化学,456,055.jpg,visual_ocr_needs_spotcheck,106608,fujian_2025_physics_undergrad_admission_images,ocr_needs_spotcheck
3096,宁夏理工学院,999,不限选考科目,455,055.jpg,visual_ocr_needs_spotcheck,107492,fujian_2025_physics_undergrad_admission_images,ocr_needs_spotcheck
3097,宁夏师范大学,500,选考化学,489,055.jpg,visual_ocr_needs_spotcheck,78616,fujian_2025_physics_undergrad_admission_images,ocr_needs_spotcheck
3097,宁夏师范大学,999,不限选考科目,488,055.jpg,visual_ocr_needs_spotcheck,79451,fujian_2025_physics_undergrad_admission_images,ocr_needs_spotcheck
3098,宁夏医科大学,500,选考化学,518,055.jpg,visual_ocr_needs_spotcheck,55877,fujian_2025_physics_undergrad_admission_images,ocr_needs_spotcheck
3098,宁夏医科大学,516,选考化学且生物学,498,055.jpg,visual_ocr_needs_spotcheck,71202,fujian_2025_physics_undergrad_admission_images,ocr_needs_spotcheck
3098,宁夏医科大学,999,不限选考科目,500,055.jpg,visual_ocr_needs_spotcheck,69546,fujian_2025_physics_undergrad_admission_images,ocr_needs_spotcheck
3099,攀枝花学院,500,选考化学,518,055.jpg,visual_ocr_needs_spotcheck,55877,fujian_2025_physics_undergrad_admission_images,ocr_needs_spotcheck
3100,平顶山学院,500,选考化学,489,055.jpg,visual_ocr_needs_spotcheck,78616,fujian_2025_physics_undergrad_admission_images,ocr_needs_spotcheck
3100,平顶山学院,999,不限选考科目,486,055.jpg,visual_ocr_needs_spotcheck,81079,fujian_2025_physics_undergrad_admission_images,ocr_needs_spotcheck
3101,萍乡学院,500,选考化学,496,055.jpg,visual_ocr_needs_spotcheck,72818,fujian_2025_physics_undergrad_admission_images,ocr_needs_spotcheck
3101,萍乡学院,999,不限选考科目,502,055.jpg,visual_ocr_needs_spotcheck,67989,fujian_2025_physics_undergrad_admission_images,ocr_needs_spotcheck
3102,普洱学院,500,选考化学,488,055.jpg,visual_ocr_needs_spotcheck,79451,fujian_2025_physics_undergrad_admission_images,ocr_needs_spotcheck
3103,齐鲁工业大学,500,选考化学,526,055.jpg,visual_ocr_needs_spotcheck,50184,fujian_2025_physics_undergrad_admission_images,ocr_needs_spotcheck
3104,齐鲁理工学院,500,选考化学,456,055.jpg,visual_ocr_needs_spotcheck,106608,fujian_2025_physics_undergrad_admission_images,ocr_needs_spotcheck
3105,齐鲁医药学院,500,选考化学,477,055.jpg,visual_ocr_needs_spotcheck,88668,fujian_2025_physics_undergrad_admission_images,ocr_needs_spotcheck
3106,齐齐哈尔大学,500,选考化学,475,055.jpg,visual_ocr_needs_spotcheck,90360,fujian_2025_physics_undergrad_admission_images,ocr_needs_spotcheck
3107,齐齐哈尔医学院,500,选考化学,497,055.jpg,visual_ocr_needs_spotcheck,72041,fujian_2025_physics_undergrad_admission_images,ocr_needs_spotcheck
3107,齐齐哈尔医学院,516,选考化学且生物学,504,055.jpg,visual_ocr_needs_spotcheck,66452,fujian_2025_physics_undergrad_admission_images,ocr_needs_spotcheck
3108,黔南民族师范学院,500,选考化学,489,055.jpg,visual_ocr_needs_spotcheck,78616,fujian_2025_physics_undergrad_admission_images,ocr_needs_spotcheck
3109,青岛滨海学院,500,选考化学,461,055.jpg,visual_ocr_needs_spotcheck,102421,fujian_2025_physics_undergrad_admission_images,ocr_needs_spotcheck
3110,青岛城市学院,500,选考化学,460,055.jpg,visual_ocr_needs_spotcheck,103242,fujian_2025_physics_undergrad_admission_images,ocr_needs_spotcheck
3110,青岛城市学院,999,不限选考科目,458,055.jpg,visual_ocr_needs_spotcheck,104965,fujian_2025_physics_undergrad_admission_images,ocr_needs_spotcheck
3111,青岛大学,500,选考化学,544,055.jpg,visual_ocr_needs_spotcheck,38598,fujian_2025_physics_undergrad_admission_images,ocr_needs_spotcheck
3111,青岛大学,600,选考生物学,539,055.jpg,visual_ocr_needs_spotcheck,41729,fujian_2025_physics_undergrad_admission_images,ocr_needs_spotcheck
3111,青岛大学,999,不限选考科目,562,055.jpg,visual_ocr_needs_spotcheck,28701,fujian_2025_physics_undergrad_admission_images,ocr_needs_spotcheck
3113,青岛工学院,500,选考化学,455,056.jpg,visual_ocr_needs_spotcheck,107492,fujian_2025_physics_undergrad_admission_images,ocr_needs_spotcheck
3113,青岛工学院,999,不限选考科目,455,056.jpg,visual_ocr_needs_spotcheck,107492,fujian_2025_physics_undergrad_admission_images,ocr_needs_spotcheck
3114,青岛恒星科技学院,500,选考化学,447,056.jpg,visual_ocr_needs_spotcheck,114226,fujian_2025_physics_undergrad_admission_images,ocr_needs_spotcheck
3114,青岛恒星科技学院,999,不限选考科目,447,056.jpg,visual_ocr_needs_spotcheck,114226,fujian_2025_physics_undergrad_admission_images,ocr_needs_spotcheck
3115,青岛黄海学院,500,选考化学,453,056.jpg,visual_ocr_needs_spotcheck,109170,fujian_2025_physics_undergrad_admission_images,ocr_needs_spotcheck
3115,青岛黄海学院,600,选考生物学,473,056.jpg,visual_ocr_needs_spotcheck,92111,fujian_2025_physics_undergrad_admission_images,ocr_needs_spotcheck
3115,青岛黄海学院,999,不限选考科目,456,056.jpg,visual_ocr_needs_spotcheck,106608,fujian_2025_physics_undergrad_admission_images,ocr_needs_spotcheck
3116,青岛科技大学,500,选考化学,542,056.jpg,visual_ocr_needs_spotcheck,39897,fujian_2025_physics_undergrad_admission_images,ocr_needs_spotcheck
3116,青岛科技大学,999,不限选考科目,544,056.jpg,visual_ocr_needs_spotcheck,38598,fujian_2025_physics_undergrad_admission_images,ocr_needs_spotcheck
3117,青岛科技大学（中外合作）,500,选考化学,516,056.jpg,visual_ocr_needs_spotcheck,57329,fujian_2025_physics_undergrad_admission_images,ocr_needs_spotcheck
3118,青岛理工大学,500,选考化学,530,056.jpg,visual_ocr_needs_spotcheck,47532,fujian_2025_physics_undergrad_admission_images,ocr_needs_spotcheck
3118,青岛理工大学,999,不限选考科目,522,056.jpg,visual_ocr_needs_spotcheck,53007,fujian_2025_physics_undergrad_admission_images,ocr_needs_spotcheck
3119,青岛理工大学（中外合作）,500,选考化学,506,056.jpg,visual_ocr_needs_spotcheck,64873,fujian_2025_physics_undergrad_admission_images,ocr_needs_spotcheck
3119,青岛理工大学（中外合作）,999,不限选考科目,507,056.jpg,visual_ocr_needs_spotcheck,64125,fujian_2025_physics_undergrad_admission_images,ocr_needs_spotcheck
3120,青岛农业大学,500,选考化学,476,056.jpg,visual_ocr_needs_spotcheck,89467,fujian_2025_physics_undergrad_admission_images,ocr_needs_spotcheck
3121,青岛农业大学海都学院,500,选考化学,469,056.jpg,visual_ocr_needs_spotcheck,95545,fujian_2025_physics_undergrad_admission_images,ocr_needs_spotcheck
3121,青岛农业大学海都学院,600,选考生物学,471,056.jpg,visual_ocr_needs_spotcheck,93819,fujian_2025_physics_undergrad_admission_images,ocr_needs_spotcheck
3121,青岛农业大学海都学院,999,不限选考科目,466,056.jpg,visual_ocr_needs_spotcheck,98212,fujian_2025_physics_undergrad_admission_images,ocr_needs_spotcheck
3122,青海大学,500,选考化学,561,056.jpg,visual_ocr_needs_spotcheck,29212,fujian_2025_physics_undergrad_admission_images,ocr_needs_spotcheck
3122,青海大学,516,选考化学且生物学,547,056.jpg,visual_ocr_needs_spotcheck,36813,fujian_2025_physics_undergrad_admission_images,ocr_needs_spotcheck
3122,青海大学,999,不限选考科目,564,056.jpg,visual_ocr_needs_spotcheck,27712,fujian_2025_physics_undergrad_admission_images,ocr_needs_spotcheck
3123,青海理工学院,500,选考化学,497,056.jpg,visual_ocr_needs_spotcheck,72041,fujian_2025_physics_undergrad_admission_images,ocr_needs_spotcheck
3123,青海理工学院,999,不限选考科目,492,056.jpg,visual_ocr_needs_spotcheck,76112,fujian_2025_physics_undergrad_admission_images,ocr_needs_spotcheck
3124,青海民族大学,500,选考化学,492,056.jpg,visual_ocr_needs_spotcheck,76112,fujian_2025_physics_undergrad_admission_images,ocr_needs_spotcheck
3124,青海民族大学,999,不限选考科目,492,056.jpg,visual_ocr_needs_spotcheck,76112,fujian_2025_physics_undergrad_admission_images,ocr_needs_spotcheck
3125,青海民族大学（中外合作）,900,选考地理,465,056.jpg,visual_ocr_needs_spotcheck,99057,fujian_2025_physics_undergrad_admission_images,ocr_needs_spotcheck
3126,青海师范大学,500,选考化学,511,056.jpg,visual_ocr_needs_spotcheck,61013,fujian_2025_physics_undergrad_admission_images,ocr_needs_spotcheck
3126,青海师范大学,900,选考地理,518,056.jpg,visual_ocr_needs_spotcheck,55877,fujian_2025_physics_undergrad_admission_images,ocr_needs_spotcheck
3127,青海职业技术大学,999,不限选考科目,486,057.jpg,visual_ocr_needs_spotcheck,81079,fujian_2025_physics_undergrad_admission_images,ocr_needs_spotcheck
3128,清华大学,500,选考化学,684,057.jpg,visual_ocr_needs_spotcheck,100,fujian_2025_physics_undergrad_admission_images,ocr_needs_spotcheck
3129,琼台师范学院,500,选考化学,496,057.jpg,visual_ocr_needs_spotcheck,72818,fujian_2025_physics_undergrad_admission_images,ocr_needs_spotcheck
3130,琼台师范学院（中外合作）,999,不限选考科目,454,057.jpg,visual_ocr_needs_spotcheck,108322,fujian_2025_physics_undergrad_admission_images,ocr_needs_spotcheck
3131,曲阜师范大学,500,选考化学,528,057.jpg,visual_ocr_needs_spotcheck,48837,fujian_2025_physics_undergrad_admission_images,ocr_needs_spotcheck
3131,曲阜师范大学,900,选考地理,538,057.jpg,visual_ocr_needs_spotcheck,42366,fujian_2025_physics_undergrad_admission_images,ocr_needs_spotcheck
3131,曲阜师范大学,999,不限选考科目,510,057.jpg,visual_ocr_needs_spotcheck,61799,fujian_2025_physics_undergrad_admission_images,ocr_needs_spotcheck
3132,曲靖师范学院,500,选考化学,495,057.jpg,visual_ocr_needs_spotcheck,73670,fujian_2025_physics_undergrad_admission_images,ocr_needs_spotcheck
3132,曲靖师范学院,900,选考地理,506,057.jpg,visual_ocr_needs_spotcheck,64873,fujian_2025_physics_undergrad_admission_images,ocr_needs_spotcheck
3132,曲靖师范学院,999,不限选考科目,490,057.jpg,visual_ocr_needs_spotcheck,77780,fujian_2025_physics_undergrad_admission_images,ocr_needs_spotcheck
3133,衢州学院,500,选考化学,526,057.jpg,visual_ocr_needs_spotcheck,50184,fujian_2025_physics_undergrad_admission_images,ocr_needs_spotcheck
3133,衢州学院,999,不限选考科目,507,057.jpg,visual_ocr_needs_spotcheck,64125,fujian_2025_physics_undergrad_admission_images,ocr_needs_spotcheck
3134,三江学院,500,选考化学,465,057.jpg,visual_ocr_needs_spotcheck,99057,fujian_2025_physics_undergrad_admission_images,ocr_needs_spotcheck
3134,三江学院,999,不限选考科目,459,057.jpg,visual_ocr_needs_spotcheck,104060,fujian_2025_physics_undergrad_admission_images,ocr_needs_spotcheck
3135,三峡大学,500,选考化学,570,057.jpg,visual_ocr_needs_spotcheck,24825,fujian_2025_physics_undergrad_admission_images,ocr_needs_spotcheck
3135,三峡大学,999,不限选考科目,548,057.jpg,visual_ocr_needs_spotcheck,36213,fujian_2025_physics_undergrad_admission_images,ocr_needs_spotcheck
3136,三峡大学科技学院,500,选考化学,480,057.jpg,visual_ocr_needs_spotcheck,86154,fujian_2025_physics_undergrad_admission_images,ocr_needs_spotcheck
3137,三亚学院,500,选考化学,441,057.jpg,visual_ocr_needs_spotcheck,119155,fujian_2025_physics_undergrad_admission_images,ocr_needs_spotcheck
3137,三亚学院,999,不限选考科目,441,057.jpg,visual_ocr_needs_spotcheck,119155,fujian_2025_physics_undergrad_admission_images,ocr_needs_spotcheck
3138,山东财经大学,500,选考化学,558,057.jpg,visual_ocr_needs_spotcheck,30799,fujian_2025_physics_undergrad_admission_images,ocr_needs_spotcheck
3138,山东财经大学,999,不限选考科目,533,057.jpg,visual_ocr_needs_spotcheck,45540,fujian_2025_physics_undergrad_admission_images,ocr_needs_spotcheck
3139,山东大学,500,选考化学,630,057.jpg,visual_ocr_needs_spotcheck,4805,fujian_2025_physics_undergrad_admission_images,ocr_needs_spotcheck
3139,山东大学,516,选考化学且生物学,643,057.jpg,visual_ocr_needs_spotcheck,2663,fujian_2025_physics_undergrad_admission_images,ocr_needs_spotcheck
3140,山东大学（护理）,600,选考生物学,594,057.jpg,visual_ocr_needs_spotcheck,14801,fujian_2025_physics_undergrad_admission_images,ocr_needs_spotcheck
3141,山东大学威海分校,500,选考化学,626,057.jpg,visual_ocr_needs_spotcheck,5610,fujian_2025_physics_undergrad_admission_images,ocr_needs_spotcheck
3142,山东第二医科大学,500,选考化学,524,057.jpg,visual_ocr_needs_spotcheck,51599,fujian_2025_physics_undergrad_admission_images,ocr_needs_spotcheck
3142,山东第二医科大学,999,不限选考科目,517,057.jpg,visual_ocr_needs_spotcheck,56618,fujian_2025_physics_undergrad_admission_images,ocr_needs_spotcheck
3143,山东第一医科大学,500,选考化学,504,057.jpg,visual_ocr_needs_spotcheck,66452,fujian_2025_physics_undergrad_admission_images,ocr_needs_spotcheck
3143,山东第一医科大学,999,不限选考科目,524,,visual_ocr_needs_spotcheck,51599,fujian_2025_physics_score_distribution_usable_v1,derived_from_score_distribution_needs_spotcheck
3144,山东工商学院,500,选考化学,510,,visual_ocr_needs_spotcheck,61799,fujian_2025_physics_score_distribution_usable_v1,derived_from_score_distribution_needs_spotcheck
3144,山东工商学院,999,不限选考科目,498,,visual_ocr_needs_spotcheck,71202,fujian_2025_physics_score_distribution_usable_v1,derived_from_score_distribution_needs_spotcheck
3145,山东工艺美术学院,500,选考化学,475,,visual_ocr_needs_spotcheck,90360,fujian_2025_physics_score_distribution_usable_v1,derived_from_score_distribution_needs_spotcheck
3145,山东工艺美术学院,999,不限选考科目,468,,visual_ocr_needs_spotcheck,96446,fujian_2025_physics_score_distribution_usable_v1,derived_from_score_distribution_needs_spotcheck
3146,山东航空学院,500,选考化学,515,,visual_ocr_needs_spotcheck,58055,fujian_2025_physics_score_distribution_usable_v1,derived_from_score_distribution_needs_spotcheck
3147,山东建筑大学,500,选考化学,456,,visual_ocr_needs_spotcheck,106608,fujian_2025_physics_score_distribution_usable_v1,derived_from_score_distribution_needs_spotcheck
3147,山东建筑大学,999,不限选考科目,504,,visual_ocr_needs_spotcheck,66452,fujian_2025_physics_score_distribution_usable_v1,derived_from_score_distribution_needs_spotcheck
3148,山东建筑大学（中外合作）,500,选考化学,484,,visual_ocr_needs_spotcheck,82760,fujian_2025_physics_score_distribution_usable_v1,derived_from_score_distribution_needs_spotcheck
3148,山东建筑大学（中外合作）,999,不限选考科目,464,,visual_ocr_needs_spotcheck,99902,fujian_2025_physics_score_distribution_usable_v1,derived_from_score_distribution_needs_spotcheck
3149,山东交通学院,500,选考化学,515,,visual_ocr_needs_spotcheck,58055,fujian_2025_physics_score_distribution_usable_v1,derived_from_score_distribution_needs_spotcheck
3149,山东交通学院,999,不限选考科目,508,,visual_ocr_needs_spotcheck,63376,fujian_2025_physics_score_distribution_usable_v1,derived_from_score_distribution_needs_spotcheck
3150,山东科技大学,500,选考化学,551,,visual_ocr_needs_spotcheck,34510,fujian_2025_physics_score_distribution_usable_v1,derived_from_score_distribution_needs_spotcheck
3150,山东科技大学,900,选考地理,567,,visual_ocr_needs_spotcheck,26218,fujian_2025_physics_score_distribution_usable_v1,derived_from_score_distribution_needs_spotcheck
3150,山东科技大学,999,不限选考科目,552,,visual_ocr_needs_spotcheck,33956,fujian_2025_physics_score_distribution_usable_v1,derived_from_score_distribution_needs_spotcheck
3151,山东科技大学（中外合作）,500,选考化学,543,,visual_ocr_needs_spotcheck,39235,fujian_2025_physics_score_distribution_usable_v1,derived_from_score_distribution_needs_spotcheck
3151,山东科技大学（中外合作）,999,不限选考科目,523,,visual_ocr_needs_spotcheck,52278,fujian_2025_physics_score_distribution_usable_v1,derived_from_score_distribution_needs_spotcheck
3152,山东理工大学,500,选考化学,536,,visual_ocr_needs_spotcheck,43666,fujian_2025_physics_score_distribution_usable_v1,derived_from_score_distribution_needs_spotcheck
3153,山东农业大学,500,选考化学,450,,visual_ocr_needs_spotcheck,111729,fujian_2025_physics_score_distribution_usable_v1,derived_from_score_distribution_needs_spotcheck
3154,山东女子学院,999,不限选考科目,488,,visual_ocr_needs_spotcheck,79451,fujian_2025_physics_score_distribution_usable_v1,derived_from_score_distribution_needs_spotcheck
3155,山东师范大学,500,选考化学,546,,visual_ocr_needs_spotcheck,37396,fujian_2025_physics_score_distribution_usable_v1,derived_from_score_distribution_needs_spotcheck
3155,山东师范大学,900,选考地理,564,,visual_ocr_needs_spotcheck,27712,fujian_2025_physics_score_distribution_usable_v1,derived_from_score_distribution_needs_spotcheck
3155,山东师范大学,999,不限选考科目,535,,visual_ocr_needs_spotcheck,44290,fujian_2025_physics_score_distribution_usable_v1,derived_from_score_distribution_needs_spotcheck
3157,山东石油化工学院,500,选考化学,515,,visual_ocr_needs_spotcheck,58055,fujian_2025_physics_score_distribution_usable_v1,derived_from_score_distribution_needs_spotcheck
3158,山东外国语职业技术大学,999,不限选考科目,453,,visual_ocr_needs_spotcheck,109170,fujian_2025_physics_score_distribution_usable_v1,derived_from_score_distribution_needs_spotcheck
3159,山东协和学院,500,选考化学,467,,visual_ocr_needs_spotcheck,97377,fujian_2025_physics_score_distribution_usable_v1,derived_from_score_distribution_needs_spotcheck
3159,山东协和学院,600,选考生物学,473,,visual_ocr_needs_spotcheck,92111,fujian_2025_physics_score_distribution_usable_v1,derived_from_score_distribution_needs_spotcheck
3161,山东英才学院,500,选考化学,445,,visual_ocr_needs_spotcheck,115833,fujian_2025_physics_score_distribution_usable_v1,derived_from_score_distribution_needs_spotcheck
3161,山东英才学院,999,不限选考科目,441,,visual_ocr_needs_spotcheck,119155,fujian_2025_physics_score_distribution_usable_v1,derived_from_score_distribution_needs_spotcheck
3162,山东中医药大学,500,选考化学,504,,visual_ocr_needs_spotcheck,66452,fujian_2025_physics_score_distribution_usable_v1,derived_from_score_distribution_needs_spotcheck
3162,山东中医药大学,999,不限选考科目,547,,visual_ocr_needs_spotcheck,36813,fujian_2025_physics_score_distribution_usable_v1,derived_from_score_distribution_needs_spotcheck
3163,汕头大学,500,选考化学,573,,visual_ocr_needs_spotcheck,23443,fujian_2025_physics_score_distribution_usable_v1,derived_from_score_distribution_needs_spotcheck
3163,汕头大学,999,不限选考科目,571,,visual_ocr_needs_spotcheck,24364,fujian_2025_physics_score_distribution_usable_v1,derived_from_score_distribution_needs_spotcheck
3164,山西财经大学,500,选考化学,546,,visual_ocr_needs_spotcheck,37396,fujian_2025_physics_score_distribution_usable_v1,derived_from_score_distribution_needs_spotcheck
3164,山西财经大学,900,选考地理,526,,visual_ocr_needs_spotcheck,50184,fujian_2025_physics_score_distribution_usable_v1,derived_from_score_distribution_needs_spotcheck
3164,山西财经大学,999,不限选考科目,524,,visual_ocr_needs_spotcheck,51599,fujian_2025_physics_score_distribution_usable_v1,derived_from_score_distribution_needs_spotcheck
3165,山西财经大学（中外合作）,999,不限选考科目,528,,visual_ocr_needs_spotcheck,48837,fujian_2025_physics_score_distribution_usable_v1,derived_from_score_distribution_needs_spotcheck
3166,山西传媒学院,500,选考化学,497,,visual_ocr_needs_spotcheck,72041,fujian_2025_physics_score_distribution_usable_v1,derived_from_score_distribution_needs_spotcheck
3167,山西大同大学,500,选考化学,506,,visual_ocr_needs_spotcheck,64873,fujian_2025_physics_score_distribution_usable_v1,derived_from_score_distribution_needs_spotcheck
3167,山西大同大学,516,选考化学且生物学,526,,visual_ocr_needs_spotcheck,50184,fujian_2025_physics_score_distribution_usable_v1,derived_from_score_distribution_needs_spotcheck
3168,山西大学,500,选考化学,574,,visual_ocr_needs_spotcheck,22981,fujian_2025_physics_score_distribution_usable_v1,derived_from_score_distribution_needs_spotcheck
3168,山西大学,999,不限选考科目,555,,visual_ocr_needs_spotcheck,32381,fujian_2025_physics_score_distribution_usable_v1,derived_from_score_distribution_needs_spotcheck
3169,山西工程技术学院,500,选考化学,490,,visual_ocr_needs_spotcheck,77780,fujian_2025_physics_score_distribution_usable_v1,derived_from_score_distribution_needs_spotcheck
3169,山西工程技术学院,900,选考地理,506,,visual_ocr_needs_spotcheck,64873,fujian_2025_physics_score_distribution_usable_v1,derived_from_score_distribution_needs_spotcheck
3169,山西工程技术学院,999,不限选考科目,489,,visual_ocr_needs_spotcheck,78616,fujian_2025_physics_score_distribution_usable_v1,derived_from_score_distribution_needs_spotcheck
3170,山西工学院,500,选考化学,502,,visual_ocr_needs_spotcheck,67989,fujian_2025_physics_score_distribution_usable_v1,derived_from_score_distribution_needs_spotcheck
3171,陕西国际商贸学院,500,选考化学,441,,visual_ocr_needs_spotcheck,119155,fujian_2025_physics_score_distribution_usable_v1,derived_from_score_distribution_needs_spotcheck
3172,山西晋中理工学院,500,选考化学,478,,visual_ocr_needs_spotcheck,87828,fujian_2025_physics_score_distribution_usable_v1,derived_from_score_distribution_needs_spotcheck
3173,陕西科技大学,500,选考化学,552,,visual_ocr_needs_spotcheck,33956,fujian_2025_physics_score_distribution_usable_v1,derived_from_score_distribution_needs_spotcheck
3173,陕西科技大学,999,不限选考科目,552,,visual_ocr_needs_spotcheck,33956,fujian_2025_physics_score_distribution_usable_v1,derived_from_score_distribution_needs_spotcheck
3174,陕西科技大学（中外合作）,500,选考化学,536,,visual_ocr_needs_spotcheck,43666,fujian_2025_physics_score_distribution_usable_v1,derived_from_score_distribution_needs_spotcheck
3175,陕西理工大学,500,选考化学,512,,visual_ocr_needs_spotcheck,60283,fujian_2025_physics_score_distribution_usable_v1,derived_from_score_distribution_needs_spotcheck
3175,陕西理工大学,700,选考思想政治,527,,visual_ocr_needs_spotcheck,49465,fujian_2025_physics_score_distribution_usable_v1,derived_from_score_distribution_needs_spotcheck
3175,陕西理工大学,900,选考地理,531,,visual_ocr_needs_spotcheck,46854,fujian_2025_physics_score_distribution_usable_v1,derived_from_score_distribution_needs_spotcheck
3175,陕西理工大学,999,不限选考科目,479,,visual_ocr_needs_spotcheck,86939,fujian_2025_physics_score_distribution_usable_v1,derived_from_score_distribution_needs_spotcheck
3176,山西农业大学,500,选考化学,481,,visual_ocr_needs_spotcheck,85345,fujian_2025_physics_score_distribution_usable_v1,derived_from_score_distribution_needs_spotcheck
3176,山西农业大学,516,选考化学且生物学,491,,visual_ocr_needs_spotcheck,76979,fujian_2025_physics_score_distribution_usable_v1,derived_from_score_distribution_needs_spotcheck
3177,山西师范大学,500,选考化学,508,,visual_ocr_needs_spotcheck,63376,fujian_2025_physics_score_distribution_usable_v1,derived_from_score_distribution_needs_spotcheck
3177,山西师范大学,900,选考地理,520,,visual_ocr_needs_spotcheck,54409,fujian_2025_physics_score_distribution_usable_v1,derived_from_score_distribution_needs_spotcheck
3177,山西师范大学,999,不限选考科目,508,,visual_ocr_needs_spotcheck,63376,fujian_2025_physics_score_distribution_usable_v1,derived_from_score_distribution_needs_spotcheck
3178,陕西师范大学,500,选考化学,611,,visual_ocr_needs_spotcheck,9314,fujian_2025_physics_score_distribution_usable_v1,derived_from_score_distribution_needs_spotcheck
3178,陕西师范大学,999,不限选考科目,595,,visual_ocr_needs_spotcheck,14450,fujian_2025_physics_score_distribution_usable_v1,derived_from_score_distribution_needs_spotcheck
3179,陕西师范大学（中外合作）,500,选考化学,578,,visual_ocr_needs_spotcheck,21173,fujian_2025_physics_score_distribution_usable_v1,derived_from_score_distribution_needs_spotcheck
3180,陕西学前师范学院,500,选考化学,493,,visual_ocr_needs_spotcheck,75303,fujian_2025_physics_score_distribution_usable_v1,derived_from_score_distribution_needs_spotcheck
3181,山西医科大学,500,选考化学,514,,visual_ocr_needs_spotcheck,58785,fujian_2025_physics_score_distribution_usable_v1,derived_from_score_distribution_needs_spotcheck
3181,山西医科大学,516,选考化学且生物学,521,,visual_ocr_needs_spotcheck,53711,fujian_2025_physics_score_distribution_usable_v1,derived_from_score_distribution_needs_spotcheck
3181,山西医科大学,600,选考生物学,502,,visual_ocr_needs_spotcheck,67989,fujian_2025_physics_score_distribution_usable_v1,derived_from_score_distribution_needs_spotcheck
3181,山西医科大学,999,不限选考科目,509,,visual_ocr_needs_spotcheck,62571,fujian_2025_physics_score_distribution_usable_v1,derived_from_score_distribution_needs_spotcheck
3182,陕西中医药大学,500,选考化学,503,,visual_ocr_needs_spotcheck,67246,fujian_2025_physics_score_distribution_usable_v1,derived_from_score_distribution_needs_spotcheck
3182,陕西中医药大学,999,不限选考科目,544,,visual_ocr_needs_spotcheck,38598,fujian_2025_physics_score_distribution_usable_v1,derived_from_score_distribution_needs_spotcheck
3183,山西中医药大学,500,选考化学,485,,visual_ocr_needs_spotcheck,81945,fujian_2025_physics_score_distribution_usable_v1,derived_from_score_distribution_needs_spotcheck
3183,山西中医药大学,600,选考生物学,492,,visual_ocr_needs_spotcheck,76112,fujian_2025_physics_score_distribution_usable_v1,derived_from_score_distribution_needs_spotcheck
3183,山西中医药大学,999,不限选考科目,511,,visual_ocr_needs_spotcheck,61013,fujian_2025_physics_score_distribution_usable_v1,derived_from_score_distribution_needs_spotcheck
3184,上海财经大学,500,选考化学,629,,visual_ocr_needs_spotcheck,5008,fujian_2025_physics_score_distribution_usable_v1,derived_from_score_distribution_needs_spotcheck
3184,上海财经大学,999,不限选考科目,624,,visual_ocr_needs_spotcheck,6019,fujian_2025_physics_score_distribution_usable_v1,derived_from_score_distribution_needs_spotcheck
3185,上海财经大学浙江学院,500,选考化学,487,,visual_ocr_needs_spotcheck,80259,fujian_2025_physics_score_distribution_usable_v1,derived_from_score_distribution_needs_spotcheck
3185,上海财经大学浙江学院,999,不限选考科目,481,,visual_ocr_needs_spotcheck,85345,fujian_2025_physics_score_distribution_usable_v1,derived_from_score_distribution_needs_spotcheck
3186,上海大学,500,选考化学,626,,visual_ocr_needs_spotcheck,5610,fujian_2025_physics_score_distribution_usable_v1,derived_from_score_distribution_needs_spotcheck
3186,上海大学,999,不限选考科目,619,,visual_ocr_needs_spotcheck,7186,fujian_2025_physics_score_distribution_usable_v1,derived_from_score_distribution_needs_spotcheck
3188,上海大学（中外合作）,500,选考化学,594,,visual_ocr_needs_spotcheck,14801,fujian_2025_physics_score_distribution_usable_v1,derived_from_score_distribution_needs_spotcheck
3189,上海第二工业大学,500,选考化学,565,,visual_ocr_needs_spotcheck,27225,fujian_2025_physics_score_distribution_usable_v1,derived_from_score_distribution_needs_spotcheck
3190,上海电机学院,500,选考化学,552,,visual_ocr_needs_spotcheck,33956,fujian_2025_physics_score_distribution_usable_v1,derived_from_score_distribution_needs_spotcheck
3190,上海电机学院,999,不限选考科目,536,,visual_ocr_needs_spotcheck,43666,fujian_2025_physics_score_distribution_usable_v1,derived_from_score_distribution_needs_spotcheck
3191,上海电力大学,500,选考化学,601,,visual_ocr_needs_spotcheck,12436,fujian_2025_physics_score_distribution_usable_v1,derived_from_score_distribution_needs_spotcheck
3192,上海对外经贸大学,999,不限选考科目,588,,visual_ocr_needs_spotcheck,17024,fujian_2025_physics_score_distribution_usable_v1,derived_from_score_distribution_needs_spotcheck
3193,上海对外经贸大学（中外合作）,999,不限选考科目,574,,visual_ocr_needs_spotcheck,22981,fujian_2025_physics_score_distribution_usable_v1,derived_from_score_distribution_needs_spotcheck
3194,上海工程技术大学,500,选考化学,556,,visual_ocr_needs_spotcheck,31880,fujian_2025_physics_score_distribution_usable_v1,derived_from_score_distribution_needs_spotcheck
3194,上海工程技术大学,999,不限选考科目,540,,visual_ocr_needs_spotcheck,41148,fujian_2025_physics_score_distribution_usable_v1,derived_from_score_distribution_needs_spotcheck
3195,上海海关学院,999,不限选考科目,588,,visual_ocr_needs_spotcheck,17024,fujian_2025_physics_score_distribution_usable_v1,derived_from_score_distribution_needs_spotcheck
3198,上海海事大学,500,选考化学,583,,visual_ocr_needs_spotcheck,19062,fujian_2025_physics_score_distribution_usable_v1,derived_from_score_distribution_needs_spotcheck
3198,上海海事大学,999,不限选考科目,587,,visual_ocr_needs_spotcheck,17424,fujian_2025_physics_score_distribution_usable_v1,derived_from_score_distribution_needs_spotcheck
3199,上海海洋大学,500,选考化学,573,,visual_ocr_needs_spotcheck,23443,fujian_2025_physics_score_distribution_usable_v1,derived_from_score_distribution_needs_spotcheck
3200,上海海洋大学（中外合作）,999,不限选考科目,565,,visual_ocr_needs_spotcheck,27225,fujian_2025_physics_score_distribution_usable_v1,derived_from_score_distribution_needs_spotcheck
3201,上海健康医学院,500,选考化学,516,,visual_ocr_needs_spotcheck,57329,fujian_2025_physics_score_distribution_usable_v1,derived_from_score_distribution_needs_spotcheck
3202,上海建桥学院,500,选考化学,459,,visual_ocr_needs_spotcheck,104060,fujian_2025_physics_score_distribution_usable_v1,derived_from_score_distribution_needs_spotcheck
3202,上海建桥学院,600,选考生物学,468,,visual_ocr_needs_spotcheck,96446,fujian_2025_physics_score_distribution_usable_v1,derived_from_score_distribution_needs_spotcheck
3203,上海交通大学,500,选考化学,674,,visual_ocr_needs_spotcheck,308,fujian_2025_physics_score_distribution_usable_v1,derived_from_score_distribution_needs_spotcheck
3204,上海交通大学（中外合作）,500,选考化学,667,,visual_ocr_needs_spotcheck,577,fujian_2025_physics_score_distribution_usable_v1,derived_from_score_distribution_needs_spotcheck
3205,上海交通大学医学院,500,选考化学,652,,visual_ocr_needs_spotcheck,1634,fujian_2025_physics_score_distribution_usable_v1,derived_from_score_distribution_needs_spotcheck
3206,上海交通大学医学院（八年制）,500,选考化学,669,,visual_ocr_needs_spotcheck,495,fujian_2025_physics_score_distribution_usable_v1,derived_from_score_distribution_needs_spotcheck
3208,上海立达学院,500,选考化学,442,,visual_ocr_needs_spotcheck,118298,fujian_2025_physics_score_distribution_usable_v1,derived_from_score_distribution_needs_spotcheck
3208,上海立达学院,999,不限选考科目,441,,visual_ocr_needs_spotcheck,119155,fujian_2025_physics_score_distribution_usable_v1,derived_from_score_distribution_needs_spotcheck
3209,上海理工大学,500,选考化学,596,,visual_ocr_needs_spotcheck,14083,fujian_2025_physics_score_distribution_usable_v1,derived_from_score_distribution_needs_spotcheck
3210,上海理工大学（中外合作）,500,选考化学,588,,visual_ocr_needs_spotcheck,17024,fujian_2025_physics_score_distribution_usable_v1,derived_from_score_distribution_needs_spotcheck
3211,上海立信会计金融学院,500,选考化学,555,,visual_ocr_needs_spotcheck,32381,fujian_2025_physics_score_distribution_usable_v1,derived_from_score_distribution_needs_spotcheck
3211,上海立信会计金融学院,999,不限选考科目,549,,visual_ocr_needs_spotcheck,35614,fujian_2025_physics_score_distribution_usable_v1,derived_from_score_distribution_needs_spotcheck
3213,上海杉达学院,500,选考化学,497,,visual_ocr_needs_spotcheck,72041,fujian_2025_physics_score_distribution_usable_v1,derived_from_score_distribution_needs_spotcheck
3213,上海杉达学院,999,不限选考科目,501,,visual_ocr_needs_spotcheck,68791,fujian_2025_physics_score_distribution_usable_v1,derived_from_score_distribution_needs_spotcheck
3214,上海商学院,500,选考化学,553,,visual_ocr_needs_spotcheck,33405,fujian_2025_physics_score_distribution_usable_v1,derived_from_score_distribution_needs_spotcheck
3214,上海商学院,999,不限选考科目,537,,visual_ocr_needs_spotcheck,43014,fujian_2025_physics_score_distribution_usable_v1,derived_from_score_distribution_needs_spotcheck
3215,上海师范大学,500,选考化学,575,,visual_ocr_needs_spotcheck,22544,fujian_2025_physics_score_distribution_usable_v1,derived_from_score_distribution_needs_spotcheck
3216,上海师范大学天华学院,999,不限选考科目,472,,visual_ocr_needs_spotcheck,92964,fujian_2025_physics_score_distribution_usable_v1,derived_from_score_distribution_needs_spotcheck
3217,上海视觉艺术学院,999,不限选考科目,463,,visual_ocr_needs_spotcheck,100752,fujian_2025_physics_score_distribution_usable_v1,derived_from_score_distribution_needs_spotcheck
3218,上海外国语大学,999,不限选考科目,606,,visual_ocr_needs_spotcheck,10843,fujian_2025_physics_score_distribution_usable_v1,derived_from_score_distribution_needs_spotcheck
3219,上海外国语大学(中外合作),999,不限选考科目,579,,visual_ocr_needs_spotcheck,20738,fujian_2025_physics_score_distribution_usable_v1,derived_from_score_distribution_needs_spotcheck
3220,上海外国语大学贤达经济人文学院,999,不限选考科目,460,,visual_ocr_needs_spotcheck,103242,fujian_2025_physics_score_distribution_usable_v1,derived_from_score_distribution_needs_spotcheck
3222,上海兴伟学院,999,不限选考科目,449,,visual_ocr_needs_spotcheck,112582,fujian_2025_physics_score_distribution_usable_v1,derived_from_score_distribution_needs_spotcheck
3224,上海应用技术大学,500,选考化学,566,,visual_ocr_needs_spotcheck,26736,fujian_2025_physics_score_distribution_usable_v1,derived_from_score_distribution_needs_spotcheck
3224,上海应用技术大学,999,不限选考科目,545,,visual_ocr_needs_spotcheck,37957,fujian_2025_physics_score_distribution_usable_v1,derived_from_score_distribution_needs_spotcheck
3225,上海政法学院,999,不限选考科目,590,,visual_ocr_needs_spotcheck,16253,fujian_2025_physics_score_distribution_usable_v1,derived_from_score_distribution_needs_spotcheck
3226,上海中侨职业技术大学,999,不限选考科目,444,,visual_ocr_needs_spotcheck,116681,fujian_2025_physics_score_distribution_usable_v1,derived_from_score_distribution_needs_spotcheck
3227,上海中医药大学,500,选考化学,632,,visual_ocr_needs_spotcheck,4442,fujian_2025_physics_score_distribution_usable_v1,derived_from_score_distribution_needs_spotcheck
3228,上海中医药大学(中外合作),500,选考化学,575,,visual_ocr_needs_spotcheck,22544,fujian_2025_physics_score_distribution_usable_v1,derived_from_score_distribution_needs_spotcheck
3229,商洛学院,500,选考化学,503,,visual_ocr_needs_spotcheck,67246,fujian_2025_physics_score_distribution_usable_v1,derived_from_score_distribution_needs_spotcheck
3229,商洛学院,999,不限选考科目,497,,visual_ocr_needs_spotcheck,72041,fujian_2025_physics_score_distribution_usable_v1,derived_from_score_distribution_needs_spotcheck
3230,商丘工学院,500,选考化学,471,,visual_ocr_needs_spotcheck,93819,fujian_2025_physics_score_distribution_usable_v1,derived_from_score_distribution_needs_spotcheck
3231,商丘师范学院,500,选考化学,490,,visual_ocr_needs_spotcheck,77780,fujian_2025_physics_score_distribution_usable_v1,derived_from_score_distribution_needs_spotcheck
3231,商丘师范学院,600,选考生物学,490,,visual_ocr_needs_spotcheck,77780,fujian_2025_physics_score_distribution_usable_v1,derived_from_score_distribution_needs_spotcheck
3231,商丘师范学院,999,不限选考科目,486,,visual_ocr_needs_spotcheck,81079,fujian_2025_physics_score_distribution_usable_v1,derived_from_score_distribution_needs_spotcheck
3232,上饶师范学院,500,选考化学,498,,visual_ocr_needs_spotcheck,71202,fujian_2025_physics_score_distribution_usable_v1,derived_from_score_distribution_needs_spotcheck
3232,上饶师范学院,999,不限选考科目,497,,visual_ocr_needs_spotcheck,72041,fujian_2025_physics_score_distribution_usable_v1,derived_from_score_distribution_needs_spotcheck
3233,韶关学院,500,选考化学,502,,visual_ocr_needs_spotcheck,67989,fujian_2025_physics_score_distribution_usable_v1,derived_from_score_distribution_needs_spotcheck
3234,绍兴理工学院,500,选考化学,515,,visual_ocr_needs_spotcheck,58055,fujian_2025_physics_score_distribution_usable_v1,derived_from_score_distribution_needs_spotcheck
3235,绍兴文理学院,500,选考化学,530,,visual_ocr_needs_spotcheck,47532,fujian_2025_physics_score_distribution_usable_v1,derived_from_score_distribution_needs_spotcheck
3237,邵阳学院,500,选考化学,493,,visual_ocr_needs_spotcheck,75303,fujian_2025_physics_score_distribution_usable_v1,derived_from_score_distribution_needs_spotcheck
3237,邵阳学院,999,不限选考科目,500,,visual_ocr_needs_spotcheck,69546,fujian_2025_physics_score_distribution_usable_v1,derived_from_score_distribution_needs_spotcheck
3238,沈阳城市建设学院,500,选考化学,441,,visual_ocr_needs_spotcheck,119155,fujian_2025_physics_score_distribution_usable_v1,derived_from_score_distribution_needs_spotcheck
3238,沈阳城市建设学院,999,不限选考科目,441,,visual_ocr_needs_spotcheck,119155,fujian_2025_physics_score_distribution_usable_v1,derived_from_score_distribution_needs_spotcheck
3239,沈阳大学,500,选考化学,527,,visual_ocr_needs_spotcheck,49465,fujian_2025_physics_score_distribution_usable_v1,derived_from_score_distribution_needs_spotcheck
3240,沈阳工程学院,500,选考化学,557,,visual_ocr_needs_spotcheck,31329,fujian_2025_physics_score_distribution_usable_v1,derived_from_score_distribution_needs_spotcheck
3241,沈阳工业大学,500,选考化学,532,,visual_ocr_needs_spotcheck,46183,fujian_2025_physics_score_distribution_usable_v1,derived_from_score_distribution_needs_spotcheck
3242,沈阳航空航天大学,500,选考化学,560,,visual_ocr_needs_spotcheck,29717,fujian_2025_physics_score_distribution_usable_v1,derived_from_score_distribution_needs_spotcheck
3243,沈阳化工大学,500,选考化学,520,,visual_ocr_needs_spotcheck,54409,fujian_2025_physics_score_distribution_usable_v1,derived_from_score_distribution_needs_spotcheck
3244,沈阳建筑大学,500,选考化学,494,,visual_ocr_needs_spotcheck,74485,fujian_2025_physics_score_distribution_usable_v1,derived_from_score_distribution_needs_spotcheck
3244,沈阳建筑大学,999,不限选考科目,496,,visual_ocr_needs_spotcheck,72818,fujian_2025_physics_score_distribution_usable_v1,derived_from_score_distribution_needs_spotcheck
3245,沈阳建筑大学（五年制）,999,不限选考科目,472,,visual_ocr_needs_spotcheck,92964,fujian_2025_physics_score_distribution_usable_v1,derived_from_score_distribution_needs_spotcheck
3246,沈阳建筑大学（中外合作）,500,选考化学,513,,visual_ocr_needs_spotcheck,59514,fujian_2025_physics_score_distribution_usable_v1,derived_from_score_distribution_needs_spotcheck
3246,沈阳建筑大学（中外合作）,999,不限选考科目,488,,visual_ocr_needs_spotcheck,79451,fujian_2025_physics_score_distribution_usable_v1,derived_from_score_distribution_needs_spotcheck
3247,沈阳理工大学,500,选考化学,545,,visual_ocr_needs_spotcheck,37957,fujian_2025_physics_score_distribution_usable_v1,derived_from_score_distribution_needs_spotcheck
3248,沈阳理工大学（中外合作1）,500,选考化学,512,,visual_ocr_needs_spotcheck,60283,fujian_2025_physics_score_distribution_usable_v1,derived_from_score_distribution_needs_spotcheck
3249,沈阳理工大学（中外合作2）,500,选考化学,505,,visual_ocr_needs_spotcheck,65653,fujian_2025_physics_score_distribution_usable_v1,derived_from_score_distribution_needs_spotcheck
3250,沈阳农业大学,500,选考化学,509,,visual_ocr_needs_spotcheck,62571,fujian_2025_physics_score_distribution_usable_v1,derived_from_score_distribution_needs_spotcheck
3251,沈阳农业大学（中外合作）,500,选考化学,534,,visual_ocr_needs_spotcheck,44918,fujian_2025_physics_score_distribution_usable_v1,derived_from_score_distribution_needs_spotcheck
3253,沈阳体育学院,999,不限选考科目,482,,visual_ocr_needs_spotcheck,84464,fujian_2025_physics_score_distribution_usable_v1,derived_from_score_distribution_needs_spotcheck
3255,沈阳药科大学,500,选考化学,464,,visual_ocr_needs_spotcheck,99902,fujian_2025_physics_score_distribution_usable_v1,derived_from_score_distribution_needs_spotcheck
3256,沈阳医学院,500,选考化学,519,,visual_ocr_needs_spotcheck,55133,fujian_2025_physics_score_distribution_usable_v1,derived_from_score_distribution_needs_spotcheck
3256,沈阳医学院,600,选考生物学,493,,visual_ocr_needs_spotcheck,75303,fujian_2025_physics_score_distribution_usable_v1,derived_from_score_distribution_needs_spotcheck
3259,深圳大学,500,选考化学,611,,visual_ocr_needs_spotcheck,9314,fujian_2025_physics_score_distribution_usable_v1,derived_from_score_distribution_needs_spotcheck
3259,深圳大学,999,不限选考科目,608,,visual_ocr_needs_spotcheck,10196,fujian_2025_physics_score_distribution_usable_v1,derived_from_score_distribution_needs_spotcheck
3260,深圳大学（中外合作）,999,不限选考科目,586,,visual_ocr_needs_spotcheck,17831,fujian_2025_physics_score_distribution_usable_v1,derived_from_score_distribution_needs_spotcheck
3261,深圳技术大学,500,选考化学,599,,visual_ocr_needs_spotcheck,13078,fujian_2025_physics_score_distribution_usable_v1,derived_from_score_distribution_needs_spotcheck
3262,石河子大学,500,选考化学,552,,visual_ocr_needs_spotcheck,33956,fujian_2025_physics_score_distribution_usable_v1,derived_from_score_distribution_needs_spotcheck
3262,石河子大学,999,不限选考科目,549,,visual_ocr_needs_spotcheck,35614,fujian_2025_physics_score_distribution_usable_v1,derived_from_score_distribution_needs_spotcheck
3263,石家庄铁道大学,500,选考化学,553,,visual_ocr_needs_spotcheck,33405,fujian_2025_physics_score_distribution_usable_v1,derived_from_score_distribution_needs_spotcheck
3263,石家庄铁道大学,999,不限选考科目,540,,visual_ocr_needs_spotcheck,41148,fujian_2025_physics_score_distribution_usable_v1,derived_from_score_distribution_needs_spotcheck
3264,石家庄铁道大学四方学院,500,选考化学,484,,visual_ocr_needs_spotcheck,82760,fujian_2025_physics_score_distribution_usable_v1,derived_from_score_distribution_needs_spotcheck
3264,石家庄铁道大学四方学院,999,不限选考科目,483,,visual_ocr_needs_spotcheck,83635,fujian_2025_physics_score_distribution_usable_v1,derived_from_score_distribution_needs_spotcheck
3265,首都经济贸易大学,500,选考化学,585,,visual_ocr_needs_spotcheck,18234,fujian_2025_physics_score_distribution_usable_v1,derived_from_score_distribution_needs_spotcheck
3265,首都经济贸易大学（中外合作）,500,选考化学,565,,visual_ocr_needs_spotcheck,27225,fujian_2025_physics_score_distribution_usable_v1,derived_from_score_distribution_needs_spotcheck
3265,首都经济贸易大学,999,不限选考科目,587,,visual_ocr_needs_spotcheck,17424,fujian_2025_physics_score_distribution_usable_v1,derived_from_score_distribution_needs_spotcheck
3267,首都师范大学,500,选考化学,596,,visual_ocr_needs_spotcheck,14083,fujian_2025_physics_score_distribution_usable_v1,derived_from_score_distribution_needs_spotcheck
3269,首都医科大学,500,选考化学,627,,visual_ocr_needs_spotcheck,5412,fujian_2025_physics_score_distribution_usable_v1,derived_from_score_distribution_needs_spotcheck
3270,四川传媒学院,999,不限选考科目,490,,visual_ocr_needs_spotcheck,77780,fujian_2025_physics_score_distribution_usable_v1,derived_from_score_distribution_needs_spotcheck
3271,四川大学,500,选考化学,626,,visual_ocr_needs_spotcheck,5610,fujian_2025_physics_score_distribution_usable_v1,derived_from_score_distribution_needs_spotcheck
3273,四川大学（护理学）,500,选考化学,606,,visual_ocr_needs_spotcheck,10843,fujian_2025_physics_score_distribution_usable_v1,derived_from_score_distribution_needs_spotcheck
3274,四川大学（建筑学）,999,不限选考科目,618,,visual_ocr_needs_spotcheck,7421,fujian_2025_physics_score_distribution_usable_v1,derived_from_score_distribution_needs_spotcheck
3276,四川大学（医学类1）,500,选考化学,661,,visual_ocr_needs_spotcheck,891,fujian_2025_physics_score_distribution_usable_v1,derived_from_score_distribution_needs_spotcheck
3277,四川大学（医学类2）,500,选考化学,656,,visual_ocr_needs_spotcheck,1271,fujian_2025_physics_score_distribution_usable_v1,derived_from_score_distribution_needs_spotcheck
3278,四川大学（医学类3）,500,选考化学,643,,visual_ocr_needs_spotcheck,2663,fujian_2025_physics_score_distribution_usable_v1,derived_from_score_distribution_needs_spotcheck
3279,四川大学（医学类）,500,选考化学,578,,visual_ocr_needs_spotcheck,21173,fujian_2025_physics_score_distribution_usable_v1,derived_from_score_distribution_needs_spotcheck
3280,四川大学锦江学院,500,选考化学,472,,visual_ocr_needs_spotcheck,92964,fujian_2025_physics_score_distribution_usable_v1,derived_from_score_distribution_needs_spotcheck
3280,四川大学锦江学院,700,选考思想政治,473,,visual_ocr_needs_spotcheck,92111,fujian_2025_physics_score_distribution_usable_v1,derived_from_score_distribution_needs_spotcheck
3280,四川大学锦江学院,999,不限选考科目,470,,visual_ocr_needs_spotcheck,94712,fujian_2025_physics_score_distribution_usable_v1,derived_from_score_distribution_needs_spotcheck
3281,四川电影电视学院,999,不限选考科目,473,,visual_ocr_needs_spotcheck,92111,fujian_2025_physics_score_distribution_usable_v1,derived_from_score_distribution_needs_spotcheck
3282,四川工程职业技术大学,999,不限选考科目,494,,visual_ocr_needs_spotcheck,74485,fujian_2025_physics_score_distribution_usable_v1,derived_from_score_distribution_needs_spotcheck
3283,四川工商学院,500,选考化学,477,,visual_ocr_needs_spotcheck,88668,fujian_2025_physics_score_distribution_usable_v1,derived_from_score_distribution_needs_spotcheck
3283,四川工商学院,999,不限选考科目,479,,visual_ocr_needs_spotcheck,86939,fujian_2025_physics_score_distribution_usable_v1,derived_from_score_distribution_needs_spotcheck
3284,四川工业科技学院,500,选考化学,466,,visual_ocr_needs_spotcheck,98212,fujian_2025_physics_score_distribution_usable_v1,derived_from_score_distribution_needs_spotcheck
3284,四川工业科技学院,999,不限选考科目,458,,visual_ocr_needs_spotcheck,104965,fujian_2025_physics_score_distribution_usable_v1,derived_from_score_distribution_needs_spotcheck
3285,四川警察学院,999,不限选考科目,537,,visual_ocr_needs_spotcheck,43014,fujian_2025_physics_score_distribution_usable_v1,derived_from_score_distribution_needs_spotcheck
3286,四川旅游学院,500,选考化学,505,,visual_ocr_needs_spotcheck,65653,fujian_2025_physics_score_distribution_usable_v1,derived_from_score_distribution_needs_spotcheck
3286,四川旅游学院,999,不限选考科目,504,,visual_ocr_needs_spotcheck,66452,fujian_2025_physics_score_distribution_usable_v1,derived_from_score_distribution_needs_spotcheck
3287,四川旅游学院（中外合作）,500,选考化学,472,,visual_ocr_needs_spotcheck,92964,fujian_2025_physics_score_distribution_usable_v1,derived_from_score_distribution_needs_spotcheck
3288,四川美术学院,500,选考化学,575,,visual_ocr_needs_spotcheck,22544,fujian_2025_physics_score_distribution_usable_v1,derived_from_score_distribution_needs_spotcheck
3288,四川美术学院,999,不限选考科目,536,,visual_ocr_needs_spotcheck,43666,fujian_2025_physics_score_distribution_usable_v1,derived_from_score_distribution_needs_spotcheck
3289,四川农业大学,500,选考化学,570,,visual_ocr_needs_spotcheck,24825,fujian_2025_physics_score_distribution_usable_v1,derived_from_score_distribution_needs_spotcheck
3289,四川农业大学,600,选考生物学,577,,visual_ocr_needs_spotcheck,21588,fujian_2025_physics_score_distribution_usable_v1,derived_from_score_distribution_needs_spotcheck
3289,四川农业大学,999,不限选考科目,570,,visual_ocr_needs_spotcheck,24825,fujian_2025_physics_score_distribution_usable_v1,derived_from_score_distribution_needs_spotcheck
3290,四川轻化工大学,500,选考化学,528,,visual_ocr_needs_spotcheck,48837,fujian_2025_physics_score_distribution_usable_v1,derived_from_score_distribution_needs_spotcheck
3291,四川师范大学,500,选考化学,551,,visual_ocr_needs_spotcheck,34510,fujian_2025_physics_score_distribution_usable_v1,derived_from_score_distribution_needs_spotcheck
3291,四川师范大学,999,不限选考科目,545,,visual_ocr_needs_spotcheck,37957,fujian_2025_physics_score_distribution_usable_v1,derived_from_score_distribution_needs_spotcheck
3292,四川外国语大学,999,不限选考科目,540,,visual_ocr_needs_spotcheck,41148,fujian_2025_physics_score_distribution_usable_v1,derived_from_score_distribution_needs_spotcheck
3293,四川外国语大学（中外合作1）,999,不限选考科目,529,,visual_ocr_needs_spotcheck,48168,fujian_2025_physics_score_distribution_usable_v1,derived_from_score_distribution_needs_spotcheck
3294,四川外国语大学（中外合作2）,999,不限选考科目,538,,visual_ocr_needs_spotcheck,42366,fujian_2025_physics_score_distribution_usable_v1,derived_from_score_distribution_needs_spotcheck
3296,四川文理学院,500,选考化学,501,,visual_ocr_needs_spotcheck,68791,fujian_2025_physics_score_distribution_usable_v1,derived_from_score_distribution_needs_spotcheck
3296,四川文理学院,999,不限选考科目,494,,visual_ocr_needs_spotcheck,74485,fujian_2025_physics_score_distribution_usable_v1,derived_from_score_distribution_needs_spotcheck
3298,苏州城市学院,500,选考化学,542,,visual_ocr_needs_spotcheck,39897,fujian_2025_physics_score_distribution_usable_v1,derived_from_score_distribution_needs_spotcheck
3299,苏州大学,500,选考化学,621,,visual_ocr_needs_spotcheck,6705,fujian_2025_physics_score_distribution_usable_v1,derived_from_score_distribution_needs_spotcheck
3300,苏州大学（医学类）,500,选考化学,596,,visual_ocr_needs_spotcheck,14083,fujian_2025_physics_score_distribution_usable_v1,derived_from_score_distribution_needs_spotcheck
3301,苏州大学（中外合作）,500,选考化学,586,,visual_ocr_needs_spotcheck,17831,fujian_2025_physics_score_distribution_usable_v1,derived_from_score_distribution_needs_spotcheck
3302,苏州工学院,500,选考化学,527,,visual_ocr_needs_spotcheck,49465,fujian_2025_physics_score_distribution_usable_v1,derived_from_score_distribution_needs_spotcheck
3303,苏州科技大学,500,选考化学,561,,visual_ocr_needs_spotcheck,29212,fujian_2025_physics_score_distribution_usable_v1,derived_from_score_distribution_needs_spotcheck
3304,苏州科技大学（中外合作）,500,选考化学,531,,visual_ocr_needs_spotcheck,46854,fujian_2025_physics_score_distribution_usable_v1,derived_from_score_distribution_needs_spotcheck
3304,苏州科技大学（中外合作）,999,不限选考科目,529,,visual_ocr_needs_spotcheck,48168,fujian_2025_physics_score_distribution_usable_v1,derived_from_score_distribution_needs_spotcheck
3305,苏州科技大学天平学院,500,选考化学,473,,visual_ocr_needs_spotcheck,92111,fujian_2025_physics_score_distribution_usable_v1,derived_from_score_distribution_needs_spotcheck
3305,苏州科技大学天平学院,999,不限选考科目,479,,visual_ocr_needs_spotcheck,86939,fujian_2025_physics_score_distribution_usable_v1,derived_from_score_distribution_needs_spotcheck
3306,塔里木大学,500,选考化学,496,,visual_ocr_needs_spotcheck,72818,fujian_2025_physics_score_distribution_usable_v1,derived_from_score_distribution_needs_spotcheck
3306,塔里木大学,999,不限选考科目,497,,visual_ocr_needs_spotcheck,72041,fujian_2025_physics_score_distribution_usable_v1,derived_from_score_distribution_needs_spotcheck
3307,泰山科技学院,500,选考化学,452,,visual_ocr_needs_spotcheck,110007,fujian_2025_physics_score_distribution_usable_v1,derived_from_score_distribution_needs_spotcheck
3307,泰山科技学院,999,不限选考科目,441,,visual_ocr_needs_spotcheck,119155,fujian_2025_physics_score_distribution_usable_v1,derived_from_score_distribution_needs_spotcheck
3308,泰山学院,500,选考化学,491,,visual_ocr_needs_spotcheck,76979,fujian_2025_physics_score_distribution_usable_v1,derived_from_score_distribution_needs_spotcheck
3309,太原工业学院,500,选考化学,495,,visual_ocr_needs_spotcheck,73670,fujian_2025_physics_score_distribution_usable_v1,derived_from_score_distribution_needs_spotcheck
3310,太原科技大学,500,选考化学,529,,visual_ocr_needs_spotcheck,48168,fujian_2025_physics_score_distribution_usable_v1,derived_from_score_distribution_needs_spotcheck
3310,太原科技大学,999,不限选考科目,529,,visual_ocr_needs_spotcheck,48168,fujian_2025_physics_score_distribution_usable_v1,derived_from_score_distribution_needs_spotcheck
3311,太原理工大学,500,选考化学,586,,visual_ocr_needs_spotcheck,17831,fujian_2025_physics_score_distribution_usable_v1,derived_from_score_distribution_needs_spotcheck
3312,太原师范学院,500,选考化学,495,,visual_ocr_needs_spotcheck,73670,fujian_2025_physics_score_distribution_usable_v1,derived_from_score_distribution_needs_spotcheck
3312,太原师范学院,900,选考地理,508,,visual_ocr_needs_spotcheck,63376,fujian_2025_physics_score_distribution_usable_v1,derived_from_score_distribution_needs_spotcheck
3313,太原学院,500,选考化学,484,,visual_ocr_needs_spotcheck,82760,fujian_2025_physics_score_distribution_usable_v1,derived_from_score_distribution_needs_spotcheck
3313,太原学院,600,选考生物学,483,,visual_ocr_needs_spotcheck,83635,fujian_2025_physics_score_distribution_usable_v1,derived_from_score_distribution_needs_spotcheck
3313,太原学院,999,不限选考科目,488,,visual_ocr_needs_spotcheck,79451,fujian_2025_physics_score_distribution_usable_v1,derived_from_score_distribution_needs_spotcheck
3315,台州学院,500,选考化学,524,,visual_ocr_needs_spotcheck,51599,fujian_2025_physics_score_distribution_usable_v1,derived_from_score_distribution_needs_spotcheck
3315,台州学院,999,不限选考科目,517,,visual_ocr_needs_spotcheck,56618,fujian_2025_physics_score_distribution_usable_v1,derived_from_score_distribution_needs_spotcheck
3316,天津财经大学,500,选考化学,566,,visual_ocr_needs_spotcheck,26736,fujian_2025_physics_score_distribution_usable_v1,derived_from_score_distribution_needs_spotcheck
3316,天津财经大学,999,不限选考科目,554,,visual_ocr_needs_spotcheck,32905,fujian_2025_physics_score_distribution_usable_v1,derived_from_score_distribution_needs_spotcheck
3317,天津财经大学珠江学院,999,不限选考科目,470,,visual_ocr_needs_spotcheck,94712,fujian_2025_physics_score_distribution_usable_v1,derived_from_score_distribution_needs_spotcheck
3318,天津城建大学,500,选考化学,521,,visual_ocr_needs_spotcheck,53711,fujian_2025_physics_score_distribution_usable_v1,derived_from_score_distribution_needs_spotcheck
3318,天津城建大学,900,选考地理,536,,visual_ocr_needs_spotcheck,43666,fujian_2025_physics_score_distribution_usable_v1,derived_from_score_distribution_needs_spotcheck
3318,天津城建大学,999,不限选考科目,520,,visual_ocr_needs_spotcheck,54409,fujian_2025_physics_score_distribution_usable_v1,derived_from_score_distribution_needs_spotcheck
3319,天津城建大学（中外合作）,999,不限选考科目,482,,visual_ocr_needs_spotcheck,84464,fujian_2025_physics_score_distribution_usable_v1,derived_from_score_distribution_needs_spotcheck
3321,天津大学,500,选考化学,642,,visual_ocr_needs_spotcheck,2817,fujian_2025_physics_score_distribution_usable_v1,derived_from_score_distribution_needs_spotcheck
3322,天津工业大学,500,选考化学,575,,visual_ocr_needs_spotcheck,22544,fujian_2025_physics_score_distribution_usable_v1,derived_from_score_distribution_needs_spotcheck
3322,天津工业大学,999,不限选考科目,566,,visual_ocr_needs_spotcheck,26736,fujian_2025_physics_score_distribution_usable_v1,derived_from_score_distribution_needs_spotcheck
3324,天津工业大学（中外合作）,500,选考化学,581,,visual_ocr_needs_spotcheck,19899,fujian_2025_physics_score_distribution_usable_v1,derived_from_score_distribution_needs_spotcheck
3325,天津科技大学,500,选考化学,545,,visual_ocr_needs_spotcheck,37957,fujian_2025_physics_score_distribution_usable_v1,derived_from_score_distribution_needs_spotcheck
3325,天津科技大学,999,不限选考科目,543,,visual_ocr_needs_spotcheck,39235,fujian_2025_physics_score_distribution_usable_v1,derived_from_score_distribution_needs_spotcheck
3326,天津科技大学（中澳合作）,999,不限选考科目,548,,visual_ocr_needs_spotcheck,36213,fujian_2025_physics_score_distribution_usable_v1,derived_from_score_distribution_needs_spotcheck
3327,天津科技大学（中日合作）,500,选考化学,556,,visual_ocr_needs_spotcheck,31880,fujian_2025_physics_score_distribution_usable_v1,derived_from_score_distribution_needs_spotcheck
3328,天津理工大学,500,选考化学,569,,visual_ocr_needs_spotcheck,25291,fujian_2025_physics_score_distribution_usable_v1,derived_from_score_distribution_needs_spotcheck
3328,天津理工大学,999,不限选考科目,526,,visual_ocr_needs_spotcheck,50184,fujian_2025_physics_score_distribution_usable_v1,derived_from_score_distribution_needs_spotcheck
3329,天津理工大学中环信息学院,500,选考化学,477,,visual_ocr_needs_spotcheck,88668,fujian_2025_physics_score_distribution_usable_v1,derived_from_score_distribution_needs_spotcheck
3329,天津理工大学中环信息学院,999,不限选考科目,474,,visual_ocr_needs_spotcheck,91278,fujian_2025_physics_score_distribution_usable_v1,derived_from_score_distribution_needs_spotcheck
3331,天津农学院,500,选考化学,499,,visual_ocr_needs_spotcheck,70339,fujian_2025_physics_score_distribution_usable_v1,derived_from_score_distribution_needs_spotcheck
3332,天津仁爱学院,500,选考化学,444,,visual_ocr_needs_spotcheck,116681,fujian_2025_physics_score_distribution_usable_v1,derived_from_score_distribution_needs_spotcheck
3332,天津仁爱学院,999,不限选考科目,444,,visual_ocr_needs_spotcheck,116681,fujian_2025_physics_score_distribution_usable_v1,derived_from_score_distribution_needs_spotcheck
3333,天津商业大学,500,选考化学,541,,visual_ocr_needs_spotcheck,40511,fujian_2025_physics_score_distribution_usable_v1,derived_from_score_distribution_needs_spotcheck
3333,天津商业大学,999,不限选考科目,529,,visual_ocr_needs_spotcheck,48168,fujian_2025_physics_score_distribution_usable_v1,derived_from_score_distribution_needs_spotcheck
3335,天津商业大学宝德学院,999,不限选考科目,478,,visual_ocr_needs_spotcheck,87828,fujian_2025_physics_score_distribution_usable_v1,derived_from_score_distribution_needs_spotcheck
3336,天津师范大学,500,选考化学,544,,visual_ocr_needs_spotcheck,38598,fujian_2025_physics_score_distribution_usable_v1,derived_from_score_distribution_needs_spotcheck
3336,天津师范大学,999,不限选考科目,521,,visual_ocr_needs_spotcheck,53711,fujian_2025_physics_score_distribution_usable_v1,derived_from_score_distribution_needs_spotcheck
3337,天津师范大学(高收费),500,选考化学,572,,visual_ocr_needs_spotcheck,23889,fujian_2025_physics_score_distribution_usable_v1,derived_from_score_distribution_needs_spotcheck
3339,天津体育学院,999,不限选考科目,480,,visual_ocr_needs_spotcheck,86154,fujian_2025_physics_score_distribution_usable_v1,derived_from_score_distribution_needs_spotcheck
3340,天津外国语大学,500,选考化学,560,,visual_ocr_needs_spotcheck,29717,fujian_2025_physics_score_distribution_usable_v1,derived_from_score_distribution_needs_spotcheck
3340,天津外国语大学,999,不限选考科目,546,,visual_ocr_needs_spotcheck,37396,fujian_2025_physics_score_distribution_usable_v1,derived_from_score_distribution_needs_spotcheck
3341,天津外国语大学(中外合作),999,不限选考科目,544,,visual_ocr_needs_spotcheck,38598,fujian_2025_physics_score_distribution_usable_v1,derived_from_score_distribution_needs_spotcheck
3342,天津外国语大学滨海外事学院,999,不限选考科目,476,,visual_ocr_needs_spotcheck,89467,fujian_2025_physics_score_distribution_usable_v1,derived_from_score_distribution_needs_spotcheck
3343,天津医科大学,500,选考化学,570,,visual_ocr_needs_spotcheck,24825,fujian_2025_physics_score_distribution_usable_v1,derived_from_score_distribution_needs_spotcheck
3343,天津医科大学,516,选考化学且生物学,606,,visual_ocr_needs_spotcheck,10843,fujian_2025_physics_score_distribution_usable_v1,derived_from_score_distribution_needs_spotcheck
3344,天津医科大学临床医学院,500,选考化学,488,,visual_ocr_needs_spotcheck,79451,fujian_2025_physics_score_distribution_usable_v1,derived_from_score_distribution_needs_spotcheck
3344,天津医科大学临床医学院,516,选考化学且生物学,524,,visual_ocr_needs_spotcheck,51599,fujian_2025_physics_score_distribution_usable_v1,derived_from_score_distribution_needs_spotcheck
3344,天津医科大学临床医学院,999,不限选考科目,482,,visual_ocr_needs_spotcheck,84464,fujian_2025_physics_score_distribution_usable_v1,derived_from_score_distribution_needs_spotcheck
3346,天津职业技术师范大学,500,选考化学,508,,visual_ocr_needs_spotcheck,63376,fujian_2025_physics_score_distribution_usable_v1,derived_from_score_distribution_needs_spotcheck
3346,天津职业技术师范大学,999,不限选考科目,489,,visual_ocr_needs_spotcheck,78616,fujian_2025_physics_score_distribution_usable_v1,derived_from_score_distribution_needs_spotcheck
3347,天津职业技术师范大学(中外合作),500,选考化学,499,,visual_ocr_needs_spotcheck,70339,fujian_2025_physics_score_distribution_usable_v1,derived_from_score_distribution_needs_spotcheck
3348,天津中德应用技术大学,500,选考化学,519,,visual_ocr_needs_spotcheck,55133,fujian_2025_physics_score_distribution_usable_v1,derived_from_score_distribution_needs_spotcheck
3348,天津中德应用技术大学,999,不限选考科目,503,,visual_ocr_needs_spotcheck,67246,fujian_2025_physics_score_distribution_usable_v1,derived_from_score_distribution_needs_spotcheck
3349,天津中医药大学,500,选考化学,555,,visual_ocr_needs_spotcheck,32381,fujian_2025_physics_score_distribution_usable_v1,derived_from_score_distribution_needs_spotcheck
3350,天津中医药大学(中外合作),500,选考化学,544,,visual_ocr_needs_spotcheck,38598,fujian_2025_physics_score_distribution_usable_v1,derived_from_score_distribution_needs_spotcheck
3351,通化师范学院,500,选考化学,486,,visual_ocr_needs_spotcheck,81079,fujian_2025_physics_score_distribution_usable_v1,derived_from_score_distribution_needs_spotcheck
3352,通化师范学院(中外合作),500,选考化学,467,,visual_ocr_needs_spotcheck,97377,fujian_2025_physics_score_distribution_usable_v1,derived_from_score_distribution_needs_spotcheck
3353,同济大学,500,选考化学,656,,visual_ocr_needs_spotcheck,1271,fujian_2025_physics_score_distribution_usable_v1,derived_from_score_distribution_needs_spotcheck
3354,同济大学（技术科学试验班）,500,选考化学,650,,visual_ocr_needs_spotcheck,1821,fujian_2025_physics_score_distribution_usable_v1,derived_from_score_distribution_needs_spotcheck
3355,同济大学（医学类）,500,选考化学,646,,visual_ocr_needs_spotcheck,2277,fujian_2025_physics_score_distribution_usable_v1,derived_from_score_distribution_needs_spotcheck
3356,同济大学（中外合作）,500,选考化学,646,,visual_ocr_needs_spotcheck,2277,fujian_2025_physics_score_distribution_usable_v1,derived_from_score_distribution_needs_spotcheck
3357,铜陵学院,500,选考化学,496,,visual_ocr_needs_spotcheck,72818,fujian_2025_physics_score_distribution_usable_v1,derived_from_score_distribution_needs_spotcheck
3358,铜仁学院,500,选考化学,496,,visual_ocr_needs_spotcheck,72818,fujian_2025_physics_score_distribution_usable_v1,derived_from_score_distribution_needs_spotcheck
3359,铜仁学院（中外合作）,500,选考化学,469,,visual_ocr_needs_spotcheck,95545,fujian_2025_physics_score_distribution_usable_v1,derived_from_score_distribution_needs_spotcheck
3361,皖江工学院,500,选考化学,461,,visual_ocr_needs_spotcheck,102421,fujian_2025_physics_score_distribution_usable_v1,derived_from_score_distribution_needs_spotcheck
3364,潍坊学院,500,选考化学,495,,visual_ocr_needs_spotcheck,73670,fujian_2025_physics_score_distribution_usable_v1,derived_from_score_distribution_needs_spotcheck
3364,潍坊学院,516,选考化学且生物学,489,,visual_ocr_needs_spotcheck,78616,fujian_2025_physics_score_distribution_usable_v1,derived_from_score_distribution_needs_spotcheck
3364,潍坊学院,999,不限选考科目,496,,visual_ocr_needs_spotcheck,72818,fujian_2025_physics_score_distribution_usable_v1,derived_from_score_distribution_needs_spotcheck
3365,渭南师范学院,500,选考化学,490,,visual_ocr_needs_spotcheck,77780,fujian_2025_physics_score_distribution_usable_v1,derived_from_score_distribution_needs_spotcheck
3367,文华学院,500,选考化学,469,,visual_ocr_needs_spotcheck,95545,fujian_2025_physics_score_distribution_usable_v1,derived_from_score_distribution_needs_spotcheck
3367,文华学院,999,不限选考科目,464,,visual_ocr_needs_spotcheck,99902,fujian_2025_physics_score_distribution_usable_v1,derived_from_score_distribution_needs_spotcheck
3368,文山学院,500,选考化学,488,,visual_ocr_needs_spotcheck,79451,fujian_2025_physics_score_distribution_usable_v1,derived_from_score_distribution_needs_spotcheck
3369,温州大学,500,选考化学,558,,visual_ocr_needs_spotcheck,30799,fujian_2025_physics_score_distribution_usable_v1,derived_from_score_distribution_needs_spotcheck
3369,温州大学,999,不限选考科目,548,,visual_ocr_needs_spotcheck,36213,fujian_2025_physics_score_distribution_usable_v1,derived_from_score_distribution_needs_spotcheck
3370,温州大学（中外合作）,500,选考化学,545,,visual_ocr_needs_spotcheck,37957,fujian_2025_physics_score_distribution_usable_v1,derived_from_score_distribution_needs_spotcheck
3371,温州肯恩大学,500,选考化学,549,,visual_ocr_needs_spotcheck,35614,fujian_2025_physics_score_distribution_usable_v1,derived_from_score_distribution_needs_spotcheck
3371,温州肯恩大学,999,不限选考科目,551,,visual_ocr_needs_spotcheck,34510,fujian_2025_physics_score_distribution_usable_v1,derived_from_score_distribution_needs_spotcheck
3372,温州理工学院,500,选考化学,531,,visual_ocr_needs_spotcheck,46854,fujian_2025_physics_score_distribution_usable_v1,derived_from_score_distribution_needs_spotcheck
3373,温州商学院,500,选考化学,472,,visual_ocr_needs_spotcheck,92964,fujian_2025_physics_score_distribution_usable_v1,derived_from_score_distribution_needs_spotcheck
3373,温州商学院,999,不限选考科目,458,,visual_ocr_needs_spotcheck,104965,fujian_2025_physics_score_distribution_usable_v1,derived_from_score_distribution_needs_spotcheck
3374,温州医科大学,500,选考化学,584,,visual_ocr_needs_spotcheck,18650,fujian_2025_physics_score_distribution_usable_v1,derived_from_score_distribution_needs_spotcheck
3375,温州医科大学（中外合作）,500,选考化学,573,,visual_ocr_needs_spotcheck,23443,fujian_2025_physics_score_distribution_usable_v1,derived_from_score_distribution_needs_spotcheck
3376,温州医科大学仁济学院,500,选考化学,485,,visual_ocr_needs_spotcheck,81945,fujian_2025_physics_score_distribution_usable_v1,derived_from_score_distribution_needs_spotcheck
3377,武昌工学院,500,选考化学,468,,visual_ocr_needs_spotcheck,96446,fujian_2025_physics_score_distribution_usable_v1,derived_from_score_distribution_needs_spotcheck
3378,武昌理工学院,500,选考化学,469,,visual_ocr_needs_spotcheck,95545,fujian_2025_physics_score_distribution_usable_v1,derived_from_score_distribution_needs_spotcheck
3379,武昌首义学院,500,选考化学,474,,visual_ocr_needs_spotcheck,91278,fujian_2025_physics_score_distribution_usable_v1,derived_from_score_distribution_needs_spotcheck
3379,武昌首义学院,999,不限选考科目,472,,visual_ocr_needs_spotcheck,92964,fujian_2025_physics_score_distribution_usable_v1,derived_from_score_distribution_needs_spotcheck
3380,武汉城市学院,500,选考化学,470,,visual_ocr_needs_spotcheck,94712,fujian_2025_physics_score_distribution_usable_v1,derived_from_score_distribution_needs_spotcheck
3380,武汉城市学院,999,不限选考科目,471,,visual_ocr_needs_spotcheck,93819,fujian_2025_physics_score_distribution_usable_v1,derived_from_score_distribution_needs_spotcheck
3381,武汉传媒学院,999,不限选考科目,474,,visual_ocr_needs_spotcheck,91278,fujian_2025_physics_score_distribution_usable_v1,derived_from_score_distribution_needs_spotcheck
3382,武汉大学,500,选考化学,654,,visual_ocr_needs_spotcheck,1453,fujian_2025_physics_score_distribution_usable_v1,derived_from_score_distribution_needs_spotcheck
3382,武汉大学,999,不限选考科目,648,,visual_ocr_needs_spotcheck,2036,fujian_2025_physics_score_distribution_usable_v1,derived_from_score_distribution_needs_spotcheck
3384,武汉大学(医学护理类),500,选考化学,589,,visual_ocr_needs_spotcheck,16625,fujian_2025_physics_score_distribution_usable_v1,derived_from_score_distribution_needs_spotcheck
3385,武汉大学(中外合作),500,选考化学,606,,visual_ocr_needs_spotcheck,10843,fujian_2025_physics_score_distribution_usable_v1,derived_from_score_distribution_needs_spotcheck
3386,武汉东湖学院,500,选考化学,468,,visual_ocr_needs_spotcheck,96446,fujian_2025_physics_score_distribution_usable_v1,derived_from_score_distribution_needs_spotcheck
3386,武汉东湖学院,999,不限选考科目,465,,visual_ocr_needs_spotcheck,99057,fujian_2025_physics_score_distribution_usable_v1,derived_from_score_distribution_needs_spotcheck
3387,武汉纺织大学,500,选考化学,538,,visual_ocr_needs_spotcheck,42366,fujian_2025_physics_score_distribution_usable_v1,derived_from_score_distribution_needs_spotcheck
3388,武汉纺织大学外经贸学院,999,不限选考科目,465,,visual_ocr_needs_spotcheck,99057,fujian_2025_physics_score_distribution_usable_v1,derived_from_score_distribution_needs_spotcheck
3389,武汉工程大学,500,选考化学,571,,visual_ocr_needs_spotcheck,24364,fujian_2025_physics_score_distribution_usable_v1,derived_from_score_distribution_needs_spotcheck
3389,武汉工程大学,999,不限选考科目,535,,visual_ocr_needs_spotcheck,44290,fujian_2025_physics_score_distribution_usable_v1,derived_from_score_distribution_needs_spotcheck
3390,武汉工程大学(中外合作),500,选考化学,534,,visual_ocr_needs_spotcheck,44918,fujian_2025_physics_score_distribution_usable_v1,derived_from_score_distribution_needs_spotcheck
3391,武汉工程大学邮电与信息工程学院,500,选考化学,473,,visual_ocr_needs_spotcheck,92111,fujian_2025_physics_score_distribution_usable_v1,derived_from_score_distribution_needs_spotcheck
3392,武汉工程科技学院,500,选考化学,463,,visual_ocr_needs_spotcheck,100752,fujian_2025_physics_score_distribution_usable_v1,derived_from_score_distribution_needs_spotcheck
3393,武汉工商学院,500,选考化学,478,,visual_ocr_needs_spotcheck,87828,fujian_2025_physics_score_distribution_usable_v1,derived_from_score_distribution_needs_spotcheck
3393,武汉工商学院,999,不限选考科目,471,,visual_ocr_needs_spotcheck,93819,fujian_2025_physics_score_distribution_usable_v1,derived_from_score_distribution_needs_spotcheck
3394,武汉华夏理工学院,500,选考化学,477,,visual_ocr_needs_spotcheck,88668,fujian_2025_physics_score_distribution_usable_v1,derived_from_score_distribution_needs_spotcheck
3394,武汉华夏理工学院,999,不限选考科目,471,,visual_ocr_needs_spotcheck,93819,fujian_2025_physics_score_distribution_usable_v1,derived_from_score_distribution_needs_spotcheck
3395,武汉科技大学,500,选考化学,585,,visual_ocr_needs_spotcheck,18234,fujian_2025_physics_score_distribution_usable_v1,derived_from_score_distribution_needs_spotcheck
3395,武汉科技大学,999,不限选考科目,564,,visual_ocr_needs_spotcheck,27712,fujian_2025_physics_score_distribution_usable_v1,derived_from_score_distribution_needs_spotcheck
3396,武汉理工大学,500,选考化学,607,,visual_ocr_needs_spotcheck,10504,fujian_2025_physics_score_distribution_usable_v1,derived_from_score_distribution_needs_spotcheck
3397,武汉理工大学(中外合作),500,选考化学,593,,visual_ocr_needs_spotcheck,15145,fujian_2025_physics_score_distribution_usable_v1,derived_from_score_distribution_needs_spotcheck
3398,武汉晴川学院,500,选考化学,475,,visual_ocr_needs_spotcheck,90360,fujian_2025_physics_score_distribution_usable_v1,derived_from_score_distribution_needs_spotcheck
3398,武汉晴川学院,999,不限选考科目,469,,visual_ocr_needs_spotcheck,95545,fujian_2025_physics_score_distribution_usable_v1,derived_from_score_distribution_needs_spotcheck
3399,武汉轻工大学,500,选考化学,544,,visual_ocr_needs_spotcheck,38598,fujian_2025_physics_score_distribution_usable_v1,derived_from_score_distribution_needs_spotcheck
3400,武汉轻工大学（中外合作）1,500,选考化学,512,,visual_ocr_needs_spotcheck,60283,fujian_2025_physics_score_distribution_usable_v1,derived_from_score_distribution_needs_spotcheck
3400,武汉轻工大学（中外合作）1,999,不限选考科目,504,,visual_ocr_needs_spotcheck,66452,fujian_2025_physics_score_distribution_usable_v1,derived_from_score_distribution_needs_spotcheck
3401,武汉轻工大学（中外合作）2,500,选考化学,504,,visual_ocr_needs_spotcheck,66452,fujian_2025_physics_score_distribution_usable_v1,derived_from_score_distribution_needs_spotcheck
3404,武汉设计工程学院,500,选考化学,470,,visual_ocr_needs_spotcheck,94712,fujian_2025_physics_score_distribution_usable_v1,derived_from_score_distribution_needs_spotcheck
3404,武汉设计工程学院,999,不限选考科目,460,,visual_ocr_needs_spotcheck,103242,fujian_2025_physics_score_distribution_usable_v1,derived_from_score_distribution_needs_spotcheck
3405,武汉生物工程学院,500,选考化学,468,,visual_ocr_needs_spotcheck,96446,fujian_2025_physics_score_distribution_usable_v1,derived_from_score_distribution_needs_spotcheck
3406,武汉体育学院,500,选考化学,516,,visual_ocr_needs_spotcheck,57329,fujian_2025_physics_score_distribution_usable_v1,derived_from_score_distribution_needs_spotcheck
3406,武汉体育学院,999,不限选考科目,510,,visual_ocr_needs_spotcheck,61799,fujian_2025_physics_score_distribution_usable_v1,derived_from_score_distribution_needs_spotcheck
3407,武汉体育学院体育科技学院,999,不限选考科目,462,,visual_ocr_needs_spotcheck,101574,fujian_2025_physics_score_distribution_usable_v1,derived_from_score_distribution_needs_spotcheck
3408,武汉文理学院,500,选考化学,475,,visual_ocr_needs_spotcheck,90360,fujian_2025_physics_score_distribution_usable_v1,derived_from_score_distribution_needs_spotcheck
3408,武汉文理学院,600,选考生物学,489,,visual_ocr_needs_spotcheck,78616,fujian_2025_physics_score_distribution_usable_v1,derived_from_score_distribution_needs_spotcheck
3408,武汉文理学院,999,不限选考科目,477,,visual_ocr_needs_spotcheck,88668,fujian_2025_physics_score_distribution_usable_v1,derived_from_score_distribution_needs_spotcheck
3409,武汉学院,500,选考化学,482,,visual_ocr_needs_spotcheck,84464,fujian_2025_physics_score_distribution_usable_v1,derived_from_score_distribution_needs_spotcheck
3409,武汉学院,999,不限选考科目,467,,visual_ocr_needs_spotcheck,97377,fujian_2025_physics_score_distribution_usable_v1,derived_from_score_distribution_needs_spotcheck
3411,武汉职业技术大学,999,不限选考科目,504,,visual_ocr_needs_spotcheck,66452,fujian_2025_physics_score_distribution_usable_v1,derived_from_score_distribution_needs_spotcheck
3412,芜湖学院,500,选考化学,479,,visual_ocr_needs_spotcheck,86939,fujian_2025_physics_score_distribution_usable_v1,derived_from_score_distribution_needs_spotcheck
3416,无锡太湖学院,500,选考化学,470,,visual_ocr_needs_spotcheck,94712,fujian_2025_physics_score_distribution_usable_v1,derived_from_score_distribution_needs_spotcheck
3416,无锡太湖学院,600,选考生物学,463,,visual_ocr_needs_spotcheck,100752,fujian_2025_physics_score_distribution_usable_v1,derived_from_score_distribution_needs_spotcheck
3416,无锡太湖学院,999,不限选考科目,466,,visual_ocr_needs_spotcheck,98212,fujian_2025_physics_score_distribution_usable_v1,derived_from_score_distribution_needs_spotcheck
3417,无锡学院,500,选考化学,546,,visual_ocr_needs_spotcheck,37396,fujian_2025_physics_score_distribution_usable_v1,derived_from_score_distribution_needs_spotcheck
3418,无锡学院（中外合作）,500,选考化学,519,,visual_ocr_needs_spotcheck,55133,fujian_2025_physics_score_distribution_usable_v1,derived_from_score_distribution_needs_spotcheck
3419,五邑大学,500,选考化学,528,,visual_ocr_needs_spotcheck,48837,fujian_2025_physics_score_distribution_usable_v1,derived_from_score_distribution_needs_spotcheck
3420,梧州学院,500,选考化学,493,,visual_ocr_needs_spotcheck,75303,fujian_2025_physics_score_distribution_usable_v1,derived_from_score_distribution_needs_spotcheck
3420,梧州学院,999,不限选考科目,491,,visual_ocr_needs_spotcheck,76979,fujian_2025_physics_score_distribution_usable_v1,derived_from_score_distribution_needs_spotcheck
3421,西安财经大学,999,不限选考科目,545,,visual_ocr_needs_spotcheck,37957,fujian_2025_physics_score_distribution_usable_v1,derived_from_score_distribution_needs_spotcheck
3422,西安财经大学（中外合作）,999,不限选考科目,534,,visual_ocr_needs_spotcheck,44918,fujian_2025_physics_score_distribution_usable_v1,derived_from_score_distribution_needs_spotcheck
3423,西安电子科技大学,500,选考化学,634,,visual_ocr_needs_spotcheck,4065,fujian_2025_physics_score_distribution_usable_v1,derived_from_score_distribution_needs_spotcheck
3423,西安电子科技大学,999,不限选考科目,620,,visual_ocr_needs_spotcheck,6942,fujian_2025_physics_score_distribution_usable_v1,derived_from_score_distribution_needs_spotcheck
3424,西安电子科技大学（中外合作）,500,选考化学,619,,visual_ocr_needs_spotcheck,7186,fujian_2025_physics_score_distribution_usable_v1,derived_from_score_distribution_needs_spotcheck
3424,西安电子科技大学（中外合作）,999,不限选考科目,612,,visual_ocr_needs_spotcheck,9021,fujian_2025_physics_score_distribution_usable_v1,derived_from_score_distribution_needs_spotcheck
3425,西安翻译学院,500,选考化学,457,,visual_ocr_needs_spotcheck,105800,fujian_2025_physics_score_distribution_usable_v1,derived_from_score_distribution_needs_spotcheck
3425,西安翻译学院,999,不限选考科目,452,,visual_ocr_needs_spotcheck,110007,fujian_2025_physics_score_distribution_usable_v1,derived_from_score_distribution_needs_spotcheck
3426,西安工程大学,999,不限选考科目,520,,visual_ocr_needs_spotcheck,54409,fujian_2025_physics_score_distribution_usable_v1,derived_from_score_distribution_needs_spotcheck
3427,西安工程大学（物化组1）,500,选考化学,558,,visual_ocr_needs_spotcheck,30799,fujian_2025_physics_score_distribution_usable_v1,derived_from_score_distribution_needs_spotcheck
3428,西安工程大学（物化组2）,500,选考化学,520,,visual_ocr_needs_spotcheck,54409,fujian_2025_physics_score_distribution_usable_v1,derived_from_score_distribution_needs_spotcheck
3429,西安工商学院,500,选考化学,463,,visual_ocr_needs_spotcheck,100752,fujian_2025_physics_score_distribution_usable_v1,derived_from_score_distribution_needs_spotcheck
3429,西安工商学院,999,不限选考科目,452,,visual_ocr_needs_spotcheck,110007,fujian_2025_physics_score_distribution_usable_v1,derived_from_score_distribution_needs_spotcheck
3430,西安工业大学,500,选考化学,570,,visual_ocr_needs_spotcheck,24825,fujian_2025_physics_score_distribution_usable_v1,derived_from_score_distribution_needs_spotcheck
3431,西安工业大学（中外合作）,500,选考化学,546,,visual_ocr_needs_spotcheck,37396,fujian_2025_physics_score_distribution_usable_v1,derived_from_score_distribution_needs_spotcheck
3432,西安建筑科技大学,500,选考化学,534,,visual_ocr_needs_spotcheck,44918,fujian_2025_physics_score_distribution_usable_v1,derived_from_score_distribution_needs_spotcheck
3432,西安建筑科技大学,999,不限选考科目,568,,visual_ocr_needs_spotcheck,25776,fujian_2025_physics_score_distribution_usable_v1,derived_from_score_distribution_needs_spotcheck
3433,西安建筑科技大学（中外合作）,500,选考化学,480,,visual_ocr_needs_spotcheck,86154,fujian_2025_physics_score_distribution_usable_v1,derived_from_score_distribution_needs_spotcheck
3433,西安建筑科技大学（中外合作）,999,不限选考科目,451,,visual_ocr_needs_spotcheck,110888,fujian_2025_physics_score_distribution_usable_v1,derived_from_score_distribution_needs_spotcheck
3434,西安建筑科技大学华清学院,500,选考化学,455,,visual_ocr_needs_spotcheck,107492,fujian_2025_physics_score_distribution_usable_v1,derived_from_score_distribution_needs_spotcheck
3435,西安交通大学,500,选考化学,657,,visual_ocr_needs_spotcheck,1185,fujian_2025_physics_score_distribution_usable_v1,derived_from_score_distribution_needs_spotcheck
3435,西安交通大学,999,不限选考科目,642,,visual_ocr_needs_spotcheck,2817,fujian_2025_physics_score_distribution_usable_v1,derived_from_score_distribution_needs_spotcheck
3436,西安交通大学（定向）,500,选考化学,660,,visual_ocr_needs_spotcheck,942,fujian_2025_physics_score_distribution_usable_v1,derived_from_score_distribution_needs_spotcheck
3437,西安交通大学（医学类）,500,选考化学,635,,visual_ocr_needs_spotcheck,3867,fujian_2025_physics_score_distribution_usable_v1,derived_from_score_distribution_needs_spotcheck
3438,西安交通大学（中外合作）,500,选考化学,645,,visual_ocr_needs_spotcheck,2412,fujian_2025_physics_score_distribution_usable_v1,derived_from_score_distribution_needs_spotcheck
3439,西安交通大学城市学院,500,选考化学,480,,visual_ocr_needs_spotcheck,86154,fujian_2025_physics_score_distribution_usable_v1,derived_from_score_distribution_needs_spotcheck
3440,西安交通工程学院,500,选考化学,460,,visual_ocr_needs_spotcheck,103242,fujian_2025_physics_score_distribution_usable_v1,derived_from_score_distribution_needs_spotcheck
3440,西安交通工程学院,999,不限选考科目,446,,visual_ocr_needs_spotcheck,115031,fujian_2025_physics_score_distribution_usable_v1,derived_from_score_distribution_needs_spotcheck
3441,西安科技大学,500,选考化学,558,,visual_ocr_needs_spotcheck,30799,fujian_2025_physics_score_distribution_usable_v1,derived_from_score_distribution_needs_spotcheck
3441,西安科技大学,999,不限选考科目,565,,visual_ocr_needs_spotcheck,27225,fujian_2025_physics_score_distribution_usable_v1,derived_from_score_distribution_needs_spotcheck
3442,西安科技大学高新学院,500,选考化学,469,,visual_ocr_needs_spotcheck,95545,fujian_2025_physics_score_distribution_usable_v1,derived_from_score_distribution_needs_spotcheck
3443,西安理工大学,500,选考化学,582,,visual_ocr_needs_spotcheck,19495,fujian_2025_physics_score_distribution_usable_v1,derived_from_score_distribution_needs_spotcheck
3444,西安理工大学（中外合作）,500,选考化学,535,,visual_ocr_needs_spotcheck,44290,fujian_2025_physics_score_distribution_usable_v1,derived_from_score_distribution_needs_spotcheck
3446,西安明德理工学院,500,选考化学,461,,visual_ocr_needs_spotcheck,102421,fujian_2025_physics_score_distribution_usable_v1,derived_from_score_distribution_needs_spotcheck
3447,西安欧亚学院,500,选考化学,442,,visual_ocr_needs_spotcheck,118298,fujian_2025_physics_score_distribution_usable_v1,derived_from_score_distribution_needs_spotcheck
3447,西安欧亚学院,999,不限选考科目,443,,visual_ocr_needs_spotcheck,117511,fujian_2025_physics_score_distribution_usable_v1,derived_from_score_distribution_needs_spotcheck
3448,西安培华学院,500,选考化学,465,,visual_ocr_needs_spotcheck,99057,fujian_2025_physics_score_distribution_usable_v1,derived_from_score_distribution_needs_spotcheck
3448,西安培华学院,600,选考生物学,480,,visual_ocr_needs_spotcheck,86154,fujian_2025_physics_score_distribution_usable_v1,derived_from_score_distribution_needs_spotcheck
3448,西安培华学院,999,不限选考科目,455,,visual_ocr_needs_spotcheck,107492,fujian_2025_physics_score_distribution_usable_v1,derived_from_score_distribution_needs_spotcheck
3449,西安石油大学,500,选考化学,541,,visual_ocr_needs_spotcheck,40511,fujian_2025_physics_score_distribution_usable_v1,derived_from_score_distribution_needs_spotcheck
3449,西安石油大学,999,不限选考科目,543,,visual_ocr_needs_spotcheck,39235,fujian_2025_physics_score_distribution_usable_v1,derived_from_score_distribution_needs_spotcheck
3450,西安思源学院,500,选考化学,465,,visual_ocr_needs_spotcheck,99057,fujian_2025_physics_score_distribution_usable_v1,derived_from_score_distribution_needs_spotcheck
3450,西安思源学院,999,不限选考科目,454,,visual_ocr_needs_spotcheck,108322,fujian_2025_physics_score_distribution_usable_v1,derived_from_score_distribution_needs_spotcheck
3451,西安外国语大学,500,选考化学,568,,visual_ocr_needs_spotcheck,25776,fujian_2025_physics_score_distribution_usable_v1,derived_from_score_distribution_needs_spotcheck
3451,西安外国语大学,999,不限选考科目,551,,visual_ocr_needs_spotcheck,34510,fujian_2025_physics_score_distribution_usable_v1,derived_from_score_distribution_needs_spotcheck
3453,西安文理学院,500,选考化学,498,,visual_ocr_needs_spotcheck,71202,fujian_2025_physics_score_distribution_usable_v1,derived_from_score_distribution_needs_spotcheck
3453,西安文理学院,516,选考化学且生物学,506,,visual_ocr_needs_spotcheck,64873,fujian_2025_physics_score_distribution_usable_v1,derived_from_score_distribution_needs_spotcheck
3454,西安信息职业大学,999,不限选考科目,457,,visual_ocr_needs_spotcheck,105800,fujian_2025_physics_score_distribution_usable_v1,derived_from_score_distribution_needs_spotcheck
3455,西安医学院,500,选考化学,482,,visual_ocr_needs_spotcheck,84464,fujian_2025_physics_score_distribution_usable_v1,derived_from_score_distribution_needs_spotcheck
3455,西安医学院,600,选考生物学,486,,visual_ocr_needs_spotcheck,81079,fujian_2025_physics_score_distribution_usable_v1,derived_from_score_distribution_needs_spotcheck
3457,西安邮电大学,500,选考化学,592,,visual_ocr_needs_spotcheck,15507,fujian_2025_physics_score_distribution_usable_v1,derived_from_score_distribution_needs_spotcheck
3457,西安邮电大学,999,不限选考科目,584,,visual_ocr_needs_spotcheck,18650,fujian_2025_physics_score_distribution_usable_v1,derived_from_score_distribution_needs_spotcheck
3458,西安邮电大学（中外合作）,500,选考化学,573,,visual_ocr_needs_spotcheck,23443,fujian_2025_physics_score_distribution_usable_v1,derived_from_score_distribution_needs_spotcheck
3459,西北大学,500,选考化学,588,,visual_ocr_needs_spotcheck,17024,fujian_2025_physics_score_distribution_usable_v1,derived_from_score_distribution_needs_spotcheck
3459,西北大学,999,不限选考科目,601,,visual_ocr_needs_spotcheck,12436,fujian_2025_physics_score_distribution_usable_v1,derived_from_score_distribution_needs_spotcheck
3460,西北大学（口腔医学）,500,选考化学,606,,visual_ocr_needs_spotcheck,10843,fujian_2025_physics_score_distribution_usable_v1,derived_from_score_distribution_needs_spotcheck
3461,西北大学（中外合作）,500,选考化学,583,,visual_ocr_needs_spotcheck,19062,fujian_2025_physics_score_distribution_usable_v1,derived_from_score_distribution_needs_spotcheck
3462,西北工业大学,500,选考化学,652,,visual_ocr_needs_spotcheck,1634,fujian_2025_physics_score_distribution_usable_v1,derived_from_score_distribution_needs_spotcheck
3463,西北工业大学（中外合作）,500,选考化学,622,,visual_ocr_needs_spotcheck,6483,fujian_2025_physics_score_distribution_usable_v1,derived_from_score_distribution_needs_spotcheck
3464,西北民族大学,500,选考化学,486,,visual_ocr_needs_spotcheck,81079,fujian_2025_physics_score_distribution_usable_v1,derived_from_score_distribution_needs_spotcheck
3464,西北民族大学,999,不限选考科目,498,,visual_ocr_needs_spotcheck,71202,fujian_2025_physics_score_distribution_usable_v1,derived_from_score_distribution_needs_spotcheck
3467,西北农林科技大学,500,选考化学,598,,visual_ocr_needs_spotcheck,13403,fujian_2025_physics_score_distribution_usable_v1,derived_from_score_distribution_needs_spotcheck
3467,西北农林科技大学,516,选考化学且生物学,609,,visual_ocr_needs_spotcheck,9900,fujian_2025_physics_score_distribution_usable_v1,derived_from_score_distribution_needs_spotcheck
3467,西北农林科技大学,600,选考生物学,597,,visual_ocr_needs_spotcheck,13740,fujian_2025_physics_score_distribution_usable_v1,derived_from_score_distribution_needs_spotcheck
3467,西北农林科技大学,900,选考地理,602,,visual_ocr_needs_spotcheck,12115,fujian_2025_physics_score_distribution_usable_v1,derived_from_score_distribution_needs_spotcheck
3467,西北农林科技大学,999,不限选考科目,601,,visual_ocr_needs_spotcheck,12436,fujian_2025_physics_score_distribution_usable_v1,derived_from_score_distribution_needs_spotcheck
3468,西北农林科技大学（中外合作）,500,选考化学,577,,visual_ocr_needs_spotcheck,21588,fujian_2025_physics_score_distribution_usable_v1,derived_from_score_distribution_needs_spotcheck
3469,西北师范大学,500,选考化学,540,,visual_ocr_needs_spotcheck,41148,fujian_2025_physics_score_distribution_usable_v1,derived_from_score_distribution_needs_spotcheck
3469,西北师范大学,900,选考地理,537,,visual_ocr_needs_spotcheck,43014,fujian_2025_physics_score_distribution_usable_v1,derived_from_score_distribution_needs_spotcheck
3469,西北师范大学,999,不限选考科目,530,,visual_ocr_needs_spotcheck,47532,fujian_2025_physics_score_distribution_usable_v1,derived_from_score_distribution_needs_spotcheck
3470,西北政法大学,999,不限选考科目,586,,visual_ocr_needs_spotcheck,17831,fujian_2025_physics_score_distribution_usable_v1,derived_from_score_distribution_needs_spotcheck
3471,西藏大学,500,选考化学,541,,visual_ocr_needs_spotcheck,40511,fujian_2025_physics_score_distribution_usable_v1,derived_from_score_distribution_needs_spotcheck
3471,西藏大学,516,选考化学且生物学,545,,visual_ocr_needs_spotcheck,37957,fujian_2025_physics_score_distribution_usable_v1,derived_from_score_distribution_needs_spotcheck
3471,西藏大学,999,不限选考科目,541,,visual_ocr_needs_spotcheck,40511,fujian_2025_physics_score_distribution_usable_v1,derived_from_score_distribution_needs_spotcheck
3472,西昌学院,500,选考化学,494,,visual_ocr_needs_spotcheck,74485,fujian_2025_physics_score_distribution_usable_v1,derived_from_score_distribution_needs_spotcheck
3473,西华大学,500,选考化学,542,,visual_ocr_needs_spotcheck,39897,fujian_2025_physics_score_distribution_usable_v1,derived_from_score_distribution_needs_spotcheck
3473,西华大学,999,不限选考科目,532,,visual_ocr_needs_spotcheck,46183,fujian_2025_physics_score_distribution_usable_v1,derived_from_score_distribution_needs_spotcheck
3474,西华师范大学,500,选考化学,522,,visual_ocr_needs_spotcheck,53007,fujian_2025_physics_score_distribution_usable_v1,derived_from_score_distribution_needs_spotcheck
3475,西交利物浦大学,500,选考化学,574,,visual_ocr_needs_spotcheck,22981,fujian_2025_physics_score_distribution_usable_v1,derived_from_score_distribution_needs_spotcheck
3475,西交利物浦大学,999,不限选考科目,573,,visual_ocr_needs_spotcheck,23443,fujian_2025_physics_score_distribution_usable_v1,derived_from_score_distribution_needs_spotcheck
3476,西京学院,500,选考化学,472,,visual_ocr_needs_spotcheck,92964,fujian_2025_physics_score_distribution_usable_v1,derived_from_score_distribution_needs_spotcheck
3476,西京学院,600,选考生物学,471,,visual_ocr_needs_spotcheck,93819,fujian_2025_physics_score_distribution_usable_v1,derived_from_score_distribution_needs_spotcheck
3476,西京学院,999,不限选考科目,462,,visual_ocr_needs_spotcheck,101574,fujian_2025_physics_score_distribution_usable_v1,derived_from_score_distribution_needs_spotcheck
3477,西南财经大学,500,选考化学,615,,visual_ocr_needs_spotcheck,8194,fujian_2025_physics_score_distribution_usable_v1,derived_from_score_distribution_needs_spotcheck
3477,西南财经大学,999,不限选考科目,612,,visual_ocr_needs_spotcheck,9021,fujian_2025_physics_score_distribution_usable_v1,derived_from_score_distribution_needs_spotcheck
3478,西南财经大学（中外合作）,999,不限选考科目,562,,visual_ocr_needs_spotcheck,28701,fujian_2025_physics_score_distribution_usable_v1,derived_from_score_distribution_needs_spotcheck
3479,西南财经大学天府学院,500,选考化学,468,,visual_ocr_needs_spotcheck,96446,fujian_2025_physics_score_distribution_usable_v1,derived_from_score_distribution_needs_spotcheck
3479,西南财经大学天府学院,999,不限选考科目,471,,visual_ocr_needs_spotcheck,93819,fujian_2025_physics_score_distribution_usable_v1,derived_from_score_distribution_needs_spotcheck
3480,西南大学,500,选考化学,600,,visual_ocr_needs_spotcheck,12735,fujian_2025_physics_score_distribution_usable_v1,derived_from_score_distribution_needs_spotcheck
3480,西南大学,516,选考化学且生物学,604,,visual_ocr_needs_spotcheck,11461,fujian_2025_physics_score_distribution_usable_v1,derived_from_score_distribution_needs_spotcheck
3480,西南大学,600,选考生物学,593,,visual_ocr_needs_spotcheck,15145,fujian_2025_physics_score_distribution_usable_v1,derived_from_score_distribution_needs_spotcheck
3480,西南大学,900,选考地理,594,,visual_ocr_needs_spotcheck,14801,fujian_2025_physics_score_distribution_usable_v1,derived_from_score_distribution_needs_spotcheck
3480,西南大学,999,不限选考科目,586,,visual_ocr_needs_spotcheck,17831,fujian_2025_physics_score_distribution_usable_v1,derived_from_score_distribution_needs_spotcheck
3482,西南大学(艺术学门类),999,不限选考科目,589,,visual_ocr_needs_spotcheck,16625,fujian_2025_physics_score_distribution_usable_v1,derived_from_score_distribution_needs_spotcheck
3483,西南大学(中外合作),500,选考化学,576,,visual_ocr_needs_spotcheck,22059,fujian_2025_physics_score_distribution_usable_v1,derived_from_score_distribution_needs_spotcheck
3483,西南大学(中外合作),999,不限选考科目,586,,visual_ocr_needs_spotcheck,17831,fujian_2025_physics_score_distribution_usable_v1,derived_from_score_distribution_needs_spotcheck
3484,西南大学(荣昌校区),500,选考化学,580,,visual_ocr_needs_spotcheck,20313,fujian_2025_physics_score_distribution_usable_v1,derived_from_score_distribution_needs_spotcheck
3484,西南大学(荣昌校区),999,不限选考科目,584,,visual_ocr_needs_spotcheck,18650,fujian_2025_physics_score_distribution_usable_v1,derived_from_score_distribution_needs_spotcheck
3485,西南大学(荣昌校区)(中外合作),500,选考化学,562,,visual_ocr_needs_spotcheck,28701,fujian_2025_physics_score_distribution_usable_v1,derived_from_score_distribution_needs_spotcheck
3486,西南交通大学,500,选考化学,599,,visual_ocr_needs_spotcheck,13078,fujian_2025_physics_score_distribution_usable_v1,derived_from_score_distribution_needs_spotcheck
3487,西南交通大学(中外合作1),500,选考化学,567,,visual_ocr_needs_spotcheck,26218,fujian_2025_physics_score_distribution_usable_v1,derived_from_score_distribution_needs_spotcheck
3488,西南交通大学(中外合作2),500,选考化学,565,,visual_ocr_needs_spotcheck,27225,fujian_2025_physics_score_distribution_usable_v1,derived_from_score_distribution_needs_spotcheck
3489,西南交通大学希望学院,500,选考化学,470,,visual_ocr_needs_spotcheck,94712,fujian_2025_physics_score_distribution_usable_v1,derived_from_score_distribution_needs_spotcheck
3490,西南科技大学,500,选考化学,537,,visual_ocr_needs_spotcheck,43014,fujian_2025_physics_score_distribution_usable_v1,derived_from_score_distribution_needs_spotcheck
3490,西南科技大学,999,不限选考科目,530,,visual_ocr_needs_spotcheck,47532,fujian_2025_physics_score_distribution_usable_v1,derived_from_score_distribution_needs_spotcheck
3491,西南林业大学,500,选考化学,506,,visual_ocr_needs_spotcheck,64873,fujian_2025_physics_score_distribution_usable_v1,derived_from_score_distribution_needs_spotcheck
3491,西南林业大学,999,不限选考科目,520,,visual_ocr_needs_spotcheck,54409,fujian_2025_physics_score_distribution_usable_v1,derived_from_score_distribution_needs_spotcheck
3492,西南民族大学,500,选考化学,535,,visual_ocr_needs_spotcheck,44290,fujian_2025_physics_score_distribution_usable_v1,derived_from_score_distribution_needs_spotcheck
3492,西南民族大学,999,不限选考科目,532,,visual_ocr_needs_spotcheck,46183,fujian_2025_physics_score_distribution_usable_v1,derived_from_score_distribution_needs_spotcheck
3493,西南石油大学,500,选考化学,586,,visual_ocr_needs_spotcheck,17831,fujian_2025_physics_score_distribution_usable_v1,derived_from_score_distribution_needs_spotcheck
3494,西南医科大学,500,选考化学,564,,visual_ocr_needs_spotcheck,27712,fujian_2025_physics_score_distribution_usable_v1,derived_from_score_distribution_needs_spotcheck
3495,西南政法大学,999,不限选考科目,590,,visual_ocr_needs_spotcheck,16253,fujian_2025_physics_score_distribution_usable_v1,derived_from_score_distribution_needs_spotcheck
3498,西南政法大学(中外合作),999,不限选考科目,597,,visual_ocr_needs_spotcheck,13740,fujian_2025_physics_score_distribution_usable_v1,derived_from_score_distribution_needs_spotcheck
3499,咸阳师范学院,500,选考化学,495,,visual_ocr_needs_spotcheck,73670,fujian_2025_physics_score_distribution_usable_v1,derived_from_score_distribution_needs_spotcheck
3499,咸阳师范学院,999,不限选考科目,497,,visual_ocr_needs_spotcheck,72041,fujian_2025_physics_score_distribution_usable_v1,derived_from_score_distribution_needs_spotcheck
3501,香港城市大学(东莞),500,选考化学,617,,visual_ocr_needs_spotcheck,7670,fujian_2025_physics_score_distribution_usable_v1,derived_from_score_distribution_needs_spotcheck
3505,香港珠海学院,999,不限选考科目,452,,visual_ocr_needs_spotcheck,110007,fujian_2025_physics_score_distribution_usable_v1,derived_from_score_distribution_needs_spotcheck
3506,湘南学院,500,选考化学,506,,visual_ocr_needs_spotcheck,64873,fujian_2025_physics_score_distribution_usable_v1,derived_from_score_distribution_needs_spotcheck
3506,湘南学院,999,不限选考科目,503,,visual_ocr_needs_spotcheck,67246,fujian_2025_physics_score_distribution_usable_v1,derived_from_score_distribution_needs_spotcheck
3507,湘潭大学,500,选考化学,578,,visual_ocr_needs_spotcheck,21173,fujian_2025_physics_score_distribution_usable_v1,derived_from_score_distribution_needs_spotcheck
3507,湘潭大学,999,不限选考科目,573,,visual_ocr_needs_spotcheck,23443,fujian_2025_physics_score_distribution_usable_v1,derived_from_score_distribution_needs_spotcheck
3508,湘潭理工学院,500,选考化学,471,,visual_ocr_needs_spotcheck,93819,fujian_2025_physics_score_distribution_usable_v1,derived_from_score_distribution_needs_spotcheck
3508,湘潭理工学院,999,不限选考科目,466,,visual_ocr_needs_spotcheck,98212,fujian_2025_physics_score_distribution_usable_v1,derived_from_score_distribution_needs_spotcheck
3510,新疆财经大学,500,选考化学,493,,visual_ocr_needs_spotcheck,75303,fujian_2025_physics_score_distribution_usable_v1,derived_from_score_distribution_needs_spotcheck
3510,新疆财经大学,999,不限选考科目,487,,visual_ocr_needs_spotcheck,80259,fujian_2025_physics_score_distribution_usable_v1,derived_from_score_distribution_needs_spotcheck
3511,新疆大学,500,选考化学,566,,visual_ocr_needs_spotcheck,26736,fujian_2025_physics_score_distribution_usable_v1,derived_from_score_distribution_needs_spotcheck
3511,新疆大学,900,选考地理,572,,visual_ocr_needs_spotcheck,23889,fujian_2025_physics_score_distribution_usable_v1,derived_from_score_distribution_needs_spotcheck
3511,新疆大学,999,不限选考科目,557,,visual_ocr_needs_spotcheck,31329,fujian_2025_physics_score_distribution_usable_v1,derived_from_score_distribution_needs_spotcheck
3512,新疆第二医学院,500,选考化学,474,,visual_ocr_needs_spotcheck,91278,fujian_2025_physics_score_distribution_usable_v1,derived_from_score_distribution_needs_spotcheck
3512,新疆第二医学院,516,选考化学且生物学,467,,visual_ocr_needs_spotcheck,97377,fujian_2025_physics_score_distribution_usable_v1,derived_from_score_distribution_needs_spotcheck
3512,新疆第二医学院,617,选考生物学且思想政治,494,,visual_ocr_needs_spotcheck,74485,fujian_2025_physics_score_distribution_usable_v1,derived_from_score_distribution_needs_spotcheck
3513,新疆工程学院,500,选考化学,478,,visual_ocr_needs_spotcheck,87828,fujian_2025_physics_score_distribution_usable_v1,derived_from_score_distribution_needs_spotcheck
3513,新疆工程学院,999,不限选考科目,484,,visual_ocr_needs_spotcheck,82760,fujian_2025_physics_score_distribution_usable_v1,derived_from_score_distribution_needs_spotcheck
3514,新疆和田学院,500,选考化学,482,,visual_ocr_needs_spotcheck,84464,fujian_2025_physics_score_distribution_usable_v1,derived_from_score_distribution_needs_spotcheck
3514,新疆和田学院,999,不限选考科目,482,,visual_ocr_needs_spotcheck,84464,fujian_2025_physics_score_distribution_usable_v1,derived_from_score_distribution_needs_spotcheck
3516,新疆科技学院,500,选考化学,480,,visual_ocr_needs_spotcheck,86154,fujian_2025_physics_score_distribution_usable_v1,derived_from_score_distribution_needs_spotcheck
3516,新疆科技学院,516,选考化学且生物学,475,,visual_ocr_needs_spotcheck,90360,fujian_2025_physics_score_distribution_usable_v1,derived_from_score_distribution_needs_spotcheck
3516,新疆科技学院,999,不限选考科目,479,,visual_ocr_needs_spotcheck,86939,fujian_2025_physics_score_distribution_usable_v1,derived_from_score_distribution_needs_spotcheck
3517,新疆理工学院,500,选考化学,480,,visual_ocr_needs_spotcheck,86154,fujian_2025_physics_score_distribution_usable_v1,derived_from_score_distribution_needs_spotcheck
3517,新疆理工学院,999,不限选考科目,479,,visual_ocr_needs_spotcheck,86939,fujian_2025_physics_score_distribution_usable_v1,derived_from_score_distribution_needs_spotcheck
3518,新疆农业大学,500,选考化学,478,,visual_ocr_needs_spotcheck,87828,fujian_2025_physics_score_distribution_usable_v1,derived_from_score_distribution_needs_spotcheck
3518,新疆农业大学,999,不限选考科目,491,,visual_ocr_needs_spotcheck,76979,fujian_2025_physics_score_distribution_usable_v1,derived_from_score_distribution_needs_spotcheck
3519,新疆农业大学(高收费),999,不限选考科目,478,,visual_ocr_needs_spotcheck,87828,fujian_2025_physics_score_distribution_usable_v1,derived_from_score_distribution_needs_spotcheck
3520,新疆师范大学,500,选考化学,486,,visual_ocr_needs_spotcheck,81079,fujian_2025_physics_score_distribution_usable_v1,derived_from_score_distribution_needs_spotcheck
3520,新疆师范大学,700,选考思想政治,532,,visual_ocr_needs_spotcheck,46183,fujian_2025_physics_score_distribution_usable_v1,derived_from_score_distribution_needs_spotcheck
3520,新疆师范大学,900,选考地理,507,,visual_ocr_needs_spotcheck,64125,fujian_2025_physics_score_distribution_usable_v1,derived_from_score_distribution_needs_spotcheck
3520,新疆师范大学,999,不限选考科目,485,,visual_ocr_needs_spotcheck,81945,fujian_2025_physics_score_distribution_usable_v1,derived_from_score_distribution_needs_spotcheck
3521,新疆医科大学,500,选考化学,495,,visual_ocr_needs_spotcheck,73670,fujian_2025_physics_score_distribution_usable_v1,derived_from_score_distribution_needs_spotcheck
3521,新疆医科大学,516,选考化学且生物学,474,,visual_ocr_needs_spotcheck,91278,fujian_2025_physics_score_distribution_usable_v1,derived_from_score_distribution_needs_spotcheck
3521,新疆医科大学,999,不限选考科目,498,,visual_ocr_needs_spotcheck,71202,fujian_2025_physics_score_distribution_usable_v1,derived_from_score_distribution_needs_spotcheck
3523,新疆政法学院,500,选考化学,486,,visual_ocr_needs_spotcheck,81079,fujian_2025_physics_score_distribution_usable_v1,derived_from_score_distribution_needs_spotcheck
3523,新疆政法学院,999,不限选考科目,484,,visual_ocr_needs_spotcheck,82760,fujian_2025_physics_score_distribution_usable_v1,derived_from_score_distribution_needs_spotcheck
3524,新乡学院,500,选考化学,486,,visual_ocr_needs_spotcheck,81079,fujian_2025_physics_score_distribution_usable_v1,derived_from_score_distribution_needs_spotcheck
3525,信阳师范大学,500,选考化学,484,,visual_ocr_needs_spotcheck,82760,fujian_2025_physics_score_distribution_usable_v1,derived_from_score_distribution_needs_spotcheck
3526,信阳学院,500,选考化学,483,,visual_ocr_needs_spotcheck,83635,fujian_2025_physics_score_distribution_usable_v1,derived_from_score_distribution_needs_spotcheck
3527,新余学院,500,选考化学,508,,visual_ocr_needs_spotcheck,63376,fujian_2025_physics_score_distribution_usable_v1,derived_from_score_distribution_needs_spotcheck
3528,忻州师范学院,500,选考化学,489,,visual_ocr_needs_spotcheck,78616,fujian_2025_physics_score_distribution_usable_v1,derived_from_score_distribution_needs_spotcheck
3528,忻州师范学院,516,选考化学且生物学,482,,visual_ocr_needs_spotcheck,84464,fujian_2025_physics_score_distribution_usable_v1,derived_from_score_distribution_needs_spotcheck
3528,忻州师范学院,900,选考地理,490,,visual_ocr_needs_spotcheck,77780,fujian_2025_physics_score_distribution_usable_v1,derived_from_score_distribution_needs_spotcheck
3528,忻州师范学院,999,不限选考科目,486,,visual_ocr_needs_spotcheck,81079,fujian_2025_physics_score_distribution_usable_v1,derived_from_score_distribution_needs_spotcheck
3529,邢台学院,700,选考思想政治,504,,visual_ocr_needs_spotcheck,66452,fujian_2025_physics_score_distribution_usable_v1,derived_from_score_distribution_needs_spotcheck
3529,邢台学院,999,不限选考科目,492,,visual_ocr_needs_spotcheck,76112,fujian_2025_physics_score_distribution_usable_v1,derived_from_score_distribution_needs_spotcheck
3530,徐州工程学院,500,选考化学,542,,visual_ocr_needs_spotcheck,39897,fujian_2025_physics_score_distribution_usable_v1,derived_from_score_distribution_needs_spotcheck
3531,徐州医科大学,500,选考化学,558,,visual_ocr_needs_spotcheck,30799,fujian_2025_physics_score_distribution_usable_v1,derived_from_score_distribution_needs_spotcheck
3532,延安大学,500,选考化学,513,,visual_ocr_needs_spotcheck,59514,fujian_2025_physics_score_distribution_usable_v1,derived_from_score_distribution_needs_spotcheck
3532,延安大学,999,不限选考科目,512,,visual_ocr_needs_spotcheck,60283,fujian_2025_physics_score_distribution_usable_v1,derived_from_score_distribution_needs_spotcheck
3533,延边大学,500,选考化学,569,,visual_ocr_needs_spotcheck,25291,fujian_2025_physics_score_distribution_usable_v1,derived_from_score_distribution_needs_spotcheck
3533,延边大学,900,选考地理,568,,visual_ocr_needs_spotcheck,25776,fujian_2025_physics_score_distribution_usable_v1,derived_from_score_distribution_needs_spotcheck
3533,延边大学,999,不限选考科目,571,,visual_ocr_needs_spotcheck,24364,fujian_2025_physics_score_distribution_usable_v1,derived_from_score_distribution_needs_spotcheck
3534,盐城工学院,500,选考化学,539,,visual_ocr_needs_spotcheck,41729,fujian_2025_physics_score_distribution_usable_v1,derived_from_score_distribution_needs_spotcheck
3535,盐城师范学院,500,选考化学,507,,visual_ocr_needs_spotcheck,64125,fujian_2025_physics_score_distribution_usable_v1,derived_from_score_distribution_needs_spotcheck
3535,盐城师范学院,999,不限选考科目,510,,visual_ocr_needs_spotcheck,61799,fujian_2025_physics_score_distribution_usable_v1,derived_from_score_distribution_needs_spotcheck
3537,燕山大学,500,选考化学,588,,visual_ocr_needs_spotcheck,17024,fujian_2025_physics_score_distribution_usable_v1,derived_from_score_distribution_needs_spotcheck
3538,烟台大学,500,选考化学,526,,visual_ocr_needs_spotcheck,50184,fujian_2025_physics_score_distribution_usable_v1,derived_from_score_distribution_needs_spotcheck
3538,烟台大学,999,不限选考科目,517,,visual_ocr_needs_spotcheck,56618,fujian_2025_physics_score_distribution_usable_v1,derived_from_score_distribution_needs_spotcheck
3540,烟台科技学院,500,选考化学,468,,visual_ocr_needs_spotcheck,96446,fujian_2025_physics_score_distribution_usable_v1,derived_from_score_distribution_needs_spotcheck
3540,烟台科技学院,999,不限选考科目,467,,visual_ocr_needs_spotcheck,97377,fujian_2025_physics_score_distribution_usable_v1,derived_from_score_distribution_needs_spotcheck
3541,烟台南山学院,500,选考化学,478,,visual_ocr_needs_spotcheck,87828,fujian_2025_physics_score_distribution_usable_v1,derived_from_score_distribution_needs_spotcheck
3542,扬州大学,500,选考化学,571,,visual_ocr_needs_spotcheck,24364,fujian_2025_physics_score_distribution_usable_v1,derived_from_score_distribution_needs_spotcheck
3542,扬州大学,999,不限选考科目,555,,visual_ocr_needs_spotcheck,32381,fujian_2025_physics_score_distribution_usable_v1,derived_from_score_distribution_needs_spotcheck
3543,扬州大学广陵学院,500,选考化学,499,,visual_ocr_needs_spotcheck,70339,fujian_2025_physics_score_distribution_usable_v1,derived_from_score_distribution_needs_spotcheck
3544,宜宾学院,500,选考化学,515,,visual_ocr_needs_spotcheck,58055,fujian_2025_physics_score_distribution_usable_v1,derived_from_score_distribution_needs_spotcheck
3545,宜春学院,500,选考化学,497,,visual_ocr_needs_spotcheck,72041,fujian_2025_physics_score_distribution_usable_v1,derived_from_score_distribution_needs_spotcheck
3545,宜春学院,516,选考化学且生物学,503,,visual_ocr_needs_spotcheck,67246,fujian_2025_physics_score_distribution_usable_v1,derived_from_score_distribution_needs_spotcheck
3545,宜春学院,600,选考生物学,498,,visual_ocr_needs_spotcheck,71202,fujian_2025_physics_score_distribution_usable_v1,derived_from_score_distribution_needs_spotcheck
3545,宜春学院,999,不限选考科目,503,,visual_ocr_needs_spotcheck,67246,fujian_2025_physics_score_distribution_usable_v1,derived_from_score_distribution_needs_spotcheck
3546,伊犁师范大学,500,选考化学,484,,visual_ocr_needs_spotcheck,82760,fujian_2025_physics_score_distribution_usable_v1,derived_from_score_distribution_needs_spotcheck
3546,伊犁师范大学,900,选考地理,487,,visual_ocr_needs_spotcheck,80259,fujian_2025_physics_score_distribution_usable_v1,derived_from_score_distribution_needs_spotcheck
3546,伊犁师范大学,999,不限选考科目,478,,visual_ocr_needs_spotcheck,87828,fujian_2025_physics_score_distribution_usable_v1,derived_from_score_distribution_needs_spotcheck
3547,右江民族医学院,500,选考化学,511,,visual_ocr_needs_spotcheck,61013,fujian_2025_physics_score_distribution_usable_v1,derived_from_score_distribution_needs_spotcheck
3547,右江民族医学院,600,选考生物学,500,,visual_ocr_needs_spotcheck,69546,fujian_2025_physics_score_distribution_usable_v1,derived_from_score_distribution_needs_spotcheck
3547,右江民族医学院,999,不限选考科目,489,,visual_ocr_needs_spotcheck,78616,fujian_2025_physics_score_distribution_usable_v1,derived_from_score_distribution_needs_spotcheck
3548,豫北医学院,500,选考化学,493,,visual_ocr_needs_spotcheck,75303,fujian_2025_physics_score_distribution_usable_v1,derived_from_score_distribution_needs_spotcheck
3548,豫北医学院,516,选考化学且生物学,525,,visual_ocr_needs_spotcheck,50881,fujian_2025_physics_score_distribution_usable_v1,derived_from_score_distribution_needs_spotcheck
3548,豫北医学院,600,选考生物学,487,,visual_ocr_needs_spotcheck,80259,fujian_2025_physics_score_distribution_usable_v1,derived_from_score_distribution_needs_spotcheck
3549,玉林师范学院,500,选考化学,499,,visual_ocr_needs_spotcheck,70339,fujian_2025_physics_score_distribution_usable_v1,derived_from_score_distribution_needs_spotcheck
3549,玉林师范学院,516,选考化学且生物学,489,,visual_ocr_needs_spotcheck,78616,fujian_2025_physics_score_distribution_usable_v1,derived_from_score_distribution_needs_spotcheck
3550,玉溪师范学院,500,选考化学,493,,visual_ocr_needs_spotcheck,75303,fujian_2025_physics_score_distribution_usable_v1,derived_from_score_distribution_needs_spotcheck
3551,豫章师范学院,500,选考化学,485,,visual_ocr_needs_spotcheck,81945,fujian_2025_physics_score_distribution_usable_v1,derived_from_score_distribution_needs_spotcheck
3551,豫章师范学院,999,不限选考科目,488,,visual_ocr_needs_spotcheck,79451,fujian_2025_physics_score_distribution_usable_v1,derived_from_score_distribution_needs_spotcheck
3552,岳阳学院,500,选考化学,460,,visual_ocr_needs_spotcheck,103242,fujian_2025_physics_score_distribution_usable_v1,derived_from_score_distribution_needs_spotcheck
3552,岳阳学院,999,不限选考科目,449,,visual_ocr_needs_spotcheck,112582,fujian_2025_physics_score_distribution_usable_v1,derived_from_score_distribution_needs_spotcheck
3553,运城学院,500,选考化学,486,,visual_ocr_needs_spotcheck,81079,fujian_2025_physics_score_distribution_usable_v1,derived_from_score_distribution_needs_spotcheck
3553,运城学院,999,不限选考科目,473,,visual_ocr_needs_spotcheck,92111,fujian_2025_physics_score_distribution_usable_v1,derived_from_score_distribution_needs_spotcheck
3554,运城职业技术大学,999,不限选考科目,472,,visual_ocr_needs_spotcheck,92964,fujian_2025_physics_score_distribution_usable_v1,derived_from_score_distribution_needs_spotcheck
3555,云南财经大学,500,选考化学,526,,visual_ocr_needs_spotcheck,50184,fujian_2025_physics_score_distribution_usable_v1,derived_from_score_distribution_needs_spotcheck
3555,云南财经大学,700,选考思想政治,514,,visual_ocr_needs_spotcheck,58785,fujian_2025_physics_score_distribution_usable_v1,derived_from_score_distribution_needs_spotcheck
3555,云南财经大学,999,不限选考科目,502,,visual_ocr_needs_spotcheck,67989,fujian_2025_physics_score_distribution_usable_v1,derived_from_score_distribution_needs_spotcheck
3556,云南财经大学（中外合作）,999,不限选考科目,515,,visual_ocr_needs_spotcheck,58055,fujian_2025_physics_score_distribution_usable_v1,derived_from_score_distribution_needs_spotcheck
3557,云南大学,500,选考化学,584,,visual_ocr_needs_spotcheck,18650,fujian_2025_physics_score_distribution_usable_v1,derived_from_score_distribution_needs_spotcheck
3557,云南大学,516,选考化学且生物学,592,,visual_ocr_needs_spotcheck,15507,fujian_2025_physics_score_distribution_usable_v1,derived_from_score_distribution_needs_spotcheck
3557,云南大学,700,选考思想政治,598,,visual_ocr_needs_spotcheck,13403,fujian_2025_physics_score_distribution_usable_v1,derived_from_score_distribution_needs_spotcheck
3557,云南大学,900,选考地理,583,,visual_ocr_needs_spotcheck,19062,fujian_2025_physics_score_distribution_usable_v1,derived_from_score_distribution_needs_spotcheck
3557,云南大学,999,不限选考科目,584,,visual_ocr_needs_spotcheck,18650,fujian_2025_physics_score_distribution_usable_v1,derived_from_score_distribution_needs_spotcheck
3558,云南大学（中外合作）,500,选考化学,550,,visual_ocr_needs_spotcheck,35037,fujian_2025_physics_score_distribution_usable_v1,derived_from_score_distribution_needs_spotcheck
3558,云南大学（中外合作）,516,选考化学且生物学,582,,visual_ocr_needs_spotcheck,19495,fujian_2025_physics_score_distribution_usable_v1,derived_from_score_distribution_needs_spotcheck
3559,云南工商学院,500,选考化学,463,,visual_ocr_needs_spotcheck,100752,fujian_2025_physics_score_distribution_usable_v1,derived_from_score_distribution_needs_spotcheck
3560,云南警官学院,500,选考化学,519,,visual_ocr_needs_spotcheck,55133,fujian_2025_physics_score_distribution_usable_v1,derived_from_score_distribution_needs_spotcheck
3561,云南经济管理学院,500,选考化学,459,,visual_ocr_needs_spotcheck,104060,fujian_2025_physics_score_distribution_usable_v1,derived_from_score_distribution_needs_spotcheck
3561,云南经济管理学院,999,不限选考科目,466,,visual_ocr_needs_spotcheck,98212,fujian_2025_physics_score_distribution_usable_v1,derived_from_score_distribution_needs_spotcheck
3562,云南民族大学,500,选考化学,531,,visual_ocr_needs_spotcheck,46854,fujian_2025_physics_score_distribution_usable_v1,derived_from_score_distribution_needs_spotcheck
3563,云南农业大学,500,选考化学,502,,visual_ocr_needs_spotcheck,67989,fujian_2025_physics_score_distribution_usable_v1,derived_from_score_distribution_needs_spotcheck
3563,云南农业大学,999,不限选考科目,507,,visual_ocr_needs_spotcheck,64125,fujian_2025_physics_score_distribution_usable_v1,derived_from_score_distribution_needs_spotcheck
3564,云南农业大学（普洱校区）,500,选考化学,504,,visual_ocr_needs_spotcheck,66452,fujian_2025_physics_score_distribution_usable_v1,derived_from_score_distribution_needs_spotcheck
3565,云南农业大学（中外合作）,500,选考化学,475,,visual_ocr_needs_spotcheck,90360,fujian_2025_physics_score_distribution_usable_v1,derived_from_score_distribution_needs_spotcheck
3565,云南农业大学（中外合作）,999,不限选考科目,499,,visual_ocr_needs_spotcheck,70339,fujian_2025_physics_score_distribution_usable_v1,derived_from_score_distribution_needs_spotcheck
3566,云南师范大学,500,选考化学,519,,visual_ocr_needs_spotcheck,55133,fujian_2025_physics_score_distribution_usable_v1,derived_from_score_distribution_needs_spotcheck
3566,云南师范大学,900,选考地理,540,,visual_ocr_needs_spotcheck,41148,fujian_2025_physics_score_distribution_usable_v1,derived_from_score_distribution_needs_spotcheck
3569,枣庄学院,500,选考化学,491,,visual_ocr_needs_spotcheck,76979,fujian_2025_physics_score_distribution_usable_v1,derived_from_score_distribution_needs_spotcheck
3570,湛江科技学院,500,选考化学,455,,visual_ocr_needs_spotcheck,107492,fujian_2025_physics_score_distribution_usable_v1,derived_from_score_distribution_needs_spotcheck
3570,湛江科技学院,999,不限选考科目,448,,visual_ocr_needs_spotcheck,113439,fujian_2025_physics_score_distribution_usable_v1,derived_from_score_distribution_needs_spotcheck
3571,肇庆学院,500,选考化学,517,,visual_ocr_needs_spotcheck,56618,fujian_2025_physics_score_distribution_usable_v1,derived_from_score_distribution_needs_spotcheck
3572,肇庆医学院,500,选考化学,510,,visual_ocr_needs_spotcheck,61799,fujian_2025_physics_score_distribution_usable_v1,derived_from_score_distribution_needs_spotcheck
3573,浙大城市学院,500,选考化学,552,,visual_ocr_needs_spotcheck,33956,fujian_2025_physics_score_distribution_usable_v1,derived_from_score_distribution_needs_spotcheck
3573,浙大城市学院,999,不限选考科目,534,,visual_ocr_needs_spotcheck,44918,fujian_2025_physics_score_distribution_usable_v1,derived_from_score_distribution_needs_spotcheck
3574,浙大宁波理工学院,500,选考化学,538,,visual_ocr_needs_spotcheck,42366,fujian_2025_physics_score_distribution_usable_v1,derived_from_score_distribution_needs_spotcheck
3574,浙大宁波理工学院,999,不限选考科目,530,,visual_ocr_needs_spotcheck,47532,fujian_2025_physics_score_distribution_usable_v1,derived_from_score_distribution_needs_spotcheck
3575,浙江财经大学,500,选考化学,588,,visual_ocr_needs_spotcheck,17024,fujian_2025_physics_score_distribution_usable_v1,derived_from_score_distribution_needs_spotcheck
3575,浙江财经大学,999,不限选考科目,575,,visual_ocr_needs_spotcheck,22544,fujian_2025_physics_score_distribution_usable_v1,derived_from_score_distribution_needs_spotcheck
3576,浙江财经大学（中外合作）,999,不限选考科目,568,,visual_ocr_needs_spotcheck,25776,fujian_2025_physics_score_distribution_usable_v1,derived_from_score_distribution_needs_spotcheck
3577,浙江财经大学东方学院,500,选考化学,477,,visual_ocr_needs_spotcheck,88668,fujian_2025_physics_score_distribution_usable_v1,derived_from_score_distribution_needs_spotcheck
3577,浙江财经大学东方学院,999,不限选考科目,471,,visual_ocr_needs_spotcheck,93819,fujian_2025_physics_score_distribution_usable_v1,derived_from_score_distribution_needs_spotcheck
3578,浙江传媒学院,500,选考化学,572,,visual_ocr_needs_spotcheck,23889,fujian_2025_physics_score_distribution_usable_v1,derived_from_score_distribution_needs_spotcheck
3578,浙江传媒学院,999,不限选考科目,560,,visual_ocr_needs_spotcheck,29717,fujian_2025_physics_score_distribution_usable_v1,derived_from_score_distribution_needs_spotcheck
3579,浙江传媒学院（高收费）,500,选考化学,519,,visual_ocr_needs_spotcheck,55133,fujian_2025_physics_score_distribution_usable_v1,derived_from_score_distribution_needs_spotcheck
3581,浙江传媒学院（物理组1）,999,不限选考科目,545,,visual_ocr_needs_spotcheck,37957,fujian_2025_physics_score_distribution_usable_v1,derived_from_score_distribution_needs_spotcheck
3582,浙江传媒学院（中外合作）,999,不限选考科目,548,,visual_ocr_needs_spotcheck,36213,fujian_2025_physics_score_distribution_usable_v1,derived_from_score_distribution_needs_spotcheck
3583,浙江大学,500,选考化学,673,,visual_ocr_needs_spotcheck,340,fujian_2025_physics_score_distribution_usable_v1,derived_from_score_distribution_needs_spotcheck
3584,浙江大学医学院,500,选考化学,650,,visual_ocr_needs_spotcheck,1821,fujian_2025_physics_score_distribution_usable_v1,derived_from_score_distribution_needs_spotcheck
3585,浙江大学医学院（中外合作）,500,选考化学,642,,visual_ocr_needs_spotcheck,2817,fujian_2025_physics_score_distribution_usable_v1,derived_from_score_distribution_needs_spotcheck
3586,浙江工商大学,500,选考化学,563,,visual_ocr_needs_spotcheck,28208,fujian_2025_physics_score_distribution_usable_v1,derived_from_score_distribution_needs_spotcheck
3586,浙江工商大学,999,不限选考科目,566,,visual_ocr_needs_spotcheck,26736,fujian_2025_physics_score_distribution_usable_v1,derived_from_score_distribution_needs_spotcheck
3587,浙江工商大学（中外合作）,500,选考化学,554,,visual_ocr_needs_spotcheck,32905,fujian_2025_physics_score_distribution_usable_v1,derived_from_score_distribution_needs_spotcheck
3588,浙江工商大学杭州商学院,500,选考化学,478,,visual_ocr_needs_spotcheck,87828,fujian_2025_physics_score_distribution_usable_v1,derived_from_score_distribution_needs_spotcheck
3588,浙江工商大学杭州商学院,999,不限选考科目,475,,visual_ocr_needs_spotcheck,90360,fujian_2025_physics_score_distribution_usable_v1,derived_from_score_distribution_needs_spotcheck
3589,浙江工业大学,500,选考化学,594,,visual_ocr_needs_spotcheck,14801,fujian_2025_physics_score_distribution_usable_v1,derived_from_score_distribution_needs_spotcheck
3589,浙江工业大学,999,不限选考科目,585,,visual_ocr_needs_spotcheck,18234,fujian_2025_physics_score_distribution_usable_v1,derived_from_score_distribution_needs_spotcheck
3590,浙江工业大学（中外合作）,500,选考化学,583,,visual_ocr_needs_spotcheck,19062,fujian_2025_physics_score_distribution_usable_v1,derived_from_score_distribution_needs_spotcheck
3591,浙江工业大学之江学院,500,选考化学,479,,visual_ocr_needs_spotcheck,86939,fujian_2025_physics_score_distribution_usable_v1,derived_from_score_distribution_needs_spotcheck
3591,浙江工业大学之江学院,999,不限选考科目,480,,visual_ocr_needs_spotcheck,86154,fujian_2025_physics_score_distribution_usable_v1,derived_from_score_distribution_needs_spotcheck
3592,浙江广厦建设职业技术大学,999,不限选考科目,441,,visual_ocr_needs_spotcheck,119155,fujian_2025_physics_score_distribution_usable_v1,derived_from_score_distribution_needs_spotcheck
3593,浙江海洋大学,500,选考化学,530,,visual_ocr_needs_spotcheck,47532,fujian_2025_physics_score_distribution_usable_v1,derived_from_score_distribution_needs_spotcheck
3593,浙江海洋大学,600,选考生物学,521,,visual_ocr_needs_spotcheck,53711,fujian_2025_physics_score_distribution_usable_v1,derived_from_score_distribution_needs_spotcheck
3593,浙江海洋大学,999,不限选考科目,539,,visual_ocr_needs_spotcheck,41729,fujian_2025_physics_score_distribution_usable_v1,derived_from_score_distribution_needs_spotcheck
3594,浙江海洋大学（中外合作）,500,选考化学,514,,visual_ocr_needs_spotcheck,58785,fujian_2025_physics_score_distribution_usable_v1,derived_from_score_distribution_needs_spotcheck
3596,浙江科技大学,500,选考化学,557,,visual_ocr_needs_spotcheck,31329,fujian_2025_physics_score_distribution_usable_v1,derived_from_score_distribution_needs_spotcheck
3596,浙江科技大学,999,不限选考科目,541,,visual_ocr_needs_spotcheck,40511,fujian_2025_physics_score_distribution_usable_v1,derived_from_score_distribution_needs_spotcheck
3597,浙江科技大学（中外合作）,500,选考化学,503,,visual_ocr_needs_spotcheck,67246,fujian_2025_physics_score_distribution_usable_v1,derived_from_score_distribution_needs_spotcheck
3598,浙江理工大学,500,选考化学,575,,visual_ocr_needs_spotcheck,22544,fujian_2025_physics_score_distribution_usable_v1,derived_from_score_distribution_needs_spotcheck
3598,浙江理工大学,999,不限选考科目,567,,visual_ocr_needs_spotcheck,26218,fujian_2025_physics_score_distribution_usable_v1,derived_from_score_distribution_needs_spotcheck
3599,浙江理工大学科技与艺术学院,500,选考化学,475,,visual_ocr_needs_spotcheck,90360,fujian_2025_physics_score_distribution_usable_v1,derived_from_score_distribution_needs_spotcheck
3599,浙江理工大学科技与艺术学院,999,不限选考科目,475,,visual_ocr_needs_spotcheck,90360,fujian_2025_physics_score_distribution_usable_v1,derived_from_score_distribution_needs_spotcheck
3600,浙江农林大学,500,选考化学,550,,visual_ocr_needs_spotcheck,35037,fujian_2025_physics_score_distribution_usable_v1,derived_from_score_distribution_needs_spotcheck
3600,浙江农林大学,999,不限选考科目,547,,visual_ocr_needs_spotcheck,36813,fujian_2025_physics_score_distribution_usable_v1,derived_from_score_distribution_needs_spotcheck
3601,浙江农林大学暨阳学院,500,选考化学,472,,visual_ocr_needs_spotcheck,92964,fujian_2025_physics_score_distribution_usable_v1,derived_from_score_distribution_needs_spotcheck
3601,浙江农林大学暨阳学院,999,不限选考科目,475,,visual_ocr_needs_spotcheck,90360,fujian_2025_physics_score_distribution_usable_v1,derived_from_score_distribution_needs_spotcheck
3602,浙江师范大学,500,选考化学,565,,visual_ocr_needs_spotcheck,27225,fujian_2025_physics_score_distribution_usable_v1,derived_from_score_distribution_needs_spotcheck
3602,浙江师范大学,900,选考地理,559,,visual_ocr_needs_spotcheck,30293,fujian_2025_physics_score_distribution_usable_v1,derived_from_score_distribution_needs_spotcheck
3602,浙江师范大学,999,不限选考科目,560,,visual_ocr_needs_spotcheck,29717,fujian_2025_physics_score_distribution_usable_v1,derived_from_score_distribution_needs_spotcheck
3603,浙江师范大学（中外合作）,999,不限选考科目,533,,visual_ocr_needs_spotcheck,45540,fujian_2025_physics_score_distribution_usable_v1,derived_from_score_distribution_needs_spotcheck
3604,浙江师范大学行知学院,500,选考化学,478,,visual_ocr_needs_spotcheck,87828,fujian_2025_physics_score_distribution_usable_v1,derived_from_score_distribution_needs_spotcheck
3604,浙江师范大学行知学院,600,选考生物学,486,,visual_ocr_needs_spotcheck,81079,fujian_2025_physics_score_distribution_usable_v1,derived_from_score_distribution_needs_spotcheck
3605,浙江树人学院,500,选考化学,468,,visual_ocr_needs_spotcheck,96446,fujian_2025_physics_score_distribution_usable_v1,derived_from_score_distribution_needs_spotcheck
3605,浙江树人学院,600,选考生物学,476,,visual_ocr_needs_spotcheck,89467,fujian_2025_physics_score_distribution_usable_v1,derived_from_score_distribution_needs_spotcheck
3605,浙江树人学院,999,不限选考科目,468,,visual_ocr_needs_spotcheck,96446,fujian_2025_physics_score_distribution_usable_v1,derived_from_score_distribution_needs_spotcheck
3606,浙江水利水电学院,500,选考化学,540,,visual_ocr_needs_spotcheck,41148,fujian_2025_physics_score_distribution_usable_v1,derived_from_score_distribution_needs_spotcheck
3606,浙江水利水电学院,999,不限选考科目,528,,visual_ocr_needs_spotcheck,48837,fujian_2025_physics_score_distribution_usable_v1,derived_from_score_distribution_needs_spotcheck
3607,浙江水利水电学院（中外合作）,500,选考化学,532,,visual_ocr_needs_spotcheck,46183,fujian_2025_physics_score_distribution_usable_v1,derived_from_score_distribution_needs_spotcheck
3608,浙江外国语学院,500,选考化学,531,,visual_ocr_needs_spotcheck,46854,fujian_2025_physics_score_distribution_usable_v1,derived_from_score_distribution_needs_spotcheck
3608,浙江外国语学院,999,不限选考科目,526,,visual_ocr_needs_spotcheck,50184,fujian_2025_physics_score_distribution_usable_v1,derived_from_score_distribution_needs_spotcheck
3609,浙江外国语学院（中外合作）,999,不限选考科目,516,,visual_ocr_needs_spotcheck,57329,fujian_2025_physics_score_distribution_usable_v1,derived_from_score_distribution_needs_spotcheck
3610,浙江万里学院,500,选考化学,504,,visual_ocr_needs_spotcheck,66452,fujian_2025_physics_score_distribution_usable_v1,derived_from_score_distribution_needs_spotcheck
3610,浙江万里学院,999,不限选考科目,505,,visual_ocr_needs_spotcheck,65653,fujian_2025_physics_score_distribution_usable_v1,derived_from_score_distribution_needs_spotcheck
3611,浙江万里学院（中外合作）,999,不限选考科目,495,,visual_ocr_needs_spotcheck,73670,fujian_2025_physics_score_distribution_usable_v1,derived_from_score_distribution_needs_spotcheck
3613,浙江越秀外国语学院,500,选考化学,460,,visual_ocr_needs_spotcheck,103242,fujian_2025_physics_score_distribution_usable_v1,derived_from_score_distribution_needs_spotcheck
3613,浙江越秀外国语学院,999,不限选考科目,444,,visual_ocr_needs_spotcheck,116681,fujian_2025_physics_score_distribution_usable_v1,derived_from_score_distribution_needs_spotcheck
3614,浙江中医药大学,500,选考化学,544,,visual_ocr_needs_spotcheck,38598,fujian_2025_physics_score_distribution_usable_v1,derived_from_score_distribution_needs_spotcheck
3615,郑州财经学院,500,选考化学,471,,visual_ocr_needs_spotcheck,93819,fujian_2025_physics_score_distribution_usable_v1,derived_from_score_distribution_needs_spotcheck
3615,郑州财经学院,999,不限选考科目,473,,visual_ocr_needs_spotcheck,92111,fujian_2025_physics_score_distribution_usable_v1,derived_from_score_distribution_needs_spotcheck
3616,郑州大学,500,选考化学,596,,visual_ocr_needs_spotcheck,14083,fujian_2025_physics_score_distribution_usable_v1,derived_from_score_distribution_needs_spotcheck
3616,郑州大学,999,不限选考科目,587,,visual_ocr_needs_spotcheck,17424,fujian_2025_physics_score_distribution_usable_v1,derived_from_score_distribution_needs_spotcheck
3617,郑州大学（中外合作）,500,选考化学,578,,visual_ocr_needs_spotcheck,21173,fujian_2025_physics_score_distribution_usable_v1,derived_from_score_distribution_needs_spotcheck
3618,郑州工程技术学院,500,选考化学,486,,visual_ocr_needs_spotcheck,81079,fujian_2025_physics_score_distribution_usable_v1,derived_from_score_distribution_needs_spotcheck
3619,郑州工业应用技术学院,516,选考化学且生物学,467,,visual_ocr_needs_spotcheck,97377,fujian_2025_physics_score_distribution_usable_v1,derived_from_score_distribution_needs_spotcheck
3619,郑州工业应用技术学院,999,不限选考科目,461,,visual_ocr_needs_spotcheck,102421,fujian_2025_physics_score_distribution_usable_v1,derived_from_score_distribution_needs_spotcheck
3620,郑州航空工业管理学院,500,选考化学,527,,visual_ocr_needs_spotcheck,49465,fujian_2025_physics_score_distribution_usable_v1,derived_from_score_distribution_needs_spotcheck
3620,郑州航空工业管理学院,999,不限选考科目,512,,visual_ocr_needs_spotcheck,60283,fujian_2025_physics_score_distribution_usable_v1,derived_from_score_distribution_needs_spotcheck
3621,郑州航空工业管理学院（中外合作）,500,选考化学,521,,visual_ocr_needs_spotcheck,53711,fujian_2025_physics_score_distribution_usable_v1,derived_from_score_distribution_needs_spotcheck
3624,郑州经贸学院,999,不限选考科目,474,,visual_ocr_needs_spotcheck,91278,fujian_2025_physics_score_distribution_usable_v1,derived_from_score_distribution_needs_spotcheck
3625,郑州科技学院,500,选考化学,476,,visual_ocr_needs_spotcheck,89467,fujian_2025_physics_score_distribution_usable_v1,derived_from_score_distribution_needs_spotcheck
3627,郑州轻工业大学,500,选考化学,538,,visual_ocr_needs_spotcheck,42366,fujian_2025_physics_score_distribution_usable_v1,derived_from_score_distribution_needs_spotcheck
3628,郑州轻工业大学（中外合作1）,500,选考化学,532,,visual_ocr_needs_spotcheck,46183,fujian_2025_physics_score_distribution_usable_v1,derived_from_score_distribution_needs_spotcheck
3629,郑州轻工业大学（中外合作2）,500,选考化学,498,,visual_ocr_needs_spotcheck,71202,fujian_2025_physics_score_distribution_usable_v1,derived_from_score_distribution_needs_spotcheck
3630,郑州商学院,500,选考化学,482,,visual_ocr_needs_spotcheck,84464,fujian_2025_physics_score_distribution_usable_v1,derived_from_score_distribution_needs_spotcheck
3630,郑州商学院,999,不限选考科目,470,,visual_ocr_needs_spotcheck,94712,fujian_2025_physics_score_distribution_usable_v1,derived_from_score_distribution_needs_spotcheck
3631,郑州升达经贸管理学院,500,选考化学,477,,visual_ocr_needs_spotcheck,88668,fujian_2025_physics_score_distribution_usable_v1,derived_from_score_distribution_needs_spotcheck
3631,郑州升达经贸管理学院,999,不限选考科目,471,,visual_ocr_needs_spotcheck,93819,fujian_2025_physics_score_distribution_usable_v1,derived_from_score_distribution_needs_spotcheck
3633,郑州西亚斯学院,500,选考化学,467,,visual_ocr_needs_spotcheck,97377,fujian_2025_physics_score_distribution_usable_v1,derived_from_score_distribution_needs_spotcheck
3633,郑州西亚斯学院,999,不限选考科目,441,,visual_ocr_needs_spotcheck,119155,fujian_2025_physics_score_distribution_usable_v1,derived_from_score_distribution_needs_spotcheck
3634,中北大学,500,选考化学,566,,visual_ocr_needs_spotcheck,26736,fujian_2025_physics_score_distribution_usable_v1,derived_from_score_distribution_needs_spotcheck
3634,中北大学,999,不限选考科目,530,,visual_ocr_needs_spotcheck,47532,fujian_2025_physics_score_distribution_usable_v1,derived_from_score_distribution_needs_spotcheck
3635,中国传媒大学,500,选考化学,614,,visual_ocr_needs_spotcheck,8461,fujian_2025_physics_score_distribution_usable_v1,derived_from_score_distribution_needs_spotcheck
3635,中国传媒大学,999,不限选考科目,601,,visual_ocr_needs_spotcheck,12436,fujian_2025_physics_score_distribution_usable_v1,derived_from_score_distribution_needs_spotcheck
3636,中国传媒大学（艺术学门类）,999,不限选考科目,601,,visual_ocr_needs_spotcheck,12436,fujian_2025_physics_score_distribution_usable_v1,derived_from_score_distribution_needs_spotcheck
3639,中国传媒大学（中外合作2）,500,选考化学,574,,visual_ocr_needs_spotcheck,22981,fujian_2025_physics_score_distribution_usable_v1,derived_from_score_distribution_needs_spotcheck
3640,中国地质大学(北京),500,选考化学,592,,visual_ocr_needs_spotcheck,15507,fujian_2025_physics_score_distribution_usable_v1,derived_from_score_distribution_needs_spotcheck
3640,中国地质大学(北京),999,不限选考科目,591,,visual_ocr_needs_spotcheck,15883,fujian_2025_physics_score_distribution_usable_v1,derived_from_score_distribution_needs_spotcheck
3641,中国地质大学(武汉),500,选考化学,592,,visual_ocr_needs_spotcheck,15507,fujian_2025_physics_score_distribution_usable_v1,derived_from_score_distribution_needs_spotcheck
3642,中国地质大学(武汉)（中外合作1）,500,选考化学,584,,visual_ocr_needs_spotcheck,18650,fujian_2025_physics_score_distribution_usable_v1,derived_from_score_distribution_needs_spotcheck
3643,中国地质大学(武汉)（中外合作2）,500,选考化学,573,,visual_ocr_needs_spotcheck,23443,fujian_2025_physics_score_distribution_usable_v1,derived_from_score_distribution_needs_spotcheck
3644,中国地质大学(武汉)（中外合作3）,500,选考化学,590,,visual_ocr_needs_spotcheck,16253,fujian_2025_physics_score_distribution_usable_v1,derived_from_score_distribution_needs_spotcheck
3645,中国地质大学(武汉)（中外合作4）,500,选考化学,587,,visual_ocr_needs_spotcheck,17424,fujian_2025_physics_score_distribution_usable_v1,derived_from_score_distribution_needs_spotcheck
3646,中国海洋大学,500,选考化学,614,,visual_ocr_needs_spotcheck,8461,fujian_2025_physics_score_distribution_usable_v1,derived_from_score_distribution_needs_spotcheck
3646,中国海洋大学,999,不限选考科目,612,,visual_ocr_needs_spotcheck,9021,fujian_2025_physics_score_distribution_usable_v1,derived_from_score_distribution_needs_spotcheck
3647,中国海洋大学（中外合作1）,500,选考化学,614,,visual_ocr_needs_spotcheck,8461,fujian_2025_physics_score_distribution_usable_v1,derived_from_score_distribution_needs_spotcheck
3648,中国海洋大学（中外合作2）,500,选考化学,599,,visual_ocr_needs_spotcheck,13078,fujian_2025_physics_score_distribution_usable_v1,derived_from_score_distribution_needs_spotcheck
3649,中国海洋大学（中外合作3）,500,选考化学,609,,visual_ocr_needs_spotcheck,9900,fujian_2025_physics_score_distribution_usable_v1,derived_from_score_distribution_needs_spotcheck
3650,中国海洋大学（中外合作4）,500,选考化学,610,,visual_ocr_needs_spotcheck,9599,fujian_2025_physics_score_distribution_usable_v1,derived_from_score_distribution_needs_spotcheck
3652,中国计量大学,500,选考化学,590,,visual_ocr_needs_spotcheck,16253,fujian_2025_physics_score_distribution_usable_v1,derived_from_score_distribution_needs_spotcheck
3652,中国计量大学,999,不限选考科目,584,,visual_ocr_needs_spotcheck,18650,fujian_2025_physics_score_distribution_usable_v1,derived_from_score_distribution_needs_spotcheck
3653,中国计量大学现代科技学院,500,选考化学,494,,visual_ocr_needs_spotcheck,74485,fujian_2025_physics_score_distribution_usable_v1,derived_from_score_distribution_needs_spotcheck
3654,中国科学技术大学,500,选考化学,670,,visual_ocr_needs_spotcheck,458,fujian_2025_physics_score_distribution_usable_v1,derived_from_score_distribution_needs_spotcheck
3655,中国科学院大学,500,选考化学,671,,visual_ocr_needs_spotcheck,418,fujian_2025_physics_score_distribution_usable_v1,derived_from_score_distribution_needs_spotcheck
3656,中国矿业大学,500,选考化学,599,,visual_ocr_needs_spotcheck,13078,fujian_2025_physics_score_distribution_usable_v1,derived_from_score_distribution_needs_spotcheck
3656,中国矿业大学,999,不限选考科目,592,,visual_ocr_needs_spotcheck,15507,fujian_2025_physics_score_distribution_usable_v1,derived_from_score_distribution_needs_spotcheck
3657,中国矿业大学(中外合作1),500,选考化学,565,,visual_ocr_needs_spotcheck,27225,fujian_2025_physics_score_distribution_usable_v1,derived_from_score_distribution_needs_spotcheck
3658,中国矿业大学(中外合作2),500,选考化学,570,,visual_ocr_needs_spotcheck,24825,fujian_2025_physics_score_distribution_usable_v1,derived_from_score_distribution_needs_spotcheck
3659,中国矿业大学(北京),500,选考化学,594,,visual_ocr_needs_spotcheck,14801,fujian_2025_physics_score_distribution_usable_v1,derived_from_score_distribution_needs_spotcheck
3659,中国矿业大学(北京),999,不限选考科目,597,,visual_ocr_needs_spotcheck,13740,fujian_2025_physics_score_distribution_usable_v1,derived_from_score_distribution_needs_spotcheck
3660,中国劳动关系学院,500,选考化学,535,,visual_ocr_needs_spotcheck,44290,fujian_2025_physics_score_distribution_usable_v1,derived_from_score_distribution_needs_spotcheck
3660,中国劳动关系学院,999,不限选考科目,537,,visual_ocr_needs_spotcheck,43014,fujian_2025_physics_score_distribution_usable_v1,derived_from_score_distribution_needs_spotcheck
3661,中国美术学院,500,选考化学,586,,visual_ocr_needs_spotcheck,17831,fujian_2025_physics_score_distribution_usable_v1,derived_from_score_distribution_needs_spotcheck
3662,中国民航大学,500,选考化学,586,,visual_ocr_needs_spotcheck,17831,fujian_2025_physics_score_distribution_usable_v1,derived_from_score_distribution_needs_spotcheck
3662,中国民航大学,999,不限选考科目,580,,visual_ocr_needs_spotcheck,20313,fujian_2025_physics_score_distribution_usable_v1,derived_from_score_distribution_needs_spotcheck
3663,中国民用航空飞行学院,500,选考化学,559,,visual_ocr_needs_spotcheck,30293,fujian_2025_physics_score_distribution_usable_v1,derived_from_score_distribution_needs_spotcheck
3663,中国民用航空飞行学院,700,选考思想政治,539,,visual_ocr_needs_spotcheck,41729,fujian_2025_physics_score_distribution_usable_v1,derived_from_score_distribution_needs_spotcheck
3663,中国民用航空飞行学院,999,不限选考科目,538,,visual_ocr_needs_spotcheck,42366,fujian_2025_physics_score_distribution_usable_v1,derived_from_score_distribution_needs_spotcheck
3664,中国农业大学,500,选考化学,625,,visual_ocr_needs_spotcheck,5813,fujian_2025_physics_score_distribution_usable_v1,derived_from_score_distribution_needs_spotcheck
3665,中国农业大学(1+3模式),500,选考化学,599,,visual_ocr_needs_spotcheck,13078,fujian_2025_physics_score_distribution_usable_v1,derived_from_score_distribution_needs_spotcheck
3666,中国农业大学(中外合作),999,不限选考科目,602,,visual_ocr_needs_spotcheck,12115,fujian_2025_physics_score_distribution_usable_v1,derived_from_score_distribution_needs_spotcheck
3667,中国人民大学,500,选考化学,669,,visual_ocr_needs_spotcheck,495,fujian_2025_physics_score_distribution_usable_v1,derived_from_score_distribution_needs_spotcheck
3667,中国人民大学,999,不限选考科目,667,,visual_ocr_needs_spotcheck,577,fujian_2025_physics_score_distribution_usable_v1,derived_from_score_distribution_needs_spotcheck
3668,中国人民大学(苏州校区),500,选考化学,657,,visual_ocr_needs_spotcheck,1185,fujian_2025_physics_score_distribution_usable_v1,derived_from_score_distribution_needs_spotcheck
3669,中国人民大学(苏州校区)(中外合作),999,不限选考科目,630,,visual_ocr_needs_spotcheck,4805,fujian_2025_physics_score_distribution_usable_v1,derived_from_score_distribution_needs_spotcheck
3670,中国人民公安大学,999,不限选考科目,609,,visual_ocr_needs_spotcheck,9900,fujian_2025_physics_score_distribution_usable_v1,derived_from_score_distribution_needs_spotcheck
3673,中国人民警察大学,500,选考化学,539,,visual_ocr_needs_spotcheck,41729,fujian_2025_physics_score_distribution_usable_v1,derived_from_score_distribution_needs_spotcheck
3673,中国人民警察大学,700,选考思想政治,551,,visual_ocr_needs_spotcheck,34510,fujian_2025_physics_score_distribution_usable_v1,derived_from_score_distribution_needs_spotcheck
3673,中国人民警察大学,999,不限选考科目,544,,visual_ocr_needs_spotcheck,38598,fujian_2025_physics_score_distribution_usable_v1,derived_from_score_distribution_needs_spotcheck
3676,中国社会科学院大学,999,不限选考科目,611,,visual_ocr_needs_spotcheck,9314,fujian_2025_physics_score_distribution_usable_v1,derived_from_score_distribution_needs_spotcheck
3677,中国石油大学(北京),500,选考化学,604,,visual_ocr_needs_spotcheck,11461,fujian_2025_physics_score_distribution_usable_v1,derived_from_score_distribution_needs_spotcheck
3678,中国石油大学(北京)克拉玛依校区,500,选考化学,577,,visual_ocr_needs_spotcheck,21588,fujian_2025_physics_score_distribution_usable_v1,derived_from_score_distribution_needs_spotcheck
3678,中国石油大学(北京)克拉玛依校区,999,不限选考科目,576,,visual_ocr_needs_spotcheck,22059,fujian_2025_physics_score_distribution_usable_v1,derived_from_score_distribution_needs_spotcheck
3679,中国石油大学(华东),500,选考化学,600,,visual_ocr_needs_spotcheck,12735,fujian_2025_physics_score_distribution_usable_v1,derived_from_score_distribution_needs_spotcheck
3679,中国石油大学(华东),999,不限选考科目,591,,visual_ocr_needs_spotcheck,15883,fujian_2025_physics_score_distribution_usable_v1,derived_from_score_distribution_needs_spotcheck
3685,中国药科大学,500,选考化学,598,,visual_ocr_needs_spotcheck,13403,fujian_2025_physics_score_distribution_usable_v1,derived_from_score_distribution_needs_spotcheck
3686,中国药科大学(中外合作1),500,选考化学,586,,visual_ocr_needs_spotcheck,17831,fujian_2025_physics_score_distribution_usable_v1,derived_from_score_distribution_needs_spotcheck
3687,中国药科大学(中外合作2),500,选考化学,578,,visual_ocr_needs_spotcheck,21173,fujian_2025_physics_score_distribution_usable_v1,derived_from_score_distribution_needs_spotcheck
3688,中国医科大学,500,选考化学,575,,visual_ocr_needs_spotcheck,22544,fujian_2025_physics_score_distribution_usable_v1,derived_from_score_distribution_needs_spotcheck
3689,中国医科大学(临床5+3),500,选考化学,627,,visual_ocr_needs_spotcheck,5412,fujian_2025_physics_score_distribution_usable_v1,derived_from_score_distribution_needs_spotcheck
3690,中国医科大学(试验班),500,选考化学,609,,visual_ocr_needs_spotcheck,9900,fujian_2025_physics_score_distribution_usable_v1,derived_from_score_distribution_needs_spotcheck
3691,中国医科大学(中外合作),500,选考化学,499,,visual_ocr_needs_spotcheck,70339,fujian_2025_physics_score_distribution_usable_v1,derived_from_score_distribution_needs_spotcheck
3693,中国政法大学,999,不限选考科目,617,,visual_ocr_needs_spotcheck,7670,fujian_2025_physics_score_distribution_usable_v1,derived_from_score_distribution_needs_spotcheck
3695,中南财经政法大学,500,选考化学,611,,visual_ocr_needs_spotcheck,9314,fujian_2025_physics_score_distribution_usable_v1,derived_from_score_distribution_needs_spotcheck
3695,中南财经政法大学,999,不限选考科目,598,,visual_ocr_needs_spotcheck,13403,fujian_2025_physics_score_distribution_usable_v1,derived_from_score_distribution_needs_spotcheck
3698,中南财经政法大学(中外合作),500,选考化学,581,,visual_ocr_needs_spotcheck,19899,fujian_2025_physics_score_distribution_usable_v1,derived_from_score_distribution_needs_spotcheck
3698,中南财经政法大学(中外合作),999,不限选考科目,567,,visual_ocr_needs_spotcheck,26218,fujian_2025_physics_score_distribution_usable_v1,derived_from_score_distribution_needs_spotcheck
3699,中南大学,500,选考化学,624,,visual_ocr_needs_spotcheck,6019,fujian_2025_physics_score_distribution_usable_v1,derived_from_score_distribution_needs_spotcheck
3699,中南大学,516,选考化学且生物学,620,,visual_ocr_needs_spotcheck,6942,fujian_2025_physics_score_distribution_usable_v1,derived_from_score_distribution_needs_spotcheck
3701,中南大学(临床八年制),516,选考化学且生物学,659,,visual_ocr_needs_spotcheck,1024,fujian_2025_physics_score_distribution_usable_v1,derived_from_score_distribution_needs_spotcheck
3702,中南大学(中外合作1),500,选考化学,610,,visual_ocr_needs_spotcheck,9599,fujian_2025_physics_score_distribution_usable_v1,derived_from_score_distribution_needs_spotcheck
3703,中南大学(中外合作2),500,选考化学,600,,visual_ocr_needs_spotcheck,12735,fujian_2025_physics_score_distribution_usable_v1,derived_from_score_distribution_needs_spotcheck
3704,中南林业科技大学,500,选考化学,524,,visual_ocr_needs_spotcheck,51599,fujian_2025_physics_score_distribution_usable_v1,derived_from_score_distribution_needs_spotcheck
3704,中南林业科技大学,600,选考生物学,547,,visual_ocr_needs_spotcheck,36813,fujian_2025_physics_score_distribution_usable_v1,derived_from_score_distribution_needs_spotcheck
3704,中南林业科技大学,999,不限选考科目,524,,visual_ocr_needs_spotcheck,51599,fujian_2025_physics_score_distribution_usable_v1,derived_from_score_distribution_needs_spotcheck
3705,中南林业科技大学涉外学院,500,选考化学,485,,visual_ocr_needs_spotcheck,81945,fujian_2025_physics_score_distribution_usable_v1,derived_from_score_distribution_needs_spotcheck
3705,中南林业科技大学涉外学院,999,不限选考科目,481,,visual_ocr_needs_spotcheck,85345,fujian_2025_physics_score_distribution_usable_v1,derived_from_score_distribution_needs_spotcheck
3706,中南民族大学,500,选考化学,551,,visual_ocr_needs_spotcheck,34510,fujian_2025_physics_score_distribution_usable_v1,derived_from_score_distribution_needs_spotcheck
3706,中南民族大学,999,不限选考科目,551,,visual_ocr_needs_spotcheck,34510,fujian_2025_physics_score_distribution_usable_v1,derived_from_score_distribution_needs_spotcheck
3707,中山大学,500,选考化学,641,,visual_ocr_needs_spotcheck,2960,fujian_2025_physics_score_distribution_usable_v1,derived_from_score_distribution_needs_spotcheck
3707,中山大学,999,不限选考科目,632,,visual_ocr_needs_spotcheck,4442,fujian_2025_physics_score_distribution_usable_v1,derived_from_score_distribution_needs_spotcheck
3708,中山大学（医学类）,500,选考化学,645,,visual_ocr_needs_spotcheck,2412,fujian_2025_physics_score_distribution_usable_v1,derived_from_score_distribution_needs_spotcheck
3709,中央财经大学,500,选考化学,627,,visual_ocr_needs_spotcheck,5412,fujian_2025_physics_score_distribution_usable_v1,derived_from_score_distribution_needs_spotcheck
3709,中央财经大学,999,不限选考科目,623,,visual_ocr_needs_spotcheck,6240,fujian_2025_physics_score_distribution_usable_v1,derived_from_score_distribution_needs_spotcheck
3710,中央财经大学（中外合作）,999,不限选考科目,606,,visual_ocr_needs_spotcheck,10843,fujian_2025_physics_score_distribution_usable_v1,derived_from_score_distribution_needs_spotcheck
3711,中央美术学院,999,不限选考科目,601,,visual_ocr_needs_spotcheck,12436,fujian_2025_physics_score_distribution_usable_v1,derived_from_score_distribution_needs_spotcheck
3712,中央美术学院（中外合作）,999,不限选考科目,571,,visual_ocr_needs_spotcheck,24364,fujian_2025_physics_score_distribution_usable_v1,derived_from_score_distribution_needs_spotcheck
3713,中央民族大学,500,选考化学,615,,visual_ocr_needs_spotcheck,8194,fujian_2025_physics_score_distribution_usable_v1,derived_from_score_distribution_needs_spotcheck
3713,中央民族大学,999,不限选考科目,614,,visual_ocr_needs_spotcheck,8461,fujian_2025_physics_score_distribution_usable_v1,derived_from_score_distribution_needs_spotcheck
3714,中央民族大学（中外合作1）,500,选考化学,597,,visual_ocr_needs_spotcheck,13740,fujian_2025_physics_score_distribution_usable_v1,derived_from_score_distribution_needs_spotcheck
3715,中央民族大学（中外合作2）,500,选考化学,584,,visual_ocr_needs_spotcheck,18650,fujian_2025_physics_score_distribution_usable_v1,derived_from_score_distribution_needs_spotcheck
3719,中原工学院,500,选考化学,513,,visual_ocr_needs_spotcheck,59514,fujian_2025_physics_score_distribution_usable_v1,derived_from_score_distribution_needs_spotcheck
3719,中原工学院,999,不限选考科目,499,,visual_ocr_needs_spotcheck,70339,fujian_2025_physics_score_distribution_usable_v1,derived_from_score_distribution_needs_spotcheck
3720,周口师范学院,500,选考化学,486,,visual_ocr_needs_spotcheck,81079,fujian_2025_physics_score_distribution_usable_v1,derived_from_score_distribution_needs_spotcheck
3720,周口师范学院,600,选考生物学,492,,visual_ocr_needs_spotcheck,76112,fujian_2025_physics_score_distribution_usable_v1,derived_from_score_distribution_needs_spotcheck
3720,周口师范学院,999,不限选考科目,484,,visual_ocr_needs_spotcheck,82760,fujian_2025_physics_score_distribution_usable_v1,derived_from_score_distribution_needs_spotcheck
3721,周口师范学院（中外合作）,500,选考化学,448,,visual_ocr_needs_spotcheck,113439,fujian_2025_physics_score_distribution_usable_v1,derived_from_score_distribution_needs_spotcheck
3722,珠海科技学院,500,选考化学,487,,visual_ocr_needs_spotcheck,80259,fujian_2025_physics_score_distribution_usable_v1,derived_from_score_distribution_needs_spotcheck
3722,珠海科技学院,999,不限选考科目,477,,visual_ocr_needs_spotcheck,88668,fujian_2025_physics_score_distribution_usable_v1,derived_from_score_distribution_needs_spotcheck
3724,遵义医科大学,500,选考化学,517,,visual_ocr_needs_spotcheck,56618,fujian_2025_physics_score_distribution_usable_v1,derived_from_score_distribution_needs_spotcheck
3724,遵义医科大学,600,选考生物学,513,,visual_ocr_needs_spotcheck,59514,fujian_2025_physics_score_distribution_usable_v1,derived_from_score_distribution_needs_spotcheck
3724,遵义医科大学,999,不限选考科目,533,,visual_ocr_needs_spotcheck,45540,fujian_2025_physics_score_distribution_usable_v1,derived_from_score_distribution_needs_spotcheck
3725,遵义医科大学医学与科技学院,500,选考化学,507,,visual_ocr_needs_spotcheck,64125,fujian_2025_physics_score_distribution_usable_v1,derived_from_score_distribution_needs_spotcheck
